streak_length,missed_days_last_7,checkin_hour_avg,engagement_freq,days_since_last,goal_age_days,label
31,3,18,1.0,4,159,0
53,7,12,0.9428100987791611,15,98,0
47,1,22,0.6116546384350575,0,147,0
16,7,10,0.7367337137579847,8,39,0
26,0,19,0.3546263899851565,13,162,0
25,7,5,0.1180534269913684,7,193,0
23,0,13,0.7294540241221867,13,115,0
43,3,8,0.7227295438474088,12,136,0
19,5,10,0.6058970023876293,7,163,0
15,0,19,0.7731853795616118,4,95,0
25,4,23,0.7526483515012529,3,122,0
15,7,18,0.40176762266019844,15,42,1
22,1,4,0.8943019376809628,10,114,0
39,2,4,0.5679919158666759,10,54,0
3,0,8,0.5079473118173393,1,38,0
6,1,13,0.5625863084248349,0,78,0
8,5,19,0.38362116484485703,0,12,0
0,6,14,0.6497889446865007,0,40,0
63,3,5,1.0,1,61,0
14,3,8,0.4500670938463226,4,85,0
39,1,18,0.22877187609710792,5,167,0
11,3,18,0.8205463564453432,11,51,0
30,1,2,0.8335257556285518,3,135,0
50,7,5,0.291814609219085,13,52,0
9,3,18,0.015059232525360802,3,13,0
32,7,16,0.8919924067850784,6,116,0
27,2,14,0.7203662657666221,13,33,0
39,5,20,0.9788651808769744,11,119,0
53,4,13,0.8186919320125895,5,5,0
39,3,19,0.17445987136603716,9,107,0
61,0,18,0.7826950657187745,6,131,0
40,1,23,0.9093309382026727,1,119,0
39,6,7,0.860927717144325,0,47,0
54,3,8,0.8628801134956006,2,47,0
6,1,15,0.8444460503515511,0,21,0
18,3,18,0.6896645371757889,0,10,0
44,3,10,0.6804834433635643,6,45,0
55,6,22,0.031176439768857228,7,31,0
11,1,19,0.9139799752596723,11,32,0
34,3,20,0.6710585495166173,7,89,0
29,3,5,0.6283648495917096,5,44,0
28,2,5,0.7143887648107319,0,175,0
67,0,20,0.7231262435440914,3,130,0
20,3,23,1.0,6,143,0
42,4,7,0.8483690563529401,3,45,0
50,6,15,1.0,9,98,0
7,5,9,0.9209546513108613,4,168,0
19,1,12,0.6072995497472605,7,23,0
19,7,5,0.5503104107902252,12,114,0
35,2,5,0.5105821035349469,8,178,0
52,4,12,0.6902091190247717,7,53,0
64,1,6,0.500524373956559,8,168,0
33,0,6,1.0,3,136,0
55,3,7,1.0,11,8,0
45,1,22,0.3016243493118199,2,162,0
33,1,19,0.031402325861488736,10,94,0
49,5,10,0.36218029672194907,13,124,0
56,3,7,0.4911678420774567,0,152,0
56,7,8,0.9307903891105254,14,136,0
19,4,15,0.41405700003774437,13,99,0
21,0,20,0.8442037026636933,8,51,0
9,7,14,0.6813613534146418,6,30,0
50,7,19,0.2878162609679054,5,14,0
32,6,8,0.8382372978474533,0,20,0
4,2,10,0.295531563605667,2,71,0
29,4,6,0.4004939588325678,1,33,0
62,1,9,0.6418922726423734,6,137,0
40,3,7,0.9505116428013836,7,117,0
11,0,4,0.8092826102579044,11,116,0
7,0,19,0.6644213820653947,0,8,0
57,0,21,0.3997481435540576,6,92,0
27,0,21,0.2582381741962981,0,163,0
43,3,7,0.27635744368590903,8,165,0
49,7,16,1.0,9,114,0
30,6,9,0.4774104250701421,0,40,0
21,2,19,0.4731389515947486,2,73,0
44,7,16,1.0,15,144,0
18,1,12,0.9921500750265959,0,35,0
38,1,23,0.9724470247435155,10,186,0
49,2,9,0.5927277738917018,14,38,0
43,6,14,0.23804388290961148,5,150,0
19,2,16,0.5374593143768452,4,158,0
33,4,9,0.7375832479268791,10,93,0
24,5,16,0.96321861488243,2,150,0
29,4,6,0.37439358357371577,11,58,0
51,4,3,0.1920976031471513,0,169,0
49,0,18,1.0,11,175,0
6,2,16,0.99297514063503,4,130,0
16,7,18,0.3994754594270641,2,110,0
63,4,11,0.6539128465682293,6,150,0
17,5,10,0.8869888583920861,12,112,0
41,6,5,1.0,1,35,0
25,7,9,0.6477097154130557,12,100,0
5,0,6,0.7742973098954663,5,8,0
39,0,10,0.5778675345226014,0,135,0
3,0,10,1.0,3,1,0
39,4,18,0.3236493680564217,5,150,0
52,7,3,0.9422201741874852,7,109,0
48,0,11,0.5312204033114514,11,152,0
51,1,21,0.6801024705693762,16,165,0
30,2,23,0.3598097403054595,4,156,0
14,0,8,0.10644592742562659,8,168,0
21,0,10,0.7724309298944452,0,30,0
34,3,4,0.2221655026262854,0,99,0
30,1,7,0.3107795650908266,1,76,0
48,4,8,0.316315498486742,1,165,0
5,7,13,0.6096271801846262,5,54,0
23,6,21,0.13739790762183682,9,71,0
20,2,16,0.711960843907019,13,72,0
27,6,5,0.49476900144112823,13,39,0
38,3,6,0.8212446344320211,10,83,0
33,4,13,0.2192257610598511,0,35,0
51,2,13,0.5013509277642655,7,154,0
37,3,22,0.35294806327474404,13,96,0
46,0,5,0.48431797876712734,14,29,0
62,0,13,0.7839830202592089,11,154,0
6,1,6,0.7150414563926846,6,14,0
32,1,15,0.860233110243018,6,23,0
49,4,22,0.694470965495835,1,141,0
16,7,13,0.8273026239918986,7,175,0
12,0,4,0.5084289806812347,4,93,0
57,4,5,0.6173007360929809,0,171,0
42,6,8,0.804821539197633,1,36,0
12,5,9,1.0,12,33,0
24,4,15,0.8311393567510833,3,136,0
50,0,13,0.38753671624077873,11,156,0
45,3,5,0.696636732599454,11,150,0
20,3,9,0.49898548723952063,4,149,0
26,2,19,0.2576298161312274,12,95,0
12,0,23,0.7559144064382787,0,72,0
46,6,3,0.22746898745530306,4,186,0
29,2,10,0.4100381275684447,11,54,0
7,6,22,0.053087063802172554,7,53,0
68,4,8,0.37217464348844825,14,98,0
0,0,20,0.2137815882969297,0,103,0
28,0,17,0.6555808794882352,11,47,0
28,3,18,1.0,9,160,0
7,3,16,0.9679733672057018,7,177,0
42,3,6,0.49423891784603197,5,181,0
7,0,14,0.38068296452231853,0,129,0
24,0,17,0.0,7,7,0
9,4,10,0.8228887278401497,0,79,0
46,1,8,0.5562989633943592,16,153,0
14,2,22,0.12763427480834239,11,68,0
52,5,6,0.1258632985733656,3,143,0
9,0,5,0.22074063475048253,6,156,0
52,3,18,0.3424424629807531,6,103,0
14,0,21,0.7808081496233038,2,11,0
13,5,20,0.23445032077766392,12,102,0
54,4,18,0.741538670473899,13,143,0
24,1,8,0.5776418354688864,1,68,0
50,5,13,0.9133680758870943,1,8,0
57,0,13,0.8217539845314523,7,132,0
44,1,3,1.0,9,159,0
12,0,23,0.04827096342686249,12,71,0
7,5,10,0.924344884126596,4,158,0
23,1,10,0.35352194681913723,4,125,0
6,7,10,0.5681678462749704,6,70,0
32,3,6,0.9240524015924027,9,134,0
61,1,5,0.19453160652477205,12,115,0
38,4,23,0.3624484673567719,13,70,0
58,0,13,0.10539030453636125,13,50,0
52,1,10,0.9276861659037763,11,12,0
40,2,12,0.8480911108047944,7,83,0
2,5,21,0.19319800959981198,2,65,0
71,1,15,0.82693057556992,10,151,0
43,6,23,0.2084421539504459,0,93,0
37,3,3,0.8299238905492891,9,126,0
10,0,15,0.37147688783304267,10,124,0
7,5,11,0.31212750434713155,7,55,0
12,1,7,0.35491226205651843,7,176,0
10,7,7,0.943995763232549,4,42,0
38,0,5,0.990638391216337,0,38,0
55,4,16,0.2854889099998623,5,167,0
49,3,15,0.7511659066030073,3,138,0
35,4,20,0.8234278750177244,4,182,0
41,3,4,0.4693967654153638,3,124,0
24,0,7,0.5425418345298871,8,165,0
53,6,12,1.0,12,156,0
31,2,7,0.4154777670703714,9,52,0
55,7,10,1.0,10,160,0
56,0,13,1.0,15,36,0
9,3,13,0.8466663750615702,6,154,0
17,4,8,0.824418110054483,11,105,0
32,0,5,0.8249309954159977,3,125,0
47,1,17,0.5831593023942279,4,53,0
8,6,14,0.2361027792378974,7,168,0
27,7,7,0.9136030366576622,4,62,0
0,5,12,0.6793894393880886,0,73,0
43,3,23,0.3589926334138954,14,94,0
30,3,5,0.23043483033652687,12,38,0
3,0,5,0.5704155117626424,3,1,0
13,4,8,0.9196654246043532,10,169,0
26,4,21,0.34168531486923825,12,24,0
56,0,12,0.7428323701942058,12,134,0
44,2,21,0.27537303450902784,16,85,0
19,0,22,0.6545417457308877,12,88,0
59,3,15,0.03537685913169111,11,96,0
47,6,10,0.9472809387324068,2,41,0
7,0,16,1.0,5,110,0
47,7,4,1.0,0,168,0
46,4,2,0.7205015256537792,3,98,0
52,0,11,0.8455928135004668,8,135,0
48,0,12,0.791385192602822,7,84,0
33,1,21,0.9348790603589745,2,101,0
44,3,21,0.7814180039277488,6,37,0
43,1,8,0.7993871358797195,14,140,0
17,3,8,0.1305840095107431,11,80,0
22,0,21,0.60535998277027,14,148,0
6,4,22,0.45934186590825343,6,153,0
52,4,18,0.6148335265547191,3,148,0
8,7,11,0.5109016056560894,7,77,0
26,4,4,0.3141370382200066,12,53,0
28,6,10,1.0,4,48,0
62,0,11,0.7598384152877525,5,137,0
26,0,23,0.2378099120447109,5,142,0
21,7,21,0.5386296138353386,14,178,0
31,4,20,0.26715264677653605,5,92,0
44,0,17,0.826554825174138,13,64,0
35,3,19,0.9166445200225606,13,165,0
39,2,6,0.019577758914600257,11,146,0
36,3,7,0.8706068620164111,3,169,0
12,0,22,0.5294148607665452,10,93,0
26,2,23,1.0,3,170,0
9,0,12,0.9044460720371188,1,16,0
59,7,5,0.6325289664757942,2,156,0
1,0,22,0.7672258887201582,1,68,0
11,5,5,0.7462057451283818,11,22,0
42,7,7,0.2076678953328163,11,60,0
20,5,10,0.4923151499951068,2,99,0
46,6,10,0.9347860621096499,13,164,0
47,0,14,0.41549923040078707,0,153,0
51,1,10,0.7715450954736844,13,42,0
43,6,9,0.7993274972434281,2,45,0
14,0,22,0.16568844845634415,7,14,0
9,6,22,0.3138349939775308,6,138,0
25,0,18,0.7637696297131924,3,120,0
40,2,8,0.11185007229345591,11,130,0
26,7,12,0.7932518819272777,8,67,0
40,6,5,0.9006210280607968,11,78,0
46,4,12,0.6555561435047637,2,40,0
41,4,2,0.3539190377109619,13,164,0
8,0,18,0.5181228555388673,7,128,0
3,5,15,0.5727587921995886,3,35,0
36,6,15,0.24089248402778313,0,34,0
23,2,12,0.4284912551538921,13,68,0
11,1,13,0.6770771628245326,8,15,0
11,7,7,0.1487082742758752,11,93,1
36,3,7,0.5957961452858389,9,46,0
39,5,7,0.9275409391316661,0,154,0
37,0,15,0.29371618240400155,3,147,0
24,0,19,0.17065579383349858,5,60,0
58,1,9,0.6162109635645184,11,44,0
5,2,14,0.691776236402993,5,140,0
48,0,19,0.8822337827553561,12,33,0
43,3,8,0.23421930038799163,7,36,0
48,3,3,0.9618323620153119,0,75,0
10,7,5,0.4961127972467839,5,81,0
54,1,4,0.9772563298134942,13,1,0
30,7,11,0.8521495987754696,3,97,0
28,3,5,0.7436179324028147,11,62,0
12,4,7,0.2008148783523513,12,92,0
22,6,13,0.5349342620045118,2,121,0
36,3,22,1.0,7,136,0
20,4,21,0.8778543636556053,14,70,0
10,4,21,0.5249049938116683,0,135,0
43,4,19,0.7162945989957294,8,38,0
39,0,7,0.8636766785245655,4,122,0
20,5,13,0.5092088588800544,13,64,0
36,2,23,0.9734034010269305,10,179,0
22,0,15,0.6381811633755522,9,45,0
19,0,12,0.594051544017458,9,11,0
39,3,9,0.5887241007613828,0,53,0
55,3,8,0.5462171457798762,8,79,0
38,4,14,0.11850700824293997,0,26,0
39,5,13,0.13737176560310738,0,38,0
5,0,20,0.28596435528589953,3,93,0
30,2,15,1.0,2,165,0
54,4,8,0.6564251480253659,0,51,0
16,7,21,0.2622598307774672,16,127,1
2,2,17,1.0,2,116,0
48,1,8,0.5700812610490293,5,42,0
11,2,11,0.9936857632033701,2,115,0
38,7,21,0.38619698833737987,0,81,0
12,7,10,0.7769313143782758,12,103,0
32,5,19,0.8274324355834883,14,138,0
34,7,5,0.8143904553085007,4,12,0
27,7,6,0.9477973245142173,3,163,0
31,1,20,0.42774703740312686,8,108,0
36,0,19,0.8151752977008566,7,188,0
45,2,21,0.5585137810628731,10,109,0
19,3,23,0.6043190297248312,8,118,0
56,0,20,0.22577979857984584,15,72,0
43,0,15,0.8487815257647899,6,24,0
50,0,17,0.13123359884057642,14,105,0
3,2,17,0.1963323398044961,3,130,0
13,1,7,0.5531852330004674,9,125,0
50,5,7,0.6523519457342504,0,150,0
13,7,11,0.7231768188741141,4,50,0
30,0,17,0.6110187339415981,11,105,0
11,4,20,0.1415773158230899,10,127,0
37,1,20,0.50278916657539,7,167,0
20,1,19,0.949077343001768,3,139,0
18,4,17,0.7630368575440813,0,158,0
51,2,13,0.7257339561233829,5,127,0
26,4,20,0.4947963640942007,11,60,0
4,7,23,0.18760653632719446,4,55,0
57,2,7,0.4274919043850197,10,51,0
3,2,16,0.49853731226798403,1,124,0
45,5,20,0.16408003039488203,17,65,0
50,3,15,0.0816590844848463,6,170,0
23,5,4,0.06591687106629014,12,57,0
10,5,8,0.061948210699039996,10,97,0
19,5,1,0.0,9,96,0
28,3,8,0.4556257121598559,3,75,0
62,3,7,0.32673683672899,8,38,0
46,4,5,0.2759460501771879,10,28,0
41,6,5,0.7488294546871153,0,131,0
17,7,20,0.7499209398510598,5,145,0
55,1,11,0.3282177470501545,16,77,0
49,5,17,0.7458294574784419,14,143,0
62,1,13,0.8810176036459457,9,128,0
10,0,20,0.2643624604733574,8,21,0
43,2,22,0.7745202487184626,0,149,0
17,0,16,0.32276837169414574,17,32,0
22,6,13,0.36394073640128877,9,50,0
41,6,3,0.06676288759804833,6,76,0
16,3,4,0.967985241263307,6,46,0
13,0,13,0.3628508457061942,5,166,0
30,3,23,0.3548490249083922,10,29,0
13,0,20,0.3210586409630921,13,131,0
30,0,23,0.2813150649476237,11,158,0
15,2,23,0.14946111031768564,15,72,0
62,0,12,0.9785395180119337,9,135,0
37,7,10,0.8316666406011093,8,119,0
29,2,17,0.753843096147797,12,55,0
60,4,5,1.0,1,54,0
54,2,4,0.8596893850399215,0,164,0
20,3,18,0.9506966982207712,12,41,0
47,4,4,0.9213481914744177,9,111,0
52,0,23,0.716800563899058,5,42,0
49,3,10,0.3192234437519919,8,124,0
16,5,8,0.6890231749301334,16,113,0
30,0,7,0.8926473285198836,4,96,0
37,2,21,0.8422885989953691,9,157,0
29,5,10,0.505098139663692,2,162,0
26,7,20,0.8350482935094953,5,132,0
29,7,6,0.8191529192653568,0,11,0
60,3,21,0.6034937941814865,5,99,0
44,6,15,0.8791872276907431,10,22,0
61,1,14,0.818085706472863,11,112,0
63,1,5,0.9825433323834024,11,7,0
59,2,19,0.6795540531190157,11,150,0
6,3,19,0.28518800374201636,6,118,0
26,4,12,0.34156956642204483,7,159,0
31,7,19,0.9823312659885619,14,187,0
34,3,18,0.9428578709081238,11,139,0
64,4,23,0.7142366939554753,11,167,0
55,2,8,0.622149784102837,12,33,0
5,5,22,0.15267783012797348,5,63,0
39,7,21,0.2779311647016488,0,97,0
9,5,6,0.8304795451501885,6,30,0
45,6,19,0.2859266304014305,11,167,0
58,1,5,0.5817724302814351,9,44,0
20,2,19,1.0,10,176,0
46,0,23,0.942416268452418,0,127,0
61,3,13,0.017172981529227666,9,51,0
5,2,20,0.27003689804563147,0,106,0
48,1,8,0.0026910283490987896,1,81,0
38,5,3,0.10959442689155896,13,153,0
39,5,4,0.5366640440318575,3,123,0
29,3,20,0.6720661520981948,12,54,0
14,0,4,0.5594425589128327,11,148,0
30,5,13,0.8385569564625732,8,43,0
7,1,12,0.9179836453840049,1,107,0
63,3,12,0.005100392980134552,11,58,0
48,7,7,0.2361967848892176,14,38,0
27,1,17,0.8783111743713697,12,145,0
32,2,4,0.8556372441816683,9,153,0
13,2,16,0.8909415285967585,2,36,0
50,1,9,0.3667967731344435,6,150,0
31,4,11,0.44370810667308747,4,159,0
32,2,9,0.3731659591886769,7,56,0
41,7,6,0.8980832505485741,0,46,0
29,0,16,0.6627227562494912,11,123,0
61,7,23,1.0,10,176,0
16,3,19,0.32663323193560945,10,140,0
32,2,5,0.6888297517704265,11,53,0
5,3,15,1.0,1,104,0
63,3,8,0.6282902341308706,7,29,0
35,3,20,0.9484594250234967,10,183,0
38,1,23,0.8581566997747392,12,136,0
21,0,3,0.38701922491022417,6,154,0
44,2,4,0.5123846401757055,5,113,0
47,4,13,0.37217146872906853,13,41,0
32,2,18,0.8630001481583932,9,158,0
22,7,22,0.894873683806236,2,151,0
50,0,4,0.6679037573458185,5,40,0
4,3,15,0.6373926836230406,0,76,0
13,0,9,0.0015341415442419598,7,96,0
58,5,16,0.2402612955082878,11,21,0
44,0,12,0.5878980996600476,6,129,0
35,3,4,0.7819161805327424,10,148,0
48,6,13,0.2686763401748579,12,75,0
10,7,16,0.3643288802680975,0,53,0
25,5,19,0.7731053222251201,3,119,0
43,0,23,0.8456779553867604,12,163,0
46,3,9,0.56584039295286,3,154,0
49,2,10,0.4850303196665983,7,138,0
61,4,18,0.4647512721176336,5,2,0
17,2,2,0.44304748481906314,4,159,0
23,0,14,0.6782065766734265,13,104,0
63,2,7,0.9695991469210711,1,42,0
35,7,3,0.31927675842419645,12,42,0
61,4,14,0.2556035889185041,12,53,0
0,4,10,0.6898718004776974,0,72,0
19,5,7,0.41984207683630065,2,182,0
28,0,11,0.23541849936124282,2,71,0
16,2,12,0.6869009276698437,12,31,0
59,7,16,0.11612848404396073,9,22,0
23,7,12,0.7919247734398295,1,117,0
12,0,18,0.9494531965734884,5,61,0
58,2,19,0.38287123286574026,14,81,0
41,5,11,0.24932851843969156,11,41,0
65,0,23,0.061369005391855025,11,111,0
21,6,15,0.8188612296027217,7,94,0
37,7,3,0.9208857843839573,3,141,0
42,1,23,0.9020318009065371,8,122,0
8,7,6,0.26360610050515626,8,68,1
10,1,14,0.7629133334446454,7,68,0
32,6,5,0.11934204929263287,11,45,0
11,0,21,0.0,10,6,0
7,5,7,0.48069234373799496,3,83,0
28,1,10,0.21804335172703154,0,78,0
36,4,3,0.5252655921740634,12,51,0
1,6,6,0.09746143582374361,1,59,0
10,5,12,0.9101411504398781,6,159,0
44,4,9,0.4852631321666024,7,177,0
54,3,12,0.13718751577364893,11,33,0
12,0,7,0.5686573611635272,7,190,0
37,0,3,0.6794671932090488,9,49,0
46,3,15,0.06607620507920647,13,48,0
10,0,7,0.6375853561932797,8,112,0
33,6,4,0.39769901098493027,14,46,0
39,1,16,0.6193283990787064,10,146,0
32,6,17,0.7790702356115831,7,118,0
52,5,12,0.990448498806761,7,157,0
11,7,20,0.12264274054088233,5,56,0
44,1,20,0.1677201640408685,12,87,0
34,2,10,0.7894506569692566,9,48,0
9,4,9,1.0,9,48,0
32,2,5,0.4833258516347032,10,57,0
43,4,20,0.3107213241655134,9,109,0
19,3,22,0.7012405060005275,12,65,0
28,2,21,0.3425818767419979,9,97,0
25,5,21,0.658459066029413,10,91,0
3,2,23,0.22866496246467122,3,108,0
59,0,8,1.0,3,49,0
41,6,23,0.9439635719935439,9,40,0
17,5,14,0.4872646537110796,10,11,0
34,3,6,1.0,4,168,0
14,2,3,0.8306683894119968,12,34,0
52,1,13,0.6585731884964585,3,82,0
25,6,4,0.8313303747523647,3,27,0
8,6,15,0.0941608824192206,6,159,0
53,1,10,0.8467186937324992,14,13,0
41,7,5,0.3507191940069993,3,180,0
52,7,6,0.08879501877578645,5,142,0
40,7,10,0.19600969151029451,0,28,0
49,4,14,0.7497841886222933,13,142,0
20,0,22,0.3007928124514276,12,9,0
62,2,6,0.46194403275229534,6,161,0
39,1,12,0.6942260886609964,13,133,0
25,0,23,0.3660163254326813,10,83,0
29,4,7,0.7443971688003727,2,172,0
38,4,15,0.7089186071562358,6,140,0
30,0,10,0.33966116599591417,3,70,0
29,4,12,0.4297418169360349,4,74,0
12,1,6,1.0,10,94,0
47,2,18,0.8465122679301087,5,44,0
10,2,11,0.5556349576478934,10,160,0
19,4,9,0.8265872696517012,0,43,0
27,0,11,0.0,0,87,0
26,7,19,0.44363807902638364,13,26,0
56,1,5,0.6704324743493737,9,177,0
39,5,16,0.6389747832886952,5,98,0
12,4,5,0.6457459310823725,12,12,0
9,2,7,0.747415846623687,9,11,0
16,3,19,0.5016578051731712,8,131,0
9,6,8,0.7524856751311976,8,67,0
32,1,20,0.42096879531794257,14,151,0
26,2,10,0.16153835753423462,4,85,0
51,0,16,0.48350591772351964,6,46,0
49,3,22,0.6266901666672307,4,143,0
29,0,10,0.018008267149661097,6,87,0
13,0,18,0.8643291303655579,12,59,0
52,1,8,0.5552349358786199,1,102,0
51,3,10,0.9273296189302818,1,22,0
13,4,7,0.1456013093645703,11,60,0
10,7,8,0.9303457383650667,10,50,0
29,5,15,0.738842021774144,2,146,0
36,6,4,0.9422815126674173,0,167,0
6,7,13,0.2753612619362426,6,160,0
50,0,15,0.5770267657333495,7,140,0
65,1,8,0.8831116243388528,11,23,0
60,1,10,0.6751563835442145,5,155,0
56,2,18,0.7481925200776326,1,129,0
9,5,5,1.0,9,37,0
7,6,12,0.6981502034388247,7,54,0
51,0,13,0.7425821624970768,14,44,0
41,5,12,0.9994713569657887,14,124,0
22,3,17,0.9879542278124351,0,161,0
9,4,16,0.7999192607966449,9,144,0
46,5,8,0.2161149075132308,12,46,0
58,2,13,0.6372314107662176,10,135,0
43,1,21,0.6681733547922369,3,140,0
68,0,12,0.6853382777523268,17,57,0
35,0,17,0.6991749739935287,6,188,0
52,1,18,0.7830131661480036,0,144,0
47,5,8,0.13916624030952862,2,149,0
3,0,4,0.5497430532841919,3,24,0
45,0,15,0.20111293806354524,0,146,0
34,1,19,0.9858987212983205,10,117,0
11,6,12,0.9957595707839203,5,145,0
11,7,5,0.049520174913022685,9,94,1
9,7,7,0.48147649794419556,9,168,0
61,0,20,0.46865936502721434,5,150,0
4,0,11,0.19443497499622342,3,163,0
17,7,22,0.5424734219119025,13,96,0
63,4,23,0.1632688110230932,7,19,0
12,2,17,0.15555159952608397,6,128,0
13,4,15,0.45073601282895603,13,32,0
36,5,7,0.05113578770932012,11,58,0
49,1,8,0.5551155824271128,5,45,0
68,0,2,0.6354971652141032,0,139,0
46,5,19,0.4538391212454631,12,93,0
6,0,10,0.9076859703454909,1,105,0
15,3,8,1.0,12,88,0
38,2,7,0.6713266943679236,5,53,0
48,5,8,0.4602059371925518,13,123,0
41,7,2,0.11737513840631272,4,149,0
17,3,21,0.534014142043715,11,18,0
41,7,23,0.54725155627149,7,158,0
26,7,13,0.5051312817609941,0,30,0
51,0,4,0.3495787482229914,0,70,0
17,3,23,0.7602195813654468,17,78,0
32,2,10,0.6389318132085722,9,66,0
20,5,17,0.585858303416075,2,123,0
28,7,14,0.9919767936246415,6,116,0
39,1,19,0.7932828601640085,1,107,0
24,7,21,0.4462130158281265,12,185,0
24,0,22,0.664230930393983,11,111,0
43,0,10,0.9006210718317805,6,82,0
8,5,12,0.7604136558748557,3,59,0
29,0,21,0.1795684155800037,12,153,0
37,0,17,0.35479510113604773,0,132,0
10,1,12,0.7450131474650302,10,114,0
16,4,16,0.30318964850345953,4,127,0
59,7,23,0.1783536265779101,4,15,0
16,0,14,0.4600010162277083,13,6,0
37,3,15,0.5879003417300779,6,125,0
19,5,10,0.5302353100837525,5,161,0
7,7,23,0.16387674001349187,6,67,0
49,0,18,0.5057844249071874,4,144,0
21,2,19,0.7941288177199737,2,114,0
14,3,3,0.5742368232287949,14,1,0
32,3,4,0.6282557628591801,11,68,0
28,3,15,0.32569077446085537,8,128,0
14,7,17,0.4558963539811774,11,44,0
12,5,14,0.2953008478317772,12,20,0
46,1,11,0.6741942423358924,5,150,0
12,2,23,0.42935079852523983,9,97,0
41,0,18,1.0,14,37,0
32,0,7,0.30098580778582396,2,89,0
49,0,8,0.7320881303201415,6,85,0
58,5,16,0.3866641640629944,12,112,0
6,7,5,0.7117236546411618,6,64,0
58,0,5,0.9682919084926445,12,10,0
29,5,8,0.421733103210565,4,154,0
14,7,11,0.6222964143227573,11,47,0
47,7,7,0.8710361246496529,0,166,0
15,1,20,0.2980440782923212,15,16,0
9,3,19,0.640401814258904,0,119,0
66,4,18,0.4473658959981438,9,1,0
15,1,15,0.6407082393708897,1,28,0
20,4,13,0.5447482708283541,4,159,0
22,1,14,0.9027672845979869,11,44,0
51,0,19,0.23964217661427697,15,94,0
17,7,6,0.8816021299601847,7,30,0
21,1,5,0.9012040927732102,0,36,0
20,7,12,0.9465757072161989,4,148,0
5,3,13,0.632166120163832,5,62,0
23,0,16,0.5840409788920664,10,98,0
2,0,15,0.8389946887538988,2,125,0
13,5,20,0.44045982279741097,13,89,0
46,3,16,0.2939333604629264,2,144,0
25,0,5,0.9813501190343453,1,22,0
33,5,17,1.0,7,138,0
48,4,8,0.4661111719918487,9,168,0
15,2,16,0.8565118009593499,3,103,0
65,7,23,0.9141858151157223,9,176,0
2,1,20,0.658608287753756,2,82,0
15,5,9,0.09791832186386536,4,93,0
27,0,5,0.4363053614451574,4,124,0
0,6,10,0.4237639783728998,0,70,0
34,0,13,0.15738124510812881,0,92,0
18,0,20,0.8070214911802279,12,165,0
23,0,18,0.07137413171486119,11,5,0
5,1,17,0.9084058450333773,4,12,0
8,4,10,0.5973975593141941,4,54,0
31,6,3,1.0,4,139,0
54,0,9,0.7467785903736769,8,84,0
25,1,15,0.8408691305485629,0,41,0
12,1,21,0.7224437853759719,0,27,0
13,6,9,0.6912880665841356,5,55,0
3,7,23,0.3544149882986656,1,57,0
11,0,18,0.5824918307527764,9,135,0
41,0,16,1.0,15,182,0
20,5,11,0.18784162104133548,6,123,0
12,0,14,0.7997198698419122,0,65,0
19,3,23,0.5764170872686647,9,93,0
22,2,15,0.7623126345896938,14,35,0
36,7,20,0.3365684969861565,0,78,0
42,0,15,0.5079473884601708,7,154,0
19,1,3,0.6759501209153265,12,55,0
64,0,9,0.9132291619207591,13,59,0
29,4,21,0.4579658787288759,11,103,0
62,1,6,0.3779049848673656,7,45,0
8,7,2,0.5305657080204385,8,66,0
41,6,7,0.7803290980103301,7,84,0
17,3,10,0.6380494323813553,17,71,0
31,1,10,0.45053324162480807,0,51,0
15,7,9,0.6340269123756147,12,104,0
65,5,18,0.3898150197908502,8,1,0
40,7,3,0.38949040169206284,0,28,0
54,0,20,0.2652073982849481,15,101,0
49,0,16,0.7803412053260983,12,36,0
49,0,3,0.77804049253238,4,163,0
16,4,16,0.15681507036104692,16,101,0
44,0,11,0.5647146611075948,7,101,0
54,5,16,0.21147609265866182,8,53,0
54,0,22,0.820494689846226,6,133,0
26,1,14,0.20979503835581786,4,75,0
32,2,23,0.6723915769710618,15,42,0
14,2,4,0.7537313372264044,14,15,0
36,0,20,0.6648271733740172,10,85,0
27,0,23,0.4407287560279858,8,57,0
12,4,21,0.969664358990053,10,29,0
2,0,21,0.48597946045148666,0,92,0
46,7,9,0.5322507171023294,0,158,0
16,7,21,0.7235648243711287,3,158,0
43,3,20,0.7019766738361972,11,42,0
28,6,8,1.0,3,145,0
11,0,12,0.8610241654567916,6,13,0
19,5,19,0.9158478865953535,0,1,0
37,2,3,0.0893685937242028,0,65,0
14,7,13,0.5912171325097001,1,116,0
55,4,11,0.6517101100986054,1,49,0
65,3,19,0.37064924258242676,7,6,0
0,5,15,0.41194951119652107,0,43,0
47,4,4,0.9285723405673241,6,138,0
19,7,16,0.8921298976081383,2,122,0
38,5,4,1.0,1,138,0
60,5,5,1.0,0,39,0
36,3,21,0.33578115642949197,2,138,0
22,2,20,0.5766524220512272,13,105,0
53,3,17,0.5357467133857073,7,21,0
36,6,5,0.6722408819512101,6,69,0
46,0,5,0.8931166504855184,0,80,0
58,1,9,0.3989854631768227,11,50,0
22,3,6,0.14663500261385165,2,90,0
38,0,16,0.31359530859883944,1,133,0
49,7,14,0.9356453896029568,15,117,0
22,7,2,0.9414150038522225,7,39,0
7,0,16,0.24666507655206,7,99,0
6,0,2,0.718413961091128,6,1,0
16,0,15,0.5930255155731,9,27,0
20,0,23,0.2840926659807026,7,61,0
53,6,17,0.524034728272336,3,7,0
58,5,18,0.9992336070458263,11,174,0
10,0,17,0.7692871728562446,0,33,0
48,0,7,0.9967498442885088,10,1,0
50,0,10,0.4974685525319301,4,154,0
40,1,4,0.14223024769328613,0,101,0
17,2,9,0.36377764032499593,10,165,0
22,1,20,0.7271741665883942,3,73,0
18,1,23,0.9709672976796743,5,130,0
22,2,4,0.5082537920608023,4,92,0
31,2,7,0.2072349882930179,8,157,0
24,7,12,0.5765047326478853,4,168,0
52,2,10,1.0,0,75,0
44,5,15,0.2897081183101388,8,152,0
13,1,14,0.942661661411287,6,7,0
25,7,23,0.36245292882989916,11,179,0
50,1,10,1.0,0,68,0
31,2,11,0.4314041542106111,1,74,0
18,4,16,0.6209281757449003,10,51,0
15,1,17,0.9872475192161295,11,33,0
48,0,23,0.44728715937081576,5,95,0
15,0,12,0.8596641063172179,15,33,0
39,2,17,0.3903210911042023,4,151,0
53,3,16,1.0,5,18,0
55,6,19,0.5299036811651365,4,86,0
27,3,17,0.22596916907415268,9,127,0
7,0,16,0.9143081469214493,0,76,0
3,0,19,0.6663011299710212,3,63,0
21,5,22,0.3016183863126909,14,55,0
9,7,14,0.7876923484363165,7,176,0
37,2,8,0.23265095421788698,7,147,0
36,2,0,0.2308772604686103,0,84,0
20,0,18,0.18238025429208923,7,15,0
27,7,10,1.0,3,23,0
7,7,8,0.967443373785084,7,160,0
1,3,15,0.5227288126062136,1,40,0
43,7,4,0.9553606770475135,0,167,0
11,1,12,0.7828804677279049,10,110,0
0,0,22,0.8454166485835607,0,15,0
13,1,5,0.33732118135599465,6,101,0
22,6,14,0.8306934140276369,8,166,0
44,0,17,0.5091631472736604,6,65,0
54,4,20,0.037777894579238,7,4,0
23,0,23,0.9136750411203667,13,42,0
40,5,8,1.0,11,157,0
22,1,22,0.7399880091392984,13,103,0
11,1,10,0.5479619740585878,11,169,0
55,0,17,0.692466407225746,3,128,0
30,2,6,0.4724916111084796,9,65,0
52,6,23,0.56810395751195,6,117,0
43,2,12,0.6329712843078649,8,31,0
4,5,16,0.49545128430993807,1,38,0
42,6,10,0.8447813488278183,1,21,0
17,6,9,0.40579923868481615,10,152,0
42,3,21,0.9078822569478142,10,53,0
14,4,23,0.5341248005715141,10,109,0
22,7,2,0.9498477089995054,12,63,0
46,6,16,0.10069553872073334,7,168,0
34,1,7,0.5539036632027039,12,50,0
23,0,17,0.2996924217548941,0,168,0
41,0,1,0.9191003277438728,3,126,0
25,1,5,0.5234071009345385,7,141,0
39,7,10,0.662814818273185,6,25,0
41,2,17,0.8164471707356039,9,44,0
6,3,12,0.8994278739626169,0,111,0
10,3,5,0.39074612166860523,7,158,0
57,0,8,0.9559995139747913,12,9,0
24,6,8,0.8090748612890749,11,65,0
2,3,9,0.5668312678014814,2,58,0
39,3,5,0.1908437815210487,12,50,0
60,2,19,0.9060201844054582,14,153,0
55,3,13,0.7530974754402603,2,145,0
23,1,7,0.1894176955491557,3,96,0
38,0,19,0.5610831562137346,1,59,0
61,0,4,0.42690471972696165,2,79,0
21,0,3,0.9420684112769228,13,120,0
42,2,17,0.19579821253922866,0,141,0
24,3,21,0.8090900485315752,4,138,0
4,0,14,1.0,4,31,0
52,2,21,0.6959907524466518,5,142,0
21,7,20,0.4879820345720554,14,15,0
27,5,5,0.6824661216985196,11,88,0
48,3,14,0.3844076749974532,5,151,0
10,6,10,0.9770380061717966,9,45,0
33,7,8,1.0,3,48,0
43,6,23,0.2152178715191938,1,67,0
49,2,6,0.48210712230973013,13,42,0
22,0,23,0.5163432123109981,12,76,0
3,4,19,0.3206982272405139,3,139,0
17,5,14,0.7949636066080222,6,191,0
22,4,18,0.5446336354630968,13,100,0
64,1,12,0.621326478441315,8,150,0
44,7,12,1.0,3,99,0
59,7,7,0.23189125912793035,2,148,0
5,4,5,0.1969057669241931,4,169,0
22,1,9,0.2830935706298656,5,71,0
15,0,2,1.0,0,14,0
39,0,6,0.9180684150036305,0,127,0
8,1,16,0.41291444043711006,4,103,0
36,3,20,0.39068452099654616,5,97,0
15,0,18,0.154578415591282,15,116,0
57,0,6,0.45282254094507074,6,80,0
47,6,7,0.8437764150172086,7,127,0
58,0,12,0.9066957646101964,9,121,0
29,0,15,0.6179774886617186,10,97,0
34,5,2,0.0,15,36,0
49,2,0,1.0,0,79,0
20,7,15,0.8957073507260199,9,107,0
16,5,19,0.8638826526634078,0,147,0
51,4,15,0.54979419086032,5,19,0
56,2,16,0.7965692087064855,8,135,0
40,7,17,0.49711935769732973,7,110,0
67,6,19,0.958717519043858,4,164,0
31,0,16,0.5635128380468319,13,35,0
29,5,13,0.04632199495606534,0,44,0
32,3,13,0.004265152084402063,2,67,0
22,7,6,0.19944934387829094,16,51,0
11,5,8,0.5167086675994208,5,92,0
46,7,19,0.479576715350866,11,106,0
8,3,8,0.20560835785396153,8,96,0
43,7,21,0.03780031793884295,0,79,0
16,5,16,0.3577391800441571,13,110,0
57,4,8,0.48600930996346964,0,149,0
34,1,20,0.46976818125909503,8,106,0
2,0,22,0.592111207772917,0,141,0
14,6,19,0.30607627905550666,2,16,0
27,0,23,0.18564686320294868,12,141,0
12,2,18,0.6369330676202901,11,150,0
24,4,4,0.6453473417345984,10,45,0
3,0,18,0.5015604626587955,3,133,0
35,1,5,0.8211905898026337,6,172,0
52,0,2,0.8199826620425523,0,160,0
1,7,7,0.20092251618851295,0,61,0
22,1,20,0.7816180548653716,2,136,0
5,6,6,0.5373945518331161,3,74,0
45,0,16,0.9236210812815424,9,38,0
22,1,23,0.5816356465385684,15,62,0
19,0,11,0.8013704620051553,13,38,0
15,5,9,0.7250015259287399,12,105,0
22,0,21,1.0,15,13,0
31,1,8,0.9211170539665687,3,14,0
54,5,9,0.7091531047695584,0,49,0
8,6,13,0.8051962193010253,8,41,0
51,0,14,0.7600965662328032,9,120,0
18,7,14,0.5198308929573792,12,91,0
27,4,17,0.7578644586172334,9,54,0
7,0,3,0.6543352725641897,7,1,0
52,5,13,0.33470080954102616,11,111,0
17,0,6,0.7287679547242083,12,13,0
2,1,15,1.0,2,191,0
31,5,21,0.9325448150268737,12,144,0
52,0,19,0.9315123139669037,11,39,0
20,4,22,0.5619919079887756,8,92,0
58,4,15,0.6494796096905063,5,87,0
12,0,21,0.8094414536442686,12,36,0
28,0,21,0.44381782805491976,7,77,0
8,0,19,0.9902106243781491,0,93,0
12,7,11,0.7795976891422929,5,176,0
56,2,23,0.4652295401588374,5,110,0
20,4,21,0.4273667348160285,11,19,0
11,4,2,0.6940086088698225,11,28,0
53,3,6,0.6211292128675571,7,60,0
43,5,16,0.28006893675361233,13,124,0
8,4,22,0.5903666689789067,8,123,0
59,4,19,0.7849057204789904,12,152,0
38,4,13,0.1802940493241623,0,19,0
36,1,22,0.9472709604977498,5,105,0
26,0,12,0.6587616259343184,9,13,0
15,0,19,0.4011790987665278,15,148,0
6,1,17,0.3387793362553198,4,108,0
5,0,18,0.38449613328022686,4,107,0
30,4,11,0.6181137010629905,17,55,0
12,1,14,0.6993255427240721,9,76,0
40,1,11,0.6002963803161077,10,158,0
41,7,6,0.3776298067246546,0,52,0
17,2,19,0.5902793182704261,17,151,0
3,0,23,0.470935146492679,0,119,0
12,3,22,0.0911295403746544,12,76,0
42,3,21,0.7818048355341045,10,185,0
43,5,12,1.0,12,118,0
61,0,15,0.061593555552798177,12,64,0
44,5,2,0.12490865500906748,11,118,0
39,2,5,0.7233900436402225,10,46,0
13,0,20,0.2783153493640774,13,18,0
53,4,9,0.3004756002834947,14,108,0
50,7,11,0.8697797313858874,12,160,0
33,0,17,0.09387217490059205,9,105,0
46,7,8,0.9073366547687066,0,168,0
29,3,4,0.8392049220774398,13,41,0
18,5,15,0.331475716058066,14,108,0
9,6,11,1.0,9,53,0
5,7,12,0.4352795512145123,0,52,0
16,0,18,0.0632615698233385,13,150,0
34,0,20,0.48073645547645333,7,96,0
25,2,8,0.058024837180933,3,74,0
25,1,8,0.2502930656598668,4,74,0
36,3,21,0.4289861450297442,6,82,0
6,1,14,0.9173067905240699,6,186,0
15,3,18,0.9258033156904459,12,34,0
30,2,8,1.0,9,141,0
1,6,16,0.7453216236394238,0,55,0
11,2,12,0.9366550665017432,5,171,0
4,0,12,1.0,0,1,0
41,0,14,0.6322440841263361,9,156,0
43,7,19,0.46946992776533825,11,96,0
52,1,4,0.3666458239286732,0,97,0
47,1,22,0.9537758054598362,13,169,0
12,0,8,0.48479738673810113,12,111,0
32,2,4,0.9512228256037786,3,182,0
51,0,16,0.8937432113586316,14,163,0
64,2,10,1.0,10,138,0
12,3,4,0.8051554437266489,12,13,0
32,5,7,0.7666782308682771,7,64,0
57,3,20,0.7380810245613596,3,140,0
55,0,20,0.5160553511532928,12,33,0
56,0,2,0.9354107048883643,1,130,0
53,0,16,0.15972957222596085,13,88,0
16,3,16,0.15929075266095255,16,95,0
57,1,11,0.35083852203922794,6,74,0
27,1,6,0.41869571150974133,6,67,0
55,4,8,0.4987872648296615,0,24,0
20,3,16,0.7298665605302848,0,155,0
31,3,11,0.7473005901153915,8,185,0
19,2,16,0.46517665785557827,12,8,0
14,6,6,0.08796939404803526,10,94,0
11,2,12,0.3492847684684331,11,59,0
57,0,19,0.7852117001254034,11,63,0
47,3,21,0.8712246500635772,7,26,0
40,0,18,0.7460132290329087,11,56,0
20,0,13,0.8532869369326622,0,37,0
44,7,19,0.6683510685989039,6,136,0
15,1,4,0.3726005551032814,4,115,0
22,5,14,0.734775654739153,10,166,0
39,7,13,0.7122422563812648,11,169,0
33,4,2,0.16424289601233694,14,55,0
9,1,16,0.8005400543065101,5,188,0
23,1,7,0.6786041498956655,11,60,0
8,0,12,0.9102732223274748,7,7,0
14,5,17,0.2688607948596079,12,96,0
18,2,2,0.680639713883919,9,171,0
23,0,8,0.5857599886940309,11,124,0
30,6,5,0.8864317287818567,14,47,0
44,0,9,0.6448916772875519,15,44,0
6,5,10,0.6495850646896197,0,88,0
1,4,17,0.5074349914781021,1,44,0
30,0,21,0.689429605622116,4,168,0
18,0,22,0.9715322577423148,3,124,0
33,5,19,0.7949741564369265,11,142,0
7,3,22,0.39854147170746146,2,138,0
12,6,1,0.0631520486392896,2,51,0
30,0,17,0.9394924870542835,6,120,0
35,0,17,0.6104447141895962,6,181,0
24,3,21,0.722095247390462,0,131,0
46,1,20,0.14856528400675784,11,80,0
36,5,10,0.9481234259696923,5,34,0
40,2,4,0.13603365295495135,9,136,0
14,0,1,0.9335850013384632,14,116,0
21,3,7,0.5311494215600561,6,174,0
11,0,22,0.36231219012215155,1,139,0
29,7,20,0.7214457124145925,0,159,0
64,1,20,0.06148333262229004,16,91,0
14,0,17,0.3460859520325096,6,63,0
45,7,14,0.8381652764618132,8,137,0
16,6,15,0.7326193703247964,4,56,0
37,0,5,0.940735575358426,5,129,0
26,0,14,0.48044704967597396,3,122,0
4,0,16,0.6974973393169737,4,74,0
46,2,18,0.3570503775181066,0,159,0
54,1,19,0.07876793188164054,16,107,0
46,6,9,0.2946002682827521,6,38,0
27,2,4,0.563771927585462,6,62,0
35,1,16,0.7757186608533655,15,47,0
11,0,16,0.33995521296178444,3,115,0
58,3,6,0.9852027760021401,2,53,0
38,0,16,0.12530878981095034,0,155,0
58,4,23,0.9322418792646784,8,167,0
29,4,7,0.31392248109576343,0,62,0
11,3,20,0.4510012591256718,10,99,0
36,4,16,0.7697815181701602,0,51,0
10,2,8,0.4053002380351856,6,156,0
17,2,7,0.43058554388347525,2,170,0
61,0,21,0.26559210634356223,5,107,0
0,0,11,0.6537081301800581,0,34,0
46,3,17,0.30640976348820653,11,42,0
45,7,6,0.22122135610958799,5,58,0
53,0,4,1.0,0,83,0
38,5,6,0.4354620618330215,0,47,0
8,5,14,1.0,4,146,0
2,7,19,0.37170950873969266,0,51,0
34,2,15,0.2248666083429939,0,133,0
53,2,6,0.4062349017240843,8,173,0
40,5,12,0.7378517873150606,2,109,0
51,3,9,0.8192842782657148,0,59,0
4,7,9,0.6332290752636758,0,37,0
19,1,14,0.3104584232083055,0,171,0
61,3,6,0.6114444578443206,11,57,0
14,6,7,0.7161504237107686,11,91,0
39,7,5,0.932391988629904,0,156,0
4,5,11,1.0,4,165,0
55,5,20,0.18479376275920786,13,83,0
60,3,8,0.9657308929552714,2,73,0
17,5,13,0.7063962889823061,0,167,0
38,7,17,0.2873588777588426,8,102,0
12,4,19,0.6985583689649963,1,122,0
36,6,6,0.8426278146734297,9,40,0
57,5,12,0.25504216318191103,14,49,0
29,2,5,0.7207051758593591,11,40,0
39,3,7,0.9109304812071781,5,165,0
13,7,11,0.7164269887488666,6,54,0
24,0,5,0.87937622664776,6,27,0
60,0,7,0.6629003269830304,3,25,0
52,3,15,0.6529369827424458,8,134,0
51,0,20,0.30392912001110844,13,86,0
35,1,19,0.9396373032811859,10,117,0
27,0,16,0.38640803881450697,9,118,0
36,3,19,0.37467752322771447,5,133,0
41,2,10,0.9426522805961082,5,101,0
30,0,23,0.838373623097829,3,156,0
62,7,15,0.15887226939229504,14,88,0
40,4,7,0.683763087690684,1,69,0
10,1,11,0.8624862431089729,1,40,0
15,5,20,0.7344891139007227,0,143,0
31,3,6,0.4119126240119262,11,143,0
13,0,6,0.40525541747048793,5,84,0
55,0,18,0.6708745054366315,4,132,0
22,0,21,0.7867488120055625,13,51,0
2,1,17,0.734780024918969,2,151,0
37,4,4,0.26694782123755423,10,118,0
2,3,22,0.4868883297221703,2,119,0
45,4,23,0.6368793690458543,9,103,0
45,0,16,0.904169640032721,16,164,0
41,3,22,0.795575986719978,16,61,0
51,0,11,0.46595155651668274,3,83,0
56,4,8,0.3801444062245476,5,55,0
13,7,20,0.4126054862605061,13,44,1
18,1,11,0.30981704393420795,0,162,0
29,5,7,0.6681050506886754,13,95,0
50,0,4,0.2952373381886912,3,48,0
62,0,13,0.8533548957798472,14,32,0
52,3,23,0.7984285872067772,3,151,0
23,0,6,0.8938211289911462,0,27,0
46,3,3,0.007089398368085642,8,131,0
39,2,8,0.201913193840653,10,164,0
36,6,4,1.0,0,151,0
29,0,11,0.5369729203324654,9,140,0
15,0,19,0.3249084683950367,11,125,0
55,0,19,0.7322597853225569,1,134,0
22,0,18,0.16547095792911168,5,4,0
9,0,20,0.48928045870455505,6,103,0
43,0,17,0.4486238767440264,5,68,0
59,6,21,0.3141245280846027,4,11,0
60,4,10,0.5179545595879383,4,176,0
30,4,18,0.7199236246076275,10,35,0
31,1,5,0.6462527658110583,11,40,0
50,4,6,0.6569752514400216,0,69,0
35,3,8,0.3325660034644996,2,76,0
65,0,6,0.3932310691359786,9,49,0
53,2,9,0.4463260498495044,7,55,0
10,0,13,0.8821317076425861,8,1,0
43,5,11,1.0,2,16,0
4,0,15,0.9155994092519355,1,131,0
39,0,18,0.037213153500641485,10,93,0
33,6,5,0.2253485697169143,2,11,0
62,1,12,0.3201468766276002,10,115,0
14,2,5,0.9118043011387469,14,133,0
38,0,6,0.9772003969604826,2,52,0
39,0,18,0.36543587778846276,2,118,0
10,6,7,0.4968861524741107,10,150,0
61,3,18,0.5900653090085672,7,11,0
0,3,17,0.5441545576837834,0,35,0
32,6,6,0.776150065136444,6,44,0
60,0,12,0.6575541420077805,14,46,0
35,7,11,0.7589105796581546,1,15,0
33,6,4,0.6557821903754436,9,27,0
11,2,17,1.0,3,175,0
53,7,7,0.3855172481664122,3,8,0
32,7,4,1.0,3,134,0
47,4,20,0.20728223318587083,15,81,0
32,5,9,0.4521402900272079,2,59,0
55,3,19,0.6359249113234168,4,85,0
4,7,9,0.684397107880623,4,82,0
40,7,16,0.4833177935974948,7,111,0
25,0,16,0.6769666424317761,5,196,0
9,0,13,0.6875635226776996,9,25,0
55,1,10,0.5471521443001784,5,136,0
37,6,5,0.0952861928369091,11,27,0
8,2,22,0.47369174031972816,3,28,0
37,1,8,0.13108714366799526,2,73,0
42,1,14,0.11921809141464947,8,114,0
11,0,19,0.13436157991546427,11,139,0
29,1,18,0.36945217218882254,9,96,0
52,6,7,0.39934603645076877,13,117,0
48,3,4,0.23399783108642597,2,161,0
19,5,22,0.7176676522584463,0,145,0
15,5,13,0.4168407480465529,15,43,0
17,5,18,0.25143346494452273,17,81,1
60,0,3,0.2937530793405082,13,98,0
13,0,19,0.24815632259387005,13,143,0
28,5,7,0.08527362312177676,5,176,0
42,1,8,0.7557588794021834,11,155,0
35,6,21,0.7285232668781724,12,43,0
8,2,13,0.02915541947262397,5,7,0
51,5,6,0.26987672903350646,8,93,0
36,0,20,0.6982434075322954,7,179,0
18,3,11,0.9642527466550417,0,33,0
12,5,7,0.9550761081203532,12,42,0
33,0,6,1.0,3,126,0
52,7,3,0.33844675101560695,2,158,0
3,1,17,1.0,1,22,0
38,3,8,0.8027206528237896,13,137,0
18,7,17,0.32514955084246244,16,62,1
53,7,16,1.0,11,136,0
51,1,6,0.6767631814888216,1,86,0
62,1,13,0.6995303702073715,14,38,0
9,4,19,0.6212141159279323,2,113,0
14,3,2,1.0,12,114,0
64,5,7,0.22498773249619644,11,127,0
17,4,20,0.2739426861659306,8,71,0
9,0,21,0.9794295838464983,1,71,0
8,7,6,0.24166705071100228,8,105,1
44,0,17,0.875798731033248,5,26,0
2,2,13,0.8087104349552112,2,73,0
45,7,10,0.8629063530976737,13,166,0
40,3,19,0.8622246900243468,11,45,0
43,2,6,0.3027050305050753,11,142,0
32,2,7,0.55473968720691,12,67,0
34,3,17,0.26322031713124827,6,135,0
55,4,5,0.17149767344412958,0,152,0
51,3,17,0.8120777605630259,3,156,0
17,7,13,0.6414952516892596,9,159,0
13,0,11,0.5089650616436522,13,161,0
14,4,9,0.7914733424163337,8,108,0
15,0,15,0.786628906104946,4,46,0
23,2,8,0.41068386832287523,5,75,0
27,0,9,0.37672651666154305,0,134,0
44,4,9,0.20324755879877449,5,150,0
38,0,12,0.8129777383466394,9,133,0
17,6,9,0.887719117562508,10,51,0
56,0,16,0.8824779740261085,3,137,0
14,0,16,0.17016191825087268,10,8,0
61,2,10,0.7074774441760452,13,47,0
2,1,13,0.8675785712186086,2,130,0
58,0,13,0.7272871523929493,10,115,0
35,1,6,0.8101256945164741,3,62,0
22,0,10,0.46589244448688516,4,130,0
30,0,23,0.2772494729864106,9,68,0
5,0,18,1.0,5,20,0
12,1,23,0.21378146024136746,9,60,0
43,1,13,0.3281954894903774,12,135,0
9,6,6,0.6610216966831544,8,75,0
28,3,5,0.783739415119613,11,17,0
34,0,6,0.8882918372308712,2,133,0
58,2,13,0.7240672206486485,7,152,0
29,4,6,0.4275133343832392,9,54,0
42,0,22,0.03928094326473497,7,154,0
16,0,12,1.0,2,16,0
20,0,14,1.0,17,35,0
35,6,5,0.15446568733551694,11,45,0
48,3,7,0.17705034974481093,2,18,0
10,3,8,0.25630203878759245,5,162,0
52,6,18,0.4669637378260977,10,103,0
39,4,11,0.6426091546278309,0,54,0
25,0,12,1.0,12,20,0
8,7,9,0.8934188326998113,8,45,0
56,2,9,0.7912525803780908,12,29,0
1,0,13,0.37487994520564133,1,76,0
23,1,17,0.62880596708532,3,74,0
13,2,10,0.6799572919695376,0,30,0
24,3,16,0.47060312214158206,14,9,0
38,6,4,0.2613685329550837,11,60,0
27,4,15,0.23310435918607822,1,113,0
45,1,13,0.5893252801320984,16,41,0
37,3,5,1.0,14,153,0
18,0,21,0.4139635338177269,13,89,0
17,1,22,0.7609388826622464,17,53,0
7,2,12,0.6571829084036334,7,29,0
38,5,9,0.9334191169969481,8,36,0
48,2,3,0.6877573523535954,12,44,0
27,0,1,0.9607538575003727,5,123,0
20,3,3,1.0,13,110,0
48,1,22,0.7273224764353133,1,123,0
7,0,10,0.9633916654601854,0,93,0
57,0,6,0.20363860942158,2,70,0
22,2,17,0.6383326187835731,13,103,0
32,0,15,0.7686310567779597,12,118,0
4,3,17,1.0,4,31,0
9,7,15,0.6141998589391711,0,47,0
44,0,22,0.9806983772074628,14,185,0
6,5,8,0.6373650733114671,0,58,0
6,6,9,0.029706159749786465,6,49,0
28,7,5,0.9107170134314392,11,76,0
29,1,14,0.9861130780954892,5,175,0
45,7,6,0.40135601402255877,4,43,0
47,3,5,0.45518582652794604,7,175,0
28,4,11,0.9739277474675694,3,121,0
25,7,3,0.8060722967456903,21,51,0
36,3,18,0.6745094647231006,8,146,0
29,4,5,0.5637054295524965,8,182,0
16,3,19,1.0,1,155,0
27,4,10,0.6089412876500859,10,134,0
19,4,2,0.4934758673893284,12,1,0
6,0,12,0.8457814923199453,1,97,0
28,5,8,0.21388183880390416,4,59,0
30,6,15,0.629659870435578,0,131,0
37,3,22,0.949697273811687,3,109,0
7,4,6,0.1434151089387394,7,79,0
27,0,10,0.12367233692590063,2,96,0
33,3,7,0.23766777482242826,10,129,0
14,2,20,0.3245816317065199,13,142,0
62,0,14,0.7564202077193394,10,146,0
14,0,0,1.0,14,108,0
0,7,12,0.5896782484667248,0,34,0
39,7,7,0.14911554472947677,12,46,0
11,1,11,0.6405606791324011,0,47,0
15,1,7,0.5189699504712684,10,127,0
10,0,6,0.4552968701275302,0,102,0
33,0,3,0.7728407649920354,13,31,0
30,5,21,0.9609685177164562,11,156,0
11,6,15,0.9977167582571544,9,164,0
27,3,10,0.44395402541237367,5,122,0
12,2,9,0.4858346018863612,3,150,0
25,5,22,0.48066151131651375,6,62,0
57,0,14,1.0,9,119,0
57,0,7,0.725668298368254,13,9,0
38,6,7,0.9358103500354441,1,41,0
50,1,3,0.6833093839124748,7,66,0
23,6,16,0.5668114579220902,1,134,0
10,7,15,0.9023460062320918,5,38,0
21,0,20,0.4706960597813145,11,71,0
17,0,6,0.8102772357657803,13,107,0
31,0,22,0.3449216802235288,6,63,0
6,4,23,0.5063828697285239,6,128,0
5,3,16,0.9378909566190474,5,185,0
39,0,17,0.0,10,101,0
28,0,21,0.32681451390371136,6,71,0
11,1,9,0.2148520763617548,11,153,0
8,4,5,0.5810984802925807,8,104,0
29,0,8,0.9558861970389787,3,21,0
13,1,5,0.386025221498001,13,176,0
12,1,20,0.07705995160456382,11,74,0
21,5,19,0.023696623979871684,16,15,0
35,0,12,0.5616060264591581,10,154,0
3,0,5,0.6405831203232445,3,1,0
22,1,20,0.536464019107062,11,88,0
38,7,19,0.8762140813198618,12,142,0
26,0,9,0.32942960846669,4,137,0
3,0,21,0.46088158319039074,3,110,0
40,5,13,0.12224310591567761,0,20,0
6,2,19,0.32987144429815063,6,125,0
10,1,10,0.710765506614689,9,20,0
38,7,19,0.010375628676468296,2,76,0
13,5,8,1.0,13,40,0
49,7,15,0.4212439006077392,8,86,0
45,6,16,0.06909764220463435,9,142,0
23,0,20,0.3718733113858961,10,131,0
22,0,11,0.46605407490921097,1,120,0
61,5,18,0.6146432649539703,9,7,0
25,1,15,0.8370495390525854,10,30,0
3,1,13,0.5325199003113433,0,92,0
57,3,9,0.7088753126809836,15,52,0
65,2,22,0.6467332501588481,5,95,0
39,2,19,0.8649408090698049,11,192,0
30,0,5,0.8573674837620833,0,17,0
44,4,5,0.2582434767567524,5,201,0
24,5,22,0.4750633742719683,10,13,0
46,4,3,0.4178190499579674,0,148,0
65,5,7,0.971180134348504,3,54,0
3,7,14,0.71796974586496,0,40,0
21,4,16,0.5531541870971385,13,17,0
58,4,5,0.0,1,154,0
21,0,23,0.8851933497334613,20,54,0
21,0,10,0.5081886527675202,6,126,0
19,0,10,0.4395054628037842,9,168,0
57,3,6,0.0830777080682866,5,152,0
14,0,7,0.32221590334582906,7,162,0
18,0,23,0.6702243795358912,9,112,0
13,1,9,0.4069963662295188,13,62,0
54,0,11,0.5652538987189767,7,167,0
13,7,12,0.7335008156071973,5,54,0
50,2,20,0.3707169342722791,9,162,0
31,1,19,0.7593940342487178,5,166,0
21,6,17,0.5409700094718922,13,33,0
43,1,18,0.8211888060072512,14,40,0
29,5,6,0.3084171122397241,4,176,0
42,2,11,0.8767238235604645,5,97,0
11,4,21,0.4486353569743511,11,89,0
22,1,16,0.9033506102094397,6,35,0
18,2,23,0.826117289015506,2,1,0
43,5,9,1.0,4,49,0
11,4,2,0.5748642476185388,10,68,0
9,0,18,0.8845859535477124,1,14,0
14,4,16,0.35977947327118587,12,39,0
57,4,8,0.47244590113727297,6,177,0
20,5,15,0.6296622593888952,7,63,0
9,4,15,0.9315092265278759,3,170,0
34,0,18,0.14787108009870858,1,143,0
46,1,3,0.0851549639012692,0,91,0
60,0,7,0.9996627790384076,13,10,0
37,0,7,0.8252963633267053,0,145,0
24,0,17,0.7177614256856034,7,43,0
55,5,20,0.24579636650713527,13,98,0
8,7,3,0.010120628383209387,2,53,0
13,0,20,0.16271840320200687,6,1,0
42,5,10,0.4978531151654368,7,174,0
47,4,19,0.9195910092296234,2,155,0
15,1,19,0.8592282384149004,12,29,0
17,2,11,0.8793420129961002,7,58,0
49,6,17,0.016803665346761032,8,162,0
14,0,8,0.6286445513175876,0,23,0
55,4,12,0.4336472893376566,12,50,0
13,3,19,0.3836432639394808,4,155,0
20,6,23,0.9196276733503813,4,139,0
9,0,22,0.9418270596538837,0,85,0
15,7,11,0.25556944385599684,9,96,0
24,0,19,0.33066231173074434,10,118,0
48,3,23,0.20393032753842513,11,80,0
8,2,15,0.3723347234596759,8,94,0
47,7,9,0.6017687402918875,4,157,0
16,0,21,1.0,9,49,0
17,1,23,0.7675948595791042,3,136,0
18,5,1,0.8725142741387272,13,61,0
6,1,12,0.011285380771193024,6,15,0
54,3,16,0.839000154623817,3,153,0
11,4,15,0.30896581509270404,5,2,0
49,0,4,0.2162329432184535,0,77,0
38,1,4,0.07242443362836007,9,160,0
31,7,5,1.0,4,125,0
30,4,22,0.39333510498784424,9,86,0
18,3,23,0.18930571119503575,9,63,0
14,0,18,0.3212521131461495,10,65,0
4,7,15,0.5327892365050625,0,49,0
48,4,4,0.2773296423993291,5,161,0
46,1,10,0.9334860636076837,12,19,0
26,0,23,0.5719324647020453,11,97,0
27,0,23,0.20994989315136772,10,151,0
27,7,16,0.593313057046229,7,51,0
25,7,6,0.17389561541707077,8,169,0
54,3,6,0.20487528119807785,12,101,0
20,6,8,0.5797912292622792,12,113,0
43,5,6,0.16190131468055974,7,89,0
16,2,18,0.6702039471478598,1,85,0
14,3,5,0.750476808385522,14,16,0
4,6,13,0.3032431140670433,4,144,0
46,7,17,0.6444629331578932,15,145,0
39,1,10,1.0,4,88,0
58,1,15,0.14359424997349768,10,60,0
50,4,5,0.17672664279076727,12,46,0
50,6,6,0.7433311451174492,3,38,0
45,6,15,0.7425819201469775,14,155,0
23,7,14,0.8145085520138093,4,139,0
57,7,22,0.9863566153523167,11,166,0
33,3,6,0.8397297653488963,7,172,0
49,1,9,1.0,4,19,0
14,5,15,0.14999838951581335,10,1,0
15,1,23,0.7338967065720388,7,111,0
25,1,15,0.6086868368249827,3,64,0
40,4,13,0.16770459311030192,0,28,0
42,2,15,0.9371545099195482,3,23,0
41,2,6,1.0,8,140,0
49,3,7,0.32997847125668384,13,106,0
42,1,8,0.6381281352007442,3,81,0
56,0,10,0.7296943063858705,11,141,0
14,3,22,0.9306887643596716,2,134,0
51,0,19,1.0,13,165,0
30,0,11,0.275752973335523,0,154,0
32,1,1,0.8749779446234168,5,120,0
37,1,8,0.18544514160626893,7,127,0
10,1,11,0.12467369976105262,7,77,0
43,4,4,0.10906167481713731,12,152,0
36,3,7,1.0,6,183,0
20,0,23,0.5029016443435045,9,102,0
8,0,4,0.7595919967666394,1,7,0
47,3,19,0.6168441962433355,2,147,0
48,2,21,0.4013928668036828,8,103,0
36,3,14,0.5888051254072257,17,142,0
18,3,21,0.8891246198427508,2,155,0
13,1,19,0.7497965964098705,1,85,0
47,7,5,0.08626643453929198,9,160,0
4,0,23,0.6127078762746269,4,147,0
36,4,17,0.4930618061323783,10,134,0
58,2,2,0.24692919576509953,11,116,0
5,0,22,0.9200947533497258,0,89,0
3,2,11,0.7554660894165363,1,38,0
42,0,9,0.9936242424856778,7,102,0
18,1,7,0.3266738171804199,6,87,0
26,1,4,0.5304327740005059,8,165,0
60,4,15,0.5922387815064593,8,14,0
35,0,17,0.08562131854673655,0,156,0
23,7,17,0.9355770186212863,2,131,0
18,4,16,0.782185285317209,1,135,0
14,6,17,0.20624802411586712,14,114,1
4,3,16,0.7681399070114803,4,136,0
59,1,17,0.37763936757604794,6,140,0
45,5,9,0.7980764543811029,6,96,0
15,2,19,0.7661734687832831,0,86,0
44,1,23,0.5803572474850552,5,110,0
2,5,9,0.5727838236253274,0,71,0
7,0,12,0.20427914501542338,7,100,0
55,2,20,0.6861402257416521,15,176,0
34,6,6,0.1347434973724115,11,37,0
48,2,8,0.9947792892679437,2,66,0
33,6,21,0.3451769734541278,8,95,0
26,3,23,0.1687885623542662,10,62,0
46,1,7,1.0,0,72,0
32,5,5,0.1253631120167992,12,46,0
8,1,16,1.0,1,17,0
35,7,10,0.5367507863390591,9,14,0
36,5,18,0.10211490143823271,6,169,0
55,0,17,0.9141812062402171,9,151,0
7,3,19,0.9287888458550134,3,131,0
67,2,5,0.8323966099188456,0,163,0
25,4,6,0.8207177287349938,14,57,0
9,3,12,0.4090070875139945,8,29,0
24,6,13,0.7316857050343981,5,153,0
18,2,18,0.0,8,11,0
14,0,20,0.04152204909088836,3,17,0
44,0,17,0.9625535110434568,9,146,0
25,4,11,0.6418849837965754,10,165,0
40,6,12,0.7916615417798172,7,26,0
6,4,22,0.13178226684542133,6,81,0
30,1,10,0.26939899408802503,2,123,0
60,2,11,0.9758645704731597,13,156,0
16,6,8,0.7055670567493978,9,39,0
31,3,20,0.63741682293375,4,190,0
46,2,8,0.42113629571276234,6,172,0
47,4,15,0.0816298874358494,10,169,0
31,6,1,0.8854143495598678,10,31,0
43,1,19,1.0,10,158,0
9,2,21,0.83996223938596,8,36,0
39,1,23,0.5723879259048985,6,105,0
31,3,14,0.7418102062239424,12,13,0
52,4,5,0.7781333457015537,0,126,0
26,0,22,0.680908020619415,7,139,0
36,7,6,0.1435759929450619,0,90,0
11,2,5,0.2968225744853867,5,157,0
31,2,16,0.24703043310832806,1,145,0
2,3,15,0.46770988118221873,2,60,0
40,3,8,0.4533122973052081,14,126,0
52,1,5,0.5188493002507373,7,188,0
21,4,11,0.3775426663967103,15,79,0
18,1,12,0.5915333702026093,8,27,0
44,1,9,0.3272321199437264,5,181,0
20,0,19,0.2749272002569169,11,22,0
38,1,19,0.030820977565934438,9,99,0
34,3,5,0.2159472168596181,6,126,0
12,0,20,0.46573767607656624,5,78,0
17,5,5,1.0,8,77,0
33,2,2,0.47656647539977304,0,97,0
23,0,6,0.8590656642013587,0,15,0
18,7,5,0.38821679408729115,12,69,0
55,2,21,0.4751028316471769,4,138,0
8,6,4,0.0765031525455186,8,98,1
58,5,19,0.820953985430906,11,162,0
20,0,23,0.8749345417538005,11,42,0
24,0,19,0.6089646816960049,2,85,0
10,2,8,0.34261943020178753,7,184,0
41,6,3,0.8472162595187823,3,29,0
52,3,11,0.3659482672558724,1,152,0
24,4,16,0.1481846601135126,12,121,0
58,4,19,0.7534216895274187,15,141,0
9,5,15,1.0,3,175,0
30,0,7,0.3562916708644299,4,72,0
9,0,11,0.10925913879454015,0,138,0
6,6,11,0.6979459166087469,6,62,0
11,2,15,0.7683675569190653,4,140,0
14,1,17,0.0,10,15,0
57,2,11,0.8345035026517647,7,137,0
40,3,21,0.6931719311119601,6,82,0
33,3,19,0.9940159744359099,15,176,0
28,4,8,0.8612767965825031,6,164,0
7,2,9,0.7236217764582173,7,108,0
10,5,8,0.4869778417866849,8,122,0
30,2,19,0.16110377404854195,10,118,0
49,7,1,0.0278243031917077,3,92,0
48,1,5,0.37016982618702376,6,191,0
16,3,2,0.6766238789872288,5,178,0
23,3,6,0.2541728147941972,3,69,0
26,7,17,0.5109640363408281,10,49,0
37,7,9,0.9168295799939085,3,46,0
50,4,14,0.0871080438560542,10,40,0
28,2,2,0.5432266519619642,8,40,0
41,6,10,0.7422813657566217,9,12,0
19,3,7,0.5030695988402304,3,81,0
22,0,22,0.07483055769661978,13,147,0
17,1,19,0.7742338548251338,13,135,0
21,7,2,0.8480619669422659,13,53,0
25,3,5,0.09861568235791192,3,112,0
14,4,10,0.9199320755687578,3,155,0
45,3,23,0.5503892737079645,6,86,0
37,7,8,0.9068564343603562,4,20,0
52,1,23,0.5956839265335067,1,140,0
7,4,15,0.3653466987454927,1,76,0
11,0,17,0.40615998476446524,10,128,0
51,0,15,0.6264611957226607,11,60,0
9,2,1,0.7608299996632887,5,96,0
51,2,11,0.25562591395876744,13,47,0
55,0,6,0.6889529157312619,0,151,0
9,2,8,0.159823470143062,9,83,0
51,0,19,0.8707260204965218,11,182,0
19,6,15,0.5621275354938564,3,117,0
63,4,20,0.8155836089596242,11,178,0
57,0,19,0.19752893572813351,8,92,0
37,0,20,0.12991988976653243,11,106,0
28,7,23,0.43349984241972445,15,173,0
31,7,3,0.8291299678624927,0,6,0
55,0,20,0.0,10,103,0
27,0,5,1.0,0,6,0
39,6,8,0.10961975537077423,15,49,0
50,2,11,0.1848038027028523,15,46,0
28,6,8,0.5332793101573279,3,191,0
10,6,13,0.6377345609679833,0,75,0
10,5,23,0.4307222360500702,10,77,0
66,5,7,1.0,1,42,0
45,2,4,0.2406368802603826,0,82,0
50,6,0,0.2872074315650024,5,63,0
7,2,14,0.7576699949389042,7,74,0
9,2,19,0.8860518109837113,7,60,0
15,0,18,0.06652868019797734,15,18,0
46,1,7,0.6072216191421297,6,182,0
23,5,10,0.6636760538049379,11,63,0
47,0,14,0.5587189845756425,10,74,0
50,2,7,0.9695645560841929,0,66,0
54,5,9,0.12655475711710024,10,52,0
8,0,21,0.9450238096285577,0,90,0
39,1,23,0.8807673269728022,4,32,0
27,3,11,0.0,1,96,0
15,2,12,0.5040644359358952,3,161,0
5,6,14,0.501016410859551,0,67,0
29,3,14,0.6570412260324328,11,46,0
54,6,8,1.0,6,123,0
5,2,18,0.13949294612248497,3,1,0
51,2,11,0.9087675070295405,4,45,0
20,4,21,0.6361338173681348,12,155,0
28,2,9,0.16724361569881357,2,83,0
33,3,10,0.15352077279574394,1,79,0
36,0,7,0.7304672429989048,2,140,0
48,0,10,0.43702044503121223,4,135,0
8,0,18,0.5144364331889257,8,110,0
18,4,16,0.4729546434117992,5,110,0
51,4,8,0.7170242240497384,1,59,0
13,1,20,0.2075188820409185,13,8,0
44,4,13,0.5772178189273474,14,157,0
32,6,13,1.0,5,113,0
25,1,21,0.3824207733257144,6,104,0
12,5,23,0.6447008956573071,7,101,0
36,4,8,0.6678431685279963,16,71,0
5,0,8,0.46129891942901835,4,9,0
18,0,12,0.5830552576018122,8,28,0
52,1,4,0.321961163030169,0,74,0
61,6,5,0.24472977208581412,1,179,0
22,5,21,0.4229010270253252,22,45,1
49,7,5,0.5380634978560374,0,162,0
6,0,22,0.3687554593885337,0,132,0
22,4,14,0.08491987632766534,7,123,0
37,0,4,0.9563636349256328,3,144,0
13,6,11,0.7443047500520441,10,42,0
56,5,9,0.5345509614358274,3,146,0
15,3,9,0.38043307935793363,15,8,0
26,3,12,0.6458003288494464,9,20,0
24,2,4,0.7405526442631747,13,49,0
10,7,10,0.486684792442053,10,58,0
55,1,13,0.9847201340667928,11,29,0
0,7,7,0.5568724832087373,0,84,0
24,3,15,0.354404319160433,13,44,0
32,1,10,0.7829099130143888,0,51,0
38,6,21,0.7782609866137358,15,141,0
46,5,6,0.010868848559797445,17,36,0
21,4,16,0.20094002825192822,5,120,0
28,1,9,0.3175499821969839,4,72,0
22,6,9,0.8411570348220496,11,111,0
9,6,20,0.3702667705498781,8,97,0
44,4,16,0.36135654478024315,3,148,0
5,0,9,0.29079850632297555,5,157,0
14,0,13,0.8450999066596115,0,42,0
32,5,8,0.3213772288862007,1,38,0
16,0,11,0.9767538439250398,4,26,0
34,3,21,0.8715463351728227,9,14,0
29,3,18,0.48493380927523255,13,12,0
38,7,7,1.0,7,166,0
7,1,23,0.33095103905388246,2,102,0
34,6,7,0.7712100368218024,8,63,0
17,3,4,0.8914266619325186,7,47,0
33,6,22,0.9454485450708441,9,136,0
8,3,7,0.6871361612893447,0,72,0
56,1,10,0.6009034685067155,6,25,0
61,1,23,0.34239308543776203,5,95,0
27,0,11,0.4928625364894451,4,61,0
12,6,8,0.5176742375886355,12,169,0
40,7,10,0.7663560835522978,7,120,0
59,4,8,0.42199076230812693,6,168,0
5,4,21,0.23054944399349742,5,15,0
16,1,22,0.13315274705861918,3,94,0
45,2,4,0.5567410655747901,9,185,0
44,4,6,0.29562728200906485,7,142,0
12,5,20,0.3476845972736188,10,88,0
4,0,12,0.5184464130689163,1,38,0
66,0,5,0.8194982001898775,2,155,0
48,0,13,0.6773778773003434,7,151,0
47,2,20,0.6859044444400973,8,149,0
39,6,19,0.3976101623056083,9,115,0
26,5,13,0.28971308351430947,2,51,0
14,5,19,0.5042803330575009,10,24,0
47,7,5,0.9296608985864411,0,169,0
45,7,4,0.9262492713470646,0,163,0
63,0,10,0.8532366025589139,11,32,0
26,4,8,0.4892251519633511,4,61,0
47,0,6,0.9397068613540209,8,96,0
36,3,4,0.06757887063614094,5,136,0
30,5,10,0.5633320960951557,9,45,0
48,7,4,0.3935685587527997,13,117,0
40,0,8,0.7885513427069533,5,86,0
13,7,7,0.8791250244358425,9,57,0
24,3,9,0.02404314078097078,0,90,0
18,3,23,0.10267777689296259,9,65,0
0,7,15,0.3051960671791345,0,68,0
8,7,10,0.24071699285413267,4,72,0
17,3,5,0.7906004057991499,11,14,0
40,0,15,0.604331617116874,7,155,0
49,5,8,0.7858814178921717,3,44,0
39,6,10,0.6589417291962261,9,1,0
37,1,21,1.0,4,131,0
40,1,2,0.3403942640753515,10,158,0
25,2,5,0.4565478530901227,10,157,0
40,0,23,1.0,11,160,0
15,2,2,0.8706863440794801,14,15,0
8,2,12,0.5169274102522625,0,81,0
54,4,6,0.2965867411433277,4,139,0
44,3,16,0.9379456050100151,10,39,0
11,5,11,0.6061757850110471,10,165,0
17,6,15,0.9637305845301457,7,163,0
30,5,7,0.8071502646379723,4,139,0
52,1,15,0.98214097432093,5,13,0
12,3,9,1.0,12,111,0
14,0,12,0.2384639910881309,0,145,0
45,5,11,0.368797130094143,11,134,0
11,3,18,0.9573337835867447,11,60,0
1,4,7,0.41164577069584446,1,73,0
31,1,21,0.2189254088853037,11,163,0
46,0,10,0.4604446848827326,15,61,0
25,3,17,0.8421388625164012,13,43,0
49,5,10,0.9977050653896826,14,104,0
45,2,9,0.51129702067847,11,146,0
64,0,6,0.0,1,70,0
13,5,21,0.36216413663503916,0,5,0
35,0,7,0.44042242173415924,1,129,0
37,5,19,0.9844120697155486,11,75,0
29,2,21,0.8034474538469574,17,49,0
63,0,7,0.11058003065813622,2,52,0
41,5,10,0.6087620856290723,4,63,0
40,5,16,0.04023263269714772,10,171,0
25,4,20,0.5109406101212665,0,172,0
18,0,21,0.8697511707497055,13,150,0
44,4,23,0.13545597302245146,2,83,0
51,3,8,0.5355918074054267,14,47,0
62,7,23,0.8614643632313256,9,151,0
31,3,21,0.6818386804959538,3,89,0
46,6,8,0.2187404544912993,4,79,0
39,1,8,0.7010375970973669,0,136,0
44,7,7,0.3144311071148368,2,27,0
37,0,16,0.5571823945776778,10,134,0
11,2,10,0.6994109461103777,8,143,0
37,4,4,0.17357498453300177,8,166,0
13,1,21,0.8701193597934631,0,5,0
16,7,18,0.628334987449308,4,120,0
62,0,3,0.9306528464652629,0,153,0
12,6,6,0.9035585327651725,10,45,0
9,0,10,0.6235299009555256,9,143,0
19,3,17,0.19787049315409722,7,117,0
13,5,7,0.7536321925257503,13,113,0
39,4,4,0.2725578399785252,1,81,0
4,0,19,1.0,4,26,0
55,0,20,0.7025624433349844,4,118,0
3,3,17,0.32130328109709166,3,145,0
60,0,14,0.7985175927277205,17,42,0
22,1,19,0.6609931413965595,9,140,0
11,5,21,0.41392178626469106,0,41,0
26,5,20,0.7925366603663574,5,123,0
14,3,21,0.8176996079528102,9,45,0
4,4,15,0.3738520900174771,0,47,0
40,7,2,0.9337563416507892,0,168,0
56,4,21,1.0,9,166,0
52,1,18,0.1594860865399841,13,60,0
48,5,10,0.36735754632361456,4,74,0
57,1,9,0.5372967992362687,5,150,0
16,2,13,0.46381258175338386,16,69,0
5,7,12,0.6497440833088217,1,30,0
25,5,23,1.0,11,143,0
21,4,16,0.4167824599424615,0,157,0
56,6,11,1.0,11,169,0
19,3,7,0.4712061642556595,19,59,0
42,6,23,0.5057603582887233,8,95,0
65,4,16,0.8438376393173257,9,138,0
48,0,18,0.566238400398456,6,144,0
16,0,20,0.7450801099153624,11,161,0
52,0,11,0.6969017169840375,5,98,0
41,0,10,0.9051646323806875,0,63,0
14,0,17,0.11080961318761987,1,136,0
18,1,6,0.9966256782610411,15,119,0
43,5,4,0.5970185099908526,0,79,0
45,5,16,0.480531579335821,14,115,0
14,1,12,0.20683514518612717,2,150,0
36,0,13,0.8241720443937587,13,16,0
51,7,13,1.0,8,113,0
6,3,9,0.47243501159993045,6,69,0
30,1,21,0.9661322506267815,8,133,0
45,7,7,0.9647397329063621,11,157,0
52,5,18,0.5724267116271308,6,94,0
19,7,15,0.44263224957016456,15,108,0
53,4,7,0.696802303505142,4,162,0
18,0,12,0.9546643813050734,14,54,0
38,4,6,0.44895409906017525,0,184,0
36,3,13,0.7303829103798241,14,142,0
22,3,22,0.22727629991860387,12,145,0
0,2,18,0.9171771121707939,0,181,0
61,0,5,0.9715812405950393,0,148,0
42,5,19,0.9187150453615612,11,148,0
53,0,6,0.988337084255649,2,152,0
2,3,13,0.08275590022224211,2,164,0
42,0,12,0.6802520638273141,12,137,0
4,0,5,0.5470810607937534,2,9,0
20,5,15,0.2716617087680347,15,11,0
37,2,23,1.0,10,115,0
11,7,15,0.25774358412268694,6,162,0
22,3,6,0.47653003547008915,11,177,0
27,0,5,0.5625478668408992,7,160,0
16,4,23,0.6899559737134631,14,64,0
2,7,17,0.25866134615146075,2,157,0
55,6,13,0.12905478727997372,11,98,0
47,5,11,0.3141141991557128,4,148,0
64,1,7,0.45659238975060784,4,64,0
32,0,6,0.31454939191795517,11,145,0
18,3,11,0.7574944772401148,15,55,0
54,5,9,0.03139909035195583,1,138,0
44,6,18,0.5543143715556571,8,107,0
40,3,20,0.5730316771767532,6,94,0
24,3,8,0.13321305098009065,1,111,0
7,0,19,0.11679990490719683,2,1,0
15,5,6,0.6135916710769002,5,63,0
50,4,16,0.616636780309304,4,91,0
7,1,16,0.5952726900393082,7,63,0
35,1,8,0.9215651076931887,5,41,0
59,0,7,0.7264719247400859,13,42,0
51,6,4,0.25126717249085023,1,159,0
18,5,12,0.3705374354723339,10,40,0
52,3,6,0.8731441729602729,4,35,0
23,0,16,0.8264428292708828,12,101,0
54,0,23,0.501125729794064,5,108,0
15,5,17,0.05696745063616937,15,95,1
50,6,16,0.4726323244568923,13,161,0
23,2,19,0.2910201255294477,11,17,0
50,5,17,0.2932067732928213,4,145,0
60,2,8,0.5718095909440688,7,158,0
18,0,23,0.7718151075812526,14,52,0
31,0,5,0.9028969949178127,3,127,0
22,0,6,0.8290760128317533,0,22,0
7,2,9,0.3811529900350731,7,158,0
15,5,17,0.23248246233384762,13,85,0
32,0,20,0.07181252696287388,0,135,0
14,5,18,0.39059425966733846,1,10,0
39,4,8,0.6278254520178836,1,124,0
54,3,11,0.11743512172052359,13,78,0
19,0,8,0.5604643128051585,7,25,0
35,1,7,0.8227078574404112,3,179,0
34,6,13,0.8249983538562211,3,101,0
61,2,17,0.8589263041379018,15,158,0
26,7,22,0.2519778808705978,11,156,0
23,3,21,0.42314245174367826,4,72,0
45,5,11,0.8591819512361113,4,37,0
43,0,4,0.7066985130163569,1,154,0
35,2,19,1.0,9,128,0
4,6,12,0.6437197032480677,4,45,0
10,7,8,0.6095273925490721,8,72,0
13,3,21,0.49118420268940344,13,96,0
7,1,7,0.6901822775914601,7,5,0
13,4,23,0.6187223376124196,6,107,0
0,4,9,0.5416863199160269,0,73,0
11,2,11,0.6245633159671237,8,23,0
20,1,6,0.7952252782122833,12,23,0
11,1,19,0.8254452402380512,2,22,0
5,6,10,0.19262899250183713,3,163,0
41,1,23,1.0,10,114,0
41,0,8,0.588328918732149,4,157,0
39,0,8,0.6176358469080063,14,141,0
12,1,19,0.41230037986641577,0,139,0
16,0,11,0.5352649687773448,7,9,0
53,5,19,0.6766888180198767,8,142,0
23,3,20,0.7476311998690295,11,32,0
39,7,17,0.2130889400502272,3,68,0
18,2,7,0.23430627246858493,13,60,0
7,0,17,0.3799147564333734,3,119,0
15,2,3,0.7172352254605634,15,16,0
47,7,4,0.05229501290500803,3,142,0
61,1,22,0.7137807318646279,17,155,0
21,2,1,0.12319788962859766,2,87,0
27,7,13,0.8844445958833802,7,173,0
35,4,4,0.5033527163401188,6,168,0
8,6,8,0.7604922161562941,8,43,0
39,4,11,0.4611706317957966,6,75,0
30,2,10,0.3688784374168179,5,75,0
56,6,17,0.505758323046538,6,24,0
11,1,20,0.8202292216075104,10,34,0
36,1,19,0.28852062500356634,13,79,0
10,2,18,0.29982864321258307,4,93,0
5,3,23,0.9526415219838242,4,138,0
0,0,15,0.9128938132066672,0,110,0
14,7,16,0.3228184077987657,13,94,1
24,3,23,0.7728280313869106,15,59,0
32,6,5,0.4879837902096334,2,180,0
41,5,5,0.8038611553762511,5,130,0
23,2,15,0.44495424446283405,3,153,0
56,6,20,0.09034372801745907,8,20,0
43,6,7,1.0,5,147,0
30,3,4,0.27222843649613576,8,132,0
67,5,17,0.37739159385257715,6,1,0
26,2,21,0.5500938436206637,14,78,0
11,7,8,0.160742003912606,11,99,1
30,1,21,0.4496906061538182,4,182,0
21,2,19,0.7720857727106691,2,3,0
64,3,7,0.40435078495112464,4,62,0
41,0,8,0.7085929852534926,7,106,0
26,0,9,0.5881037992773372,4,144,0
48,1,12,0.6489883947051563,7,136,0
44,2,10,0.9094088819379771,10,86,0
34,0,13,0.5744388562565184,16,99,0
38,6,7,0.9868914716662006,3,60,0
19,0,15,0.1421502181437618,1,147,0
13,7,10,0.6664977212169514,3,52,0
16,0,19,0.9666376589484716,16,15,0
50,4,7,1.0,13,154,0
38,1,4,0.24889887556703286,0,68,0
6,7,22,0.1558723065346053,2,56,0
50,1,8,0.5020530273296986,5,155,0
14,0,22,0.18060019460672466,7,8,0
14,2,6,0.7982203359813443,14,33,0
39,2,21,0.7497987339320965,12,42,0
55,0,21,0.37040013009877737,8,97,0
13,5,8,0.6815489773300625,8,77,0
37,5,8,0.11354441464710299,11,36,0
51,5,12,0.39439427089298096,12,51,0
30,0,8,0.9775282607342262,6,179,0
9,0,14,0.8220003750746367,5,112,0
46,4,17,0.5345547776035231,7,145,0
2,4,15,0.9990265016487431,2,192,0
36,4,8,0.7273371233346034,0,154,0
33,7,21,0.19225645277758388,0,74,0
17,3,6,0.7679386627718382,8,59,0
61,1,16,0.9615695706153977,15,35,0
37,5,11,0.7914001989098468,13,162,0
53,6,22,1.0,6,183,0
5,6,15,0.7440346410219992,5,66,0
24,6,21,0.5915222698218634,10,109,0
0,7,20,0.42426757988900365,0,35,0
35,0,8,1.0,4,153,0
27,7,5,0.8069693111236675,0,23,0
28,1,23,0.3093036163751277,12,149,0
2,2,5,0.6044950913313877,1,1,0
3,1,17,0.27479944603885015,3,119,0
42,6,3,0.3441452735037738,0,23,0
19,2,14,0.8323493160817937,11,33,0
14,5,8,1.0,9,32,0
6,5,7,0.18240381831611854,6,82,0
14,5,13,0.9347542876751053,9,159,0
40,2,7,0.5655484367122913,3,109,0
39,0,18,0.055894700089487784,9,99,0
26,3,20,0.7176878208057388,16,32,0
39,3,5,0.6283646389813425,0,101,0
43,0,20,0.9712995665738894,10,176,0
32,5,7,0.5290643304517524,12,72,0
12,5,16,0.4173325861734411,9,71,0
27,3,15,0.5720636681195832,13,115,0
53,3,12,0.06070549198103839,13,92,0
17,0,4,0.6231310272712369,10,167,0
50,1,7,0.5707229829530013,14,23,0
59,0,6,0.5654699524085011,4,161,0
55,0,22,0.43837130627674786,7,103,0
32,2,8,0.38577343568713385,1,164,0
16,5,11,1.0,4,180,0
26,5,7,0.37967032936856915,2,29,0
22,3,14,0.3699267035330107,4,111,0
13,5,15,0.35214919365950115,0,68,0
53,6,7,1.0,9,73,0
46,4,20,0.9550218560402287,8,186,0
41,4,6,0.23769916425983145,8,154,0
40,1,23,0.6512206167791494,0,108,0
46,0,7,0.9450958926181414,6,57,0
44,2,7,1.0,12,154,0
27,1,10,0.3368628863755569,3,128,0
24,0,15,0.8284394651057404,12,15,0
19,3,7,0.5986984342189426,9,37,0
57,7,2,0.0005090783365875595,3,156,0
22,7,4,0.6544731079319814,11,19,0
5,3,18,0.10130496141304526,4,112,0
51,5,12,0.8290446697984188,2,38,0
14,7,7,0.7618108283978156,9,13,0
42,7,5,0.26868161636302745,18,39,0
12,3,12,0.9438727827404769,12,58,0
21,1,21,0.6082987293818005,8,102,0
9,7,6,0.5605225730405479,4,62,0
38,4,7,0.15083681041353564,12,36,0
52,7,23,0.3851190092520052,9,24,0
64,1,3,1.0,0,79,0
28,4,21,0.6946955725331178,5,196,0
16,2,11,0.24244358844634367,13,64,0
43,0,22,0.7554018841408756,4,91,0
18,1,17,0.5251582778159611,10,41,0
52,5,19,0.5719856958119347,8,98,0
61,2,11,0.6414612577235937,7,165,0
44,3,6,0.22027567270841336,10,141,0
61,5,18,0.02188901063440518,3,5,0
46,5,7,0.5599706213804977,4,140,0
3,0,23,0.20763056969262728,3,97,0
9,0,13,0.21194711855418247,3,152,0
55,5,12,0.9968004952265849,12,144,0
22,6,17,0.906101436241839,5,175,0
59,5,11,0.19328415234661195,11,41,0
33,0,12,0.31750227724843594,7,89,0
5,0,21,0.33068386188995236,1,96,0
38,6,9,0.09319736002376233,0,25,0
28,5,13,0.902082313253302,0,152,0
25,4,11,0.3180266651723825,6,70,0
22,7,16,0.484886491388977,2,134,0
33,4,9,0.3911439729839279,0,25,0
43,0,21,0.2656942775538341,3,141,0
27,1,6,0.3308368984813982,2,78,0
0,1,12,0.6046973575216665,0,76,0
56,2,13,0.11045750275997021,9,44,0
40,0,13,0.5438845570853627,9,125,0
34,0,10,0.5512457608300063,11,143,0
42,6,6,0.41593725305620166,3,9,0
31,2,8,0.5576337208098707,10,48,0
32,2,14,0.33945520610882207,9,122,0
36,6,14,0.6090319713897976,0,44,0
49,3,4,0.6416911837526373,3,68,0
60,2,19,0.7727104371291028,14,156,0
14,2,22,0.8658202974540954,2,165,0
6,3,21,0.40288198111245355,3,29,0
4,0,10,1.0,4,6,0
48,5,5,0.8569122488644392,9,111,0
47,7,16,0.7680256581773994,15,141,0
26,7,6,0.7673287448775861,1,1,0
39,5,12,0.9105026849538308,3,107,0
5,0,12,1.0,2,21,0
15,7,18,0.46002723746348206,15,31,1
21,4,9,0.37873551388017795,4,158,0
44,0,23,0.4657798052468588,8,111,0
66,3,11,0.7061430657273733,11,139,0
58,6,21,0.2919242480491816,7,30,0
52,0,14,0.5316989853059595,7,63,0
35,5,18,1.0,13,147,0
26,2,23,0.3973935199479168,7,77,0
43,4,3,0.029978536366266045,0,70,0
14,1,20,0.1904262271747334,14,4,0
53,7,7,0.4778136020669101,9,127,0
42,6,14,0.9072153505656887,8,117,0
52,4,18,0.7537862878587969,8,45,0
55,1,21,0.3488842432257036,5,95,0
3,3,16,0.0858578947641862,3,5,0
26,0,12,0.5626443892488758,12,104,0
47,0,16,0.3910544402555965,6,54,0
15,5,18,0.33840651178790726,14,105,0
56,2,6,0.6267036949641807,6,58,0
9,0,12,0.23809529475167998,2,141,0
37,4,22,0.36099524849027376,6,87,0
19,2,4,0.056489602571238445,4,98,0
28,0,6,0.6256813547944057,15,33,0
7,7,8,0.7695323925719919,7,169,0
39,7,3,0.9799420530851322,0,173,0
38,3,11,0.7867524515760489,7,37,0
26,6,17,0.9824123282567995,7,121,0
13,0,19,0.21488717554323508,13,127,0
17,1,5,0.7650131708283912,4,28,0
21,2,17,0.5110435878825139,8,68,0
53,3,23,0.5766495285028466,8,108,0
24,0,8,0.6725864572439056,5,149,0
33,0,6,0.7331858382819191,6,126,0
18,3,14,0.9105779183040947,11,37,0
40,0,6,1.0,8,86,0
57,4,18,0.7343296265183978,5,84,0
64,3,19,0.7303963080283744,10,168,0
27,7,12,1.0,1,46,0
15,6,14,0.31864248542382456,15,104,1
13,6,23,0.7157485660362288,11,122,0
21,1,8,0.1337039913580731,2,105,0
18,0,14,0.3853040583652906,0,37,0
10,1,5,0.5271882251254285,6,98,0
53,3,9,0.5700021831452602,3,159,0
36,7,0,0.20959358868515812,15,36,0
25,3,15,0.5250472296708952,0,174,0
8,6,12,0.7619478150936941,6,164,0
39,0,8,0.7303142217945151,0,141,0
60,0,19,0.43575753473646117,8,170,0
5,3,23,0.21650654082776447,2,108,0
46,4,4,0.8775756343910638,7,64,0
12,5,11,0.4452117316144997,11,173,0
29,1,8,0.5209851595410196,8,59,0
62,2,13,0.8324730845444981,15,44,0
40,0,18,0.7495403039782433,15,34,0
48,7,8,0.9138169052357208,5,132,0
62,1,12,0.6642267650080299,5,160,0
39,3,7,0.5361479875994654,7,175,0
5,0,21,0.7255824559943156,4,79,0
55,0,4,0.34643708172491144,2,61,0
38,1,17,0.9491391991261431,5,33,0
12,3,19,0.7164590626789809,9,25,0
59,7,13,0.8004384406283586,7,142,0
29,2,23,0.37088342877865554,5,67,0
6,7,9,0.6520342980399563,0,73,0
44,3,13,0.557629400809889,0,156,0
45,3,5,0.12274488475950941,7,154,0
14,5,5,0.8662530564475445,7,44,0
41,3,7,0.46152485898481765,8,172,0
10,6,23,0.7258804379325168,8,104,0
40,5,2,0.8211836948226502,5,41,0
12,3,8,0.4787174820526138,4,112,0
36,5,4,0.982719924384033,1,141,0
7,6,10,0.3088912366451907,6,82,0
29,3,0,0.5150493077037404,11,48,0
17,1,8,0.4191866543349274,6,122,0
5,0,14,0.11500942828162865,0,13,0
8,7,20,0.27845149785173784,2,65,0
30,1,7,0.9132838382215603,3,161,0
3,3,22,0.35870907606294344,3,33,0
17,6,9,0.7263896075238635,4,77,0
10,6,4,0.9885559243035626,7,45,0
7,6,8,0.6228128846234554,7,45,0
55,5,22,0.947451154777459,8,180,0
37,7,3,0.837157638329912,1,15,0
20,6,16,0.5650183229430666,10,45,0
19,2,14,0.7851983968307319,2,40,0
44,1,19,1.0,12,168,0
14,0,23,0.12612282321283783,12,24,0
52,1,14,0.1375759857261901,10,66,0
9,5,23,0.32453667049415535,6,73,0
37,7,20,0.31347049407099037,2,95,0
9,3,6,0.2628137166675311,9,92,0
26,0,19,0.4328222303725135,0,177,0
43,3,5,1.0,7,149,0
47,4,15,0.21918662375747647,3,171,0
4,7,2,0.10411350127008248,4,65,0
37,3,22,0.8790734829129628,8,18,0
31,4,7,0.8758122651672078,4,159,0
21,7,5,0.28849846709103316,12,109,0
20,1,3,0.5857413765061101,13,54,0
15,7,17,0.7318736069694294,4,180,0
24,2,8,0.3100775990450589,8,107,0
31,3,2,1.0,5,148,0
33,3,7,0.3044740060869825,0,168,0
49,5,9,1.0,0,65,0
19,0,20,0.6967316601092752,13,124,0
13,4,20,0.35876058514691744,12,21,0
40,7,6,0.28842205183794833,3,172,0
24,0,23,0.7744892512555221,15,39,0
18,7,5,0.7272028490660121,11,33,0
55,6,15,0.9833012150247356,7,116,0
61,5,8,0.8307897296974792,2,60,0
52,6,23,1.0,10,173,0
40,5,16,1.0,6,44,0
11,0,13,0.9034736177146573,3,108,0
10,0,15,0.8798748114887819,2,7,0
48,2,22,0.15764624227473056,5,87,0
7,5,21,0.08623500823831068,7,52,0
1,7,18,0.22183200086817048,1,43,0
65,4,7,0.6250924319372889,7,156,0
54,2,7,0.7902128076649337,4,156,0
28,6,2,0.9914230740324441,4,132,0
33,6,9,0.9463623215506891,12,73,0
36,0,17,0.7097055518018568,16,43,0
60,1,12,0.9723103070860423,6,151,0
21,7,15,0.6685081425333479,11,56,0
7,5,16,0.709337972792746,4,32,0
36,6,6,0.6510020029687097,5,69,0
62,0,15,0.2648832067041544,11,83,0
7,7,6,1.0,7,45,0
21,7,13,0.7433017437646653,9,69,0
53,3,11,0.5469626915772532,6,145,0
61,5,23,0.38755919856539656,5,18,0
15,0,15,0.9420174168164472,15,32,0
24,6,19,0.300704705085362,8,72,0
40,0,10,0.9251932411152616,4,102,0
61,0,9,0.6259234824835934,3,44,0
14,3,22,0.22822289789895128,13,139,0
21,3,9,0.4573783194953679,3,64,0
45,3,21,0.5830919649584155,8,127,0
3,0,17,0.9621112915270549,3,133,0
5,0,19,0.6028016286536448,5,116,0
59,0,7,0.746747043103849,2,143,0
22,0,21,0.9211519503041751,10,109,0
7,7,9,0.23450645211045723,5,147,0
8,0,14,0.21400516789166704,1,153,0
30,0,16,0.6113751568935593,14,102,0
30,2,20,0.30911694282863766,6,102,0
42,4,10,0.5688062810330483,3,52,0
69,7,22,0.22076191820423557,5,1,0
19,4,5,0.6741336397762114,12,57,0
58,0,18,0.6784196334047765,3,150,0
11,7,18,0.42264568936745067,11,102,1
20,3,12,0.8437007093091698,3,47,0
41,1,7,0.1443129404439515,9,141,0
67,0,11,0.46564082055606554,7,180,0
41,5,6,1.0,6,19,0
14,0,15,0.9539918205621954,12,33,0
51,0,5,0.8310042074427233,0,59,0
19,0,7,1.0,14,110,0
7,3,21,0.5081817939223618,7,152,0
10,4,6,0.18671281711774607,10,98,0
66,6,10,0.2808719598450763,12,76,0
18,3,17,0.3624984233980286,4,181,0
32,3,22,0.48768796580735896,6,75,0
37,3,21,0.2832659036260106,1,152,0
65,0,7,0.9090406311970022,11,25,0
9,2,22,0.07806365915394492,4,82,0
34,4,3,0.9837028877858179,6,161,0
14,0,6,0.7682572915796617,13,130,0
11,1,19,0.2790709316161035,9,1,0
14,7,16,0.3690055961734941,14,106,1
20,0,21,0.5296508980638355,9,77,0
58,6,11,0.3026840033444004,12,88,0
23,4,23,0.5286945298073091,9,101,0
32,1,10,0.5316741452550302,5,125,0
22,0,19,0.7821132535220653,14,163,0
9,5,14,0.4175818180411556,0,73,0
39,3,7,0.6068824826164859,16,80,0
38,5,5,1.0,11,165,0
29,6,9,0.9184071568631461,7,114,0
26,4,16,0.5513255797963477,0,161,0
26,2,12,0.26308312543605544,7,148,0
39,7,10,0.3101089135544145,0,38,0
60,4,3,0.42673043267111754,9,114,0
41,5,6,0.1704817749947064,13,49,0
41,6,7,0.3040756265759297,11,42,0
51,4,6,0.2091414369414151,10,41,0
43,5,7,0.8934416811448265,9,97,0
26,2,20,0.539129612194925,0,159,0
23,3,20,1.0,6,155,0
14,5,7,0.24320812354481386,10,101,0
52,6,20,0.5867043306004482,7,92,0
29,4,7,0.4019250590520575,1,66,0
19,0,6,0.5953263565471638,6,167,0
35,0,9,0.9434788398552002,1,97,0
59,4,21,0.9973171604391906,13,169,0
42,3,20,1.0,10,177,0
46,5,6,0.6922072540214661,0,78,0
35,7,8,0.8890622108542425,6,45,0
53,7,10,0.8880105213527768,12,162,0
43,5,8,0.3775803175602269,4,186,0
10,1,17,0.5904672975873274,10,141,0
58,0,12,0.797471058329659,4,145,0
37,6,20,0.2263303441361117,1,93,0
44,0,4,1.0,1,99,0
2,0,15,0.8311984830179383,2,134,0
36,7,5,0.9832088629530711,7,37,0
24,4,18,0.453511043605913,0,169,0
49,1,21,0.9364370321297556,14,156,0
50,7,22,0.4384442960944127,6,1,0
41,4,16,0.1013047339942722,10,153,0
53,7,3,0.14612955143907558,5,164,0
20,7,20,0.7257791949080873,3,109,0
30,3,8,0.8420468319758428,10,33,0
4,4,15,0.6479994269450086,3,55,0
44,3,6,0.01466770833241908,1,143,0
57,0,13,0.42982306072742027,3,153,0
12,6,10,0.9543222801026643,5,154,0
8,7,8,0.9601371833983864,8,52,0
9,6,6,0.5689690363513011,6,28,0
46,6,15,1.0,4,137,0
52,2,17,0.7216621540899182,1,145,0
53,3,18,0.683494748071356,8,29,0
56,4,12,0.9100395681882382,1,39,0
32,5,12,0.1142472387794168,3,32,0
63,0,8,1.0,12,22,0
39,7,4,0.943584759383873,7,131,0
18,7,18,0.5195855000050597,13,47,0
40,0,6,0.21694194338889417,7,160,0
50,0,21,0.8724334111004504,14,168,0
31,6,9,0.8554084466094243,10,26,0
53,1,6,1.0,0,37,0
40,2,21,0.8299859411662067,10,44,0
29,5,16,0.9199402715540388,0,160,0
41,0,23,0.016065318089410488,9,112,0
33,6,4,0.8185572204560649,9,83,0
24,7,21,0.39140152623561203,13,160,0
24,0,22,0.4961539424698193,9,90,0
46,0,19,0.4378741762315409,4,61,0
12,4,6,0.3511362306718902,9,169,0
48,3,15,0.4449324935342633,4,160,0
8,0,12,0.4634481156840675,0,33,0
3,0,12,1.0,3,110,0
17,5,8,0.6778114894750787,10,32,0
26,7,14,0.838476284015236,7,170,0
6,2,9,0.0,6,90,0
39,1,0,0.07231805019720523,12,143,0
45,4,4,0.6890388816796695,0,61,0
4,0,19,0.6588683999065079,3,109,0
4,0,13,0.8053370336715296,4,113,0
58,0,6,0.8114870890754063,1,148,0
31,7,10,0.915874566947151,3,112,0
28,1,22,0.20367544586843822,8,138,0
9,7,21,0.1093817441840191,6,44,0
47,5,12,0.9146033899006166,12,151,0
52,0,18,0.29448211066953045,4,74,0
27,0,18,0.6538105923102167,11,99,0
62,4,19,0.48805052804245025,8,17,0
2,5,13,0.8482632103359836,2,65,0
25,7,15,0.5789200567077701,10,52,0
9,1,12,0.8754409177373569,4,30,0
17,2,15,0.5561572887325561,9,24,0
6,4,6,0.833298041959126,5,66,0
13,3,6,0.6974552313434277,8,173,0
21,0,20,0.8262634562311061,14,67,0
18,1,6,0.19555916042963892,4,101,0
65,7,23,0.8482254163614161,9,179,0
1,1,9,0.354348586735833,1,49,0
25,0,13,0.0932663482259703,0,61,0
12,4,5,0.756317459377679,8,53,0
16,3,6,0.9398948906650938,13,55,0
34,2,2,0.45595924443876784,10,147,0
24,0,3,0.8693306057824486,0,40,0
14,3,15,0.5907790158008519,3,76,0
24,1,18,0.5821772463967032,10,92,0
45,6,3,0.28090004424260445,0,161,0
35,0,22,0.5818675072675208,5,106,0
61,6,23,0.07134613181627258,7,37,0
43,7,3,0.3067333420088471,0,21,0
42,2,11,0.7606228157298446,3,42,0
24,2,21,0.750451107429378,10,6,0
38,6,5,1.0,2,128,0
3,6,11,0.8003511910671357,3,47,0
41,0,23,1.0,11,185,0
21,4,16,0.39177688695596624,16,38,0
15,1,14,0.2780426350585694,15,83,0
59,0,8,1.0,0,80,0
34,4,6,0.6699289471169168,6,48,0
24,1,21,0.7354668435346297,14,35,0
29,3,7,0.162467800735435,0,87,0
17,2,3,0.5160448753825335,7,124,0
33,2,19,0.703024544960219,6,45,0
51,4,9,0.2215465399653923,10,123,0
11,6,9,0.8008188423391543,8,49,0
30,6,18,0.5185899212002442,8,24,0
56,7,22,1.0,8,152,0
11,0,19,0.8704755101627721,3,16,0
18,4,18,0.6792261340388784,12,62,0
6,6,14,0.882578906383066,3,59,0
55,7,16,0.26020302240667503,8,36,0
13,5,6,0.3969267185032312,6,151,0
54,3,16,0.40052128500113476,3,157,0
43,0,3,0.80613465246454,1,133,0
62,0,8,0.6011698202762756,7,64,0
45,6,5,0.2840213399893043,7,141,0
35,2,21,1.0,10,123,0
2,4,13,0.14662727479873017,2,85,0
41,2,4,0.1915898424121546,9,143,0
68,2,9,0.4341160244651624,4,74,0
6,0,20,0.5609732211929412,0,128,0
48,5,7,0.4889987032805687,2,142,0
24,0,23,0.36496556001694713,13,144,0
29,5,18,0.9734585124138933,16,129,0
15,4,22,1.0,3,140,0
22,5,20,0.6955116054279122,0,141,0
50,5,11,0.4795410406863391,14,48,0
36,0,11,0.7690797723920024,7,99,0
9,3,16,0.7455746518720006,9,63,0
55,7,23,0.0,10,13,0
63,2,7,0.5260676233331498,6,53,0
24,4,23,1.0,12,57,0
28,7,19,0.5439562559309626,9,31,0
22,3,17,0.8629670064235807,2,139,0
49,2,20,0.6850025525230236,0,115,0
14,6,8,0.6966698449993394,10,39,0
43,0,19,0.870060330320968,13,193,0
53,1,21,0.73614305292078,0,154,0
35,6,5,0.31605609888098707,8,140,0
34,5,10,0.7179729692647513,6,119,0
39,3,7,0.7119950346832549,3,161,0
41,6,7,0.1487510973078632,4,176,0
62,4,9,0.6306409721008265,7,164,0
25,4,23,0.8944498394789606,2,122,0
45,4,4,0.7606980294806815,3,109,0
37,6,7,0.2092207766664232,16,42,0
38,4,7,0.31553816506789284,1,178,0
31,0,3,1.0,6,139,0
35,0,14,0.8115305491590561,4,107,0
43,6,15,0.8585309503506307,13,139,0
13,0,11,0.49858161808795975,9,176,0
34,1,12,0.06904012371146713,9,101,0
32,0,21,1.0,1,130,0
25,1,23,0.17792340479202048,13,141,0
30,6,12,0.35872231791603365,0,30,0
45,7,19,0.6203703947663394,14,144,0
50,0,8,0.9536526404498419,17,24,0
10,2,6,0.4233428871285386,5,99,0
54,3,18,0.23537344792819392,4,149,0
37,2,7,0.135478767047965,9,158,0
22,7,11,0.8092278690589682,7,60,0
33,6,17,0.8127519329548808,7,59,0
25,2,19,0.1636751888500092,13,136,0
8,0,12,0.9493385095394125,3,1,0
2,7,13,0.737801854596455,2,38,0
20,0,21,0.6057485745309011,3,118,0
37,0,22,0.5407451333782733,8,96,0
51,6,16,0.20851822038483767,11,81,0
37,0,22,0.5148028344604422,8,97,0
14,1,12,1.0,14,19,0
38,2,9,0.7152683217832413,14,137,0
42,1,21,0.41129019217216434,6,103,0
42,0,20,0.9550296875224841,14,192,0
3,4,16,0.2106747534714309,0,48,0
26,0,23,0.3442047660790419,11,73,0
13,1,18,0.28377935532385695,13,4,0
7,3,21,0.5402870607588948,2,144,0
14,0,23,0.22450285762717007,0,117,0
59,3,18,0.47837684689604354,7,4,0
43,3,12,0.9371091706498407,9,124,0
55,5,7,0.1862538661151975,0,152,0
16,6,12,0.8338436029131958,7,159,0
40,1,8,0.4727722754681405,4,112,0
9,0,20,0.5668338740678408,0,128,0
55,4,16,0.7271715314489829,5,77,0
39,0,21,0.38901213792910544,2,135,0
17,1,2,1.0,9,119,0
15,0,21,0.9305733907797216,15,40,0
15,3,3,0.6634841783260637,2,105,0
13,4,12,0.22629640722517078,11,19,0
42,4,6,0.5641800267240158,7,51,0
53,0,13,0.6676147090459894,7,69,0
62,0,12,0.8510167559624879,13,31,0
10,6,22,0.17988402390389074,5,49,0
14,0,16,0.030509423315939768,8,32,0
10,5,23,0.24243031881621888,2,90,0
61,2,6,0.4918290483736256,15,37,0
25,0,7,0.8039792792086186,0,32,0
17,7,8,0.8639451795708174,10,52,0
25,0,22,0.7386599190266616,11,166,0
62,3,4,1.0,1,46,0
18,6,13,0.31224083596471885,9,1,0
50,0,11,0.6234286381280605,5,163,0
49,2,20,0.24192155315192865,14,76,0
55,4,5,0.04957530727196633,0,140,0
24,0,12,0.7025099676464809,8,13,0
14,5,14,0.30174404171508495,14,4,0
68,0,12,0.8538945245241653,4,152,0
2,3,16,0.9458570185239341,0,171,0
53,0,16,0.23175491537292264,12,65,0
68,2,12,0.6768616290072038,10,150,0
23,2,9,0.3696165392210005,6,106,0
26,1,14,0.3196919627790102,0,162,0
59,2,15,0.39087991293123964,8,7,0
58,2,19,0.06853957609989214,10,55,0
54,0,17,0.887886851994976,5,134,0
9,6,7,0.5914549050268335,9,168,0
21,7,16,0.7079019343808247,12,44,0
44,2,8,0.4997154503727279,17,143,0
17,5,16,0.35191022149376705,11,121,0
5,7,14,0.793778207837644,5,53,0
15,0,7,0.30386329032077475,10,81,0
4,3,19,0.31647935241496544,4,13,0
40,2,3,0.6894788992064408,10,53,0
27,5,3,0.8982869521695358,12,33,0
59,0,17,0.7123246680210358,5,112,0
57,6,13,0.38891988793911425,13,79,0
28,7,20,0.540459754403886,11,167,0
2,4,9,0.06623368007684356,2,65,0
51,1,23,0.31045864921067934,7,112,0
15,1,16,0.1651980411904762,12,1,0
55,1,8,0.17055971476998377,4,148,0
21,5,15,0.5657122271506718,11,41,0
17,7,9,0.5651871951290832,11,131,0
16,6,6,1.0,3,32,0
39,3,7,0.9679899735793469,2,71,0
7,3,17,0.5432584451310802,5,124,0
7,5,17,0.0,5,157,0
43,3,6,0.3570988362414385,11,51,0
14,7,23,1.0,11,50,0
11,6,18,0.29451278950234644,11,73,0
57,3,10,0.6562697162025509,5,57,0
33,1,7,0.2039942521600378,1,77,0
59,2,22,0.8406653791503107,0,139,0
61,1,6,0.6301447363350212,6,147,0
33,0,4,0.13690734783775765,10,141,0
13,5,16,0.41410441581546126,11,94,0
64,2,15,0.7143056605222311,9,147,0
41,1,20,0.3784161560259897,3,145,0
21,0,18,0.2804813921224407,8,6,0
24,7,11,0.6117374502586886,10,12,0
38,2,7,0.8642399773101894,9,143,0
23,4,14,0.35091739543837563,7,142,0
12,1,20,0.17782565247385565,12,67,0
20,6,15,0.5173693964585409,15,5,0
48,4,6,0.0752184938822658,0,162,0
17,3,12,0.8136586761415194,11,44,0
0,0,21,0.6917584850599396,0,101,0
12,1,23,0.6023430330376638,0,149,0
53,1,11,0.6283256010464909,4,37,0
29,1,8,0.5118425384166445,4,134,0
17,5,9,0.49892078812774787,3,157,0
17,0,12,0.9787054495754699,4,1,0
36,7,7,0.1923831781133104,13,55,0
35,7,9,0.974931387683887,3,58,0
52,0,9,0.7147647135652058,2,38,0
6,3,18,0.8415938301967918,6,24,0
28,4,11,0.41178890917283484,1,162,0
30,7,13,0.15566405461936605,2,110,0
27,0,18,0.6350617069648905,4,74,0
35,3,23,0.28629229695835556,7,98,0
25,4,20,0.3636762858446828,5,60,0
47,7,14,0.3877961495736936,10,87,0
27,0,21,0.8870063835305074,5,118,0
41,6,3,0.6882377288222878,12,27,0
17,0,23,0.8296300572065693,16,159,0
61,6,9,0.9702825004261699,15,155,0
49,5,23,0.962896853431657,0,121,0
55,3,13,0.2432800535568512,5,139,0
15,5,7,0.8617688958782307,6,66,0
10,1,8,0.13781466387038677,10,83,0
2,3,13,0.8070026263689517,2,142,0
11,6,5,0.24368341135629806,11,104,1
39,7,5,0.7345347102527597,3,52,0
49,1,19,0.5720798956301312,5,69,0
25,5,19,0.642305171491198,1,68,0
5,2,20,0.5729680879830834,1,128,0
63,2,23,0.6276135307969428,0,142,0
31,2,23,1.0,8,133,0
7,5,9,0.35797737525069,5,67,0
59,0,20,0.8135904290228915,4,137,0
39,2,9,0.3157741955093434,4,166,0
29,4,20,0.25769136938125864,9,69,0
10,0,15,0.687061848644279,1,76,0
62,0,17,0.7217209984779169,5,131,0
39,5,9,0.2095499075711476,0,18,0
3,0,13,0.9133188059171893,3,118,0
39,5,17,0.7289059870264842,7,136,0
37,3,22,0.38038953600075365,5,86,0
48,0,15,0.8660828595982193,14,42,0
16,6,19,0.43799988379748955,13,104,0
41,5,17,0.6168448384573201,11,133,0
7,7,23,0.1645996856695354,7,46,1
14,0,9,0.7946081377596729,2,25,0
40,1,5,0.7161493962975023,5,121,0
48,5,4,0.8113431048200351,0,169,0
50,4,23,0.18119545375508336,15,83,0
57,1,9,0.6508862602125143,5,162,0
17,4,16,0.5030592765432411,7,80,0
60,4,12,0.18874273106992925,13,67,0
44,5,4,0.8961362862708866,7,132,0
69,2,20,0.7936857464557461,13,165,0
8,5,4,0.0907828600526944,7,102,0
52,6,16,0.47642272702422117,8,97,0
35,6,5,0.4648906960532003,8,77,0
9,0,9,0.18103030995727798,3,90,0
30,2,8,0.9976701927889376,0,30,0
45,0,14,0.5375843995296606,3,158,0
27,0,23,0.7012589612512478,13,37,0
43,6,19,0.7543489331617212,7,146,0
14,0,5,0.6226633496306604,4,1,0
53,0,11,1.0,9,148,0
15,6,11,0.752525697912411,10,44,0
25,2,21,0.18278878918514657,7,71,0
23,0,6,0.5690934497137333,6,170,0
33,4,13,0.9091644396527303,5,115,0
41,7,14,0.31613926571019696,10,102,0
62,0,6,0.5298230827912066,10,159,0
31,3,15,0.6994799150997176,13,39,0
5,0,17,0.42843677321897616,5,111,0
11,3,19,0.4667330592476477,0,120,0
16,1,12,0.3751233818205874,13,48,0
50,6,15,1.0,12,148,0
36,1,21,0.5419548315237683,6,97,0
10,0,22,0.05615640197910457,7,34,0
34,1,15,0.41285976232080085,2,157,0
30,2,23,1.0,12,132,0
6,7,6,0.12178025811068771,1,65,0
8,0,7,0.6205486836741189,8,14,0
36,1,21,0.4052505786738478,5,117,0
2,0,15,0.37100421836378017,2,118,0
29,6,8,0.9105596903438982,5,47,0
5,0,17,0.905060683357015,2,87,0
6,1,11,0.5979490880852267,6,84,0
25,3,15,0.9712166579826041,8,56,0
14,6,10,0.7622666137605763,14,110,0
36,3,7,0.15323043065982156,8,148,0
46,4,7,0.03978007925267159,0,138,0
41,2,17,0.16755516963704128,13,77,0
44,1,12,0.7624788581649067,5,52,0
22,5,23,0.5617118950474502,7,114,0
13,0,14,0.1993912296366595,4,158,0
62,0,2,1.0,0,151,0
34,5,10,0.19292298802838204,0,38,0
34,0,13,0.37320156195771387,11,159,0
65,3,19,0.49461853544059464,17,144,0
24,6,21,0.30423770170469333,13,164,0
24,4,12,0.2592898167103848,10,138,0
49,3,5,0.9574720995511014,8,86,0
15,2,16,0.6238527876894887,2,43,0
3,0,18,0.766468232262812,2,102,0
7,2,14,0.17905551861843852,2,123,0
8,1,12,0.5822624682269912,8,128,0
47,0,15,0.6321597363193863,8,164,0
48,4,8,0.6458222408176849,4,135,0
41,5,3,0.26641917151577404,13,46,0
16,3,11,0.4574539796614407,13,81,0
16,0,14,0.9311210700524709,16,35,0
65,1,16,0.09000205650790435,12,60,0
23,0,18,0.8474291773461075,16,63,0
52,5,21,0.830957411082653,3,132,0
64,0,14,0.8356895324937476,15,31,0
45,5,19,0.8957615377816462,14,144,0
32,0,17,0.2513711814966856,0,138,0
48,0,6,0.29153087796375476,2,68,0
61,2,3,0.5605068465798794,4,46,0
44,1,11,0.9150931840210785,3,100,0
12,5,7,0.23862720048018726,7,106,0
63,0,12,0.9885539682672697,17,38,0
32,4,5,0.6549612141670225,8,73,0
49,5,15,0.6427372258156343,3,106,0
12,0,18,0.4092725261226198,2,126,0
9,0,13,0.9226905508929111,1,116,0
7,2,17,0.854169037904173,7,72,0
24,4,7,0.0,9,176,0
39,3,8,1.0,8,143,0
41,3,21,1.0,7,161,0
50,1,12,0.4528067298959746,8,131,0
36,7,11,0.21720875387641692,0,41,0
2,7,10,0.4433966952416551,0,71,0
53,0,13,0.7933036380732074,6,30,0
21,7,23,0.4866010644668399,9,167,0
0,0,16,0.39606056757299857,0,84,0
37,7,13,0.8365440383614986,5,1,0
38,3,19,0.7123587938339452,11,147,0
15,1,20,0.6682437271095277,12,123,0
37,3,4,0.36888083551503986,7,179,0
15,5,15,0.34362820287669293,15,127,0
13,3,10,0.936786336509536,13,33,0
23,2,21,0.6182328454482,8,101,0
36,2,3,0.3817260090140804,6,168,0
29,3,7,0.8371405454565014,14,22,0
26,2,22,1.0,12,170,0
32,3,23,0.7553226927830228,0,120,0
47,2,13,0.38222050613416936,0,139,0
34,2,4,0.9911417551231241,0,45,0
20,3,14,0.4139743675954361,4,166,0
51,5,20,0.13232533903265764,14,88,0
61,3,7,0.4954439166441794,3,157,0
17,1,17,0.8249015524730431,15,31,0
55,7,23,0.904455222837643,7,179,0
20,3,23,0.7020607523671571,10,110,0
42,6,10,0.8633579703570983,0,46,0
45,1,6,0.22570830242510154,9,138,0
31,2,11,0.13392404683626888,0,77,0
33,5,13,0.8677713933795943,6,31,0
59,0,10,0.6251864820535904,7,133,0
15,5,20,0.8666882198002598,15,65,0
20,3,18,0.3295799319237105,11,21,0
7,5,21,0.9958784465427964,7,49,0
13,4,10,0.5085705230075304,0,29,0
6,1,16,0.9492738235255401,6,166,0
7,3,15,0.8570308464741556,7,164,0
0,2,11,0.6434503342464803,0,70,0
16,2,20,0.31659884732647076,16,157,0
36,5,23,0.819336665700225,1,104,0
9,3,17,0.6403206832093852,0,70,0
33,5,21,0.9037380965787252,3,151,0
12,0,19,0.7475006273554017,2,83,0
59,0,14,0.07196186165160405,12,58,0
25,3,23,0.7164749262495794,2,94,0
13,4,8,0.2676212189516662,8,101,0
44,2,9,0.9143525232516296,0,155,0
25,2,13,0.16474027667033705,6,106,0
26,1,20,0.5241845726400891,9,90,0
43,3,4,0.2720040903822186,7,139,0
37,4,19,0.6253347261146599,6,136,0
2,2,17,0.44856332608665883,1,132,0
43,4,17,0.3152154746769315,5,138,0
63,3,11,0.8282358083804374,14,138,0
47,7,8,0.4539343848930448,12,143,0
24,4,12,0.6749161380316121,0,44,0
14,2,23,0.0,14,61,0
21,0,6,0.9011182916959662,0,19,0
54,0,7,0.5936163854216028,5,83,0
4,1,17,0.30144644847505264,4,147,0
49,5,16,0.16157307304262067,12,43,0
18,0,17,0.8233907820530304,5,113,0
46,5,14,0.9558063011366136,10,122,0
22,3,14,0.7243531305932244,1,36,0
42,7,21,0.18194720597201153,0,92,0
50,6,4,0.23336185724128655,5,87,0
7,3,23,0.0,7,61,0
24,2,5,0.6481506437856809,10,52,0
57,2,15,0.5714013255598311,9,128,0
50,4,18,0.7684448402263484,0,142,0
42,1,9,0.6629285870194916,14,138,0
17,5,19,0.42850009412255213,4,63,0
8,2,12,0.7477410855828711,6,62,0
15,0,14,0.1344610785227527,3,145,0
49,6,10,0.9462555887199983,10,143,0
5,0,6,0.99247133608886,5,6,0
15,3,12,0.530178839320685,15,15,0
25,2,19,0.7716239482151318,10,46,0
43,2,11,0.67635258734192,0,162,0
59,0,4,0.7363462961290165,1,159,0
12,7,7,0.871206892572194,12,38,0
43,4,6,0.9357815232459071,6,122,0
7,3,7,0.5250712446988808,5,106,0
13,4,18,0.2003383786330382,13,1,0
61,4,18,0.43137881212050744,5,8,0
35,2,5,0.39496197931254984,2,81,0
9,3,11,0.6050879201021906,9,158,0
31,7,8,0.39828273915642026,4,174,0
16,7,2,0.9579186093357609,9,39,0
16,4,23,0.597012593438498,9,111,0
37,7,17,0.4110183191716641,10,95,0
23,2,11,0.2899524938318039,7,121,0
8,0,19,0.20460694427895976,8,122,0
32,1,16,0.9563774871042587,12,51,0
22,4,13,0.4803171659770339,3,171,0
14,2,10,0.4865923507831754,5,78,0
41,6,4,1.0,1,152,0
43,2,6,0.7158176270433843,1,110,0
37,0,11,0.5426285539816235,11,136,0
50,0,18,0.5642882834224915,4,43,0
27,1,7,0.1435523603936954,0,82,0
47,0,15,0.4351254414299804,7,64,0
61,3,20,0.1852309217956856,7,8,0
48,4,6,0.6542375468255466,4,103,0
38,0,16,0.6177252390886757,11,47,0
20,7,5,0.9786259470703477,16,60,0
38,5,5,0.9505468413182411,0,155,0
19,2,9,0.6507016470022406,10,19,0
11,2,9,0.5338952075080767,11,59,0
12,2,4,0.45927609135770076,2,66,0
15,1,15,0.11301294592523788,15,135,0
22,2,17,0.8413738308397635,1,141,0
33,0,15,0.15794643697687794,10,107,0
41,4,12,0.034311006523154886,0,20,0
28,3,17,0.31504100860174694,7,119,0
46,7,9,0.5738327444462399,1,156,0
47,5,4,0.831083902387088,0,167,0
39,4,18,0.7257411585500992,9,129,0
56,0,5,0.21654406511496185,3,77,0
5,7,13,0.6493128224172896,5,61,0
27,7,12,0.4369585207920826,3,152,0
63,5,12,0.049507853971077875,11,74,0
25,6,13,0.6812221048951117,1,121,0
28,3,17,0.6571757229190464,9,38,0
34,5,23,0.4364008079317821,4,64,0
29,2,2,0.5755885429919778,11,48,0
9,1,18,0.7819427321040631,8,47,0
35,3,11,0.45904404367329876,15,61,0
33,6,3,0.05774086424945642,15,41,0
6,3,20,1.0,0,63,0
32,5,6,0.8619062125198014,3,30,0
6,1,11,0.45403340913388524,6,163,0
37,5,3,0.2939974621422603,9,41,0
37,5,9,0.8325706514854929,0,114,0
5,0,21,0.5051376448276161,5,84,0
14,1,21,0.8753237302965943,0,17,0
20,0,10,0.8652744583512908,9,7,0
55,3,15,0.4449547585278504,3,78,0
20,0,23,0.24997569593738778,11,160,0
50,5,7,0.5006654248360497,1,16,0
11,0,20,0.7602222303097448,0,80,0
7,2,12,0.4177089225877785,0,69,0
49,7,15,0.36256768227068975,11,106,0
40,3,1,0.09347688346086408,8,122,0
19,4,15,0.7909888434272686,5,173,0
25,2,23,0.9884905885973223,3,163,0
32,5,11,0.6991761469329923,9,18,0
32,5,21,0.15034926066283333,13,171,0
41,5,17,0.13723958605945832,9,174,0
22,1,9,0.5386365033675595,2,83,0
35,3,4,0.09339627325963715,12,53,0
68,2,11,0.8204788090816433,9,147,0
26,4,20,0.8051351943266317,0,156,0
46,5,16,0.9117140945930814,7,120,0
52,0,13,0.651485314149327,5,145,0
45,5,8,1.0,5,141,0
43,2,11,0.6894444959377121,7,85,0
9,7,13,0.9065027184605572,3,161,0
54,2,6,0.6032690370414596,0,61,0
17,2,23,0.0,13,58,0
38,0,15,0.37980756266260074,7,56,0
6,6,10,0.5397095984958117,4,73,0
39,7,3,0.7657904322443445,3,9,0
17,3,21,0.5604429307819727,0,141,0
5,4,14,0.5155571326947567,5,74,0
14,5,10,0.9520105275453494,3,164,0
59,2,13,1.0,13,34,0
40,6,18,1.0,14,146,0
51,1,13,0.15803844811640114,14,38,0
45,4,7,0.9002705613433759,2,46,0
37,5,7,0.5807980735455812,15,57,0
50,5,6,1.0,7,77,0
5,2,16,0.9561868444008348,5,127,0
0,2,12,0.35153929510842913,0,63,0
15,2,20,0.23995740805253826,15,24,0
19,0,17,0.837300991443991,7,112,0
32,2,8,0.7879775886070741,3,51,0
30,6,23,0.4332432462887302,9,170,0
14,0,17,0.23524179776736914,4,13,0
8,4,16,0.030940843299412796,8,1,0
41,3,7,0.7418130750288516,4,128,0
35,2,0,0.31012097619025775,9,152,0
5,0,19,0.9546287477761903,5,165,0
46,2,5,0.3247055935541526,7,170,0
63,6,23,0.9854063945109062,12,173,0
48,4,9,0.6199054732770747,3,52,0
19,0,19,0.830610916564454,4,116,0
22,2,16,0.3138630814823367,13,25,0
37,5,6,0.7293777326307375,8,29,0
34,4,21,0.5700107180479816,10,77,0
15,0,14,0.5917652169658423,5,10,0
61,2,7,0.3173896847243938,5,62,0
7,1,7,0.40024794332089086,7,92,0
43,0,16,0.48227814916799694,5,67,0
33,6,2,1.0,6,131,0
18,6,6,1.0,6,58,0
42,5,22,0.8850254749363512,11,48,0
29,4,8,0.5307102468051164,13,50,0
13,0,2,0.5457087632656173,11,133,0
36,1,10,0.0,0,27,0
13,0,7,0.46363665996211706,5,147,0
24,4,7,0.143040865590617,17,42,0
56,4,7,0.0,0,138,0
50,6,23,0.8782789213402505,4,172,0
51,3,16,0.590179795827514,2,93,0
20,4,20,0.5468250609334739,11,86,0
49,3,21,0.19059470103179993,13,80,0
18,0,19,0.5557271317635084,9,112,0
60,2,13,0.8157672081900662,7,144,0
21,0,17,0.438324461765059,12,8,0
13,6,8,0.6425383388551341,7,49,0
46,7,23,0.35322504780719777,0,76,0
14,7,19,0.413333649120718,14,23,1
52,5,19,0.4254288498875235,11,1,0
47,0,17,0.4881490552534782,4,54,0
0,4,10,0.6713449690789308,0,68,0
46,7,23,0.0,8,28,0
27,0,21,0.9031789413538669,5,165,0
11,1,13,0.7088421002854455,0,47,0
31,6,23,0.10898283689548242,0,79,0
4,7,8,0.28821998505777646,1,151,0
45,1,16,0.5497472546159382,5,158,0
0,0,19,0.8534285996768596,0,111,0
35,7,8,0.982433007553962,5,107,0
12,7,14,0.7746302983204172,7,161,0
12,5,10,0.7266468025338074,3,55,0
31,7,11,0.17741671515517055,1,41,0
12,1,14,0.8662088338292828,12,18,0
50,5,10,0.760885039151862,5,23,0
56,5,17,0.18764402431238347,15,85,0
19,6,11,0.8538233195892367,8,153,0
30,1,22,0.30664312444632796,7,109,0
26,0,23,0.7502353523710242,13,32,0
6,3,5,0.11520176380100614,5,166,0
41,3,12,0.7830109910179278,4,3,0
59,6,20,0.7163302883112806,12,148,0
67,0,8,0.988017439404932,14,15,0
56,0,7,0.09420779411270151,2,59,0
13,7,12,0.8306434891666471,6,178,0
9,4,4,0.5065242985593386,1,100,0
19,2,19,0.4969386831659327,2,156,0
66,3,13,0.2536125420639249,11,67,0
36,3,23,0.45022230658441936,7,83,0
18,2,19,0.18562902911529525,14,15,0
58,4,11,1.0,2,24,0
36,3,8,0.9020058771052119,11,68,0
58,3,20,0.7389005698332746,0,133,0
7,1,15,0.28313514321417244,4,160,0
12,2,19,0.8573019218672508,1,100,0
36,5,13,0.5337030371308773,10,17,0
24,7,12,0.9047317248347826,4,37,0
39,7,17,0.7175189494381344,9,135,0
34,2,21,0.3861480659160114,13,67,0
11,5,1,0.21655593450772323,11,74,0
11,0,19,0.7520494311725436,8,42,0
11,6,7,0.8976755712393263,8,34,0
17,6,17,0.6881814352964548,16,38,0
17,0,23,0.7003354714160062,3,1,0
42,2,4,0.8523934585880278,2,143,0
8,7,10,0.6503711885957801,8,149,0
53,4,15,1.0,0,8,0
16,5,20,0.7366897251403802,1,69,0
19,6,20,0.43535805731378535,14,15,0
46,4,6,0.16432980206440725,10,151,0
39,7,4,1.0,0,153,0
36,3,20,0.3992385138798469,12,20,0
22,6,8,0.8207935136804121,11,107,0
63,4,15,0.19239494701376128,15,80,0
55,3,9,0.8582016135997856,3,53,0
16,3,13,0.8166598133949455,0,48,0
64,4,5,0.4212392035800048,12,114,0
17,1,14,0.2406493243308095,3,152,0
45,0,19,0.576925694841611,4,80,0
10,7,4,0.6576373871656765,2,59,0
13,0,11,0.24685201378854163,0,149,0
8,7,13,0.7182804235090747,2,40,0
16,2,15,1.0,4,166,0
42,2,20,0.8182513119219544,0,88,0
16,0,10,0.9120596974140255,4,27,0
40,5,19,0.13596483892983777,6,109,0
45,4,6,0.18532394043301528,7,69,0
22,1,23,0.20744669671527732,7,81,0
32,1,5,0.15284782069287384,4,75,0
60,7,23,1.0,9,167,0
13,2,10,0.5753513999435322,12,112,0
45,5,4,0.0,11,135,0
36,2,6,0.11632384490037821,1,95,0
23,1,9,0.330984939067144,4,89,0
53,2,12,0.6159771522672252,13,131,0
7,0,22,0.1970605492253791,6,1,0
13,7,17,0.4227561566957038,13,104,1
57,5,11,0.8835457968527126,11,125,0
29,0,13,0.10026238842508636,8,96,0
17,7,14,0.6967043945715927,1,144,0
14,7,6,0.29609731567229824,5,187,0
19,5,14,0.8062126186578122,7,171,0
14,4,10,0.4618346922348464,6,154,0
19,0,14,0.8696973614479974,14,37,0
9,7,6,0.596719614682713,9,37,0
41,0,8,0.5641372092173225,5,80,0
45,4,10,0.7293396130985703,9,70,0
7,4,6,0.0,7,47,0
39,1,11,0.6425937209672952,16,159,0
50,3,9,0.5603855724474692,7,24,0
35,7,3,0.26999881115671165,0,20,0
27,0,17,0.5638923510382549,15,90,0
7,6,3,1.0,7,39,0
50,4,17,0.7611734149406439,4,149,0
14,5,5,0.6486744300265841,11,49,0
11,0,8,0.524034957580683,8,170,0
41,5,15,0.563655976914647,12,129,0
62,3,11,0.6886900075950302,9,3,0
32,2,13,0.7113886855847664,10,22,0
49,6,7,0.13030406000737638,10,30,0
36,4,19,0.7069946418041717,10,32,0
72,0,16,0.7568265100910085,5,119,0
6,5,8,0.8870104467254329,6,161,0
36,5,22,0.3758461747465452,8,42,0
33,4,4,0.2823205122771896,14,36,0
18,7,5,0.967686971648398,6,39,0
17,6,23,0.5545992737174772,13,157,0
61,5,18,0.7507893246053042,17,172,0
14,5,16,0.8837538554968776,14,16,0
57,0,9,0.8216572637069115,13,1,0
42,0,16,0.20630717734653609,1,130,0
44,7,5,0.29534941781277513,5,21,0
14,7,9,0.35143921847906023,14,110,1
54,2,22,0.2661897947639308,4,154,0
56,6,12,0.24536390496555863,11,43,0
55,0,6,0.23271871345424489,13,110,0
9,4,4,0.18464066763529957,9,69,0
15,0,6,0.5443701109003531,10,142,0
24,1,16,0.6234949305591003,14,39,0
15,0,7,0.9102567548211056,12,124,0
18,5,15,0.4851987951933798,13,15,0
12,7,19,0.5433967216224219,12,40,0
25,2,9,0.4078632138019924,1,68,0
28,1,20,0.4076956059899401,11,9,0
43,3,18,0.1373776909776341,8,164,0
9,7,10,0.6216806556278109,9,41,0
42,5,20,0.5252796246863324,7,139,0
54,5,5,1.0,1,91,0
7,0,18,1.0,2,138,0
30,1,9,0.540889556240044,8,57,0
51,3,5,0.19911423110841195,3,146,0
3,3,15,1.0,3,159,0
12,6,10,0.12990462191651792,3,105,0
42,5,3,0.29627807734174033,8,44,0
18,3,6,0.6928195829305216,18,18,0
28,7,7,0.9593369122852999,0,167,0
8,6,6,0.774760080258236,8,78,0
28,5,13,0.9093444369593229,5,122,0
7,5,17,0.3426268276210005,5,43,0
12,0,20,0.2170318627492662,12,128,0
64,0,13,0.8464102845193301,11,39,0
35,3,6,0.5922480356378186,0,127,0
36,2,19,0.21575044563499374,10,102,0
22,4,22,0.7527087281803544,16,64,0
14,0,21,0.024095497593918158,6,16,0
11,0,16,0.09810928943079095,5,1,0
21,0,13,0.7178077410184862,16,40,0
38,3,21,0.3733823074213821,8,89,0
57,7,8,0.9182636638667667,13,154,0
24,6,7,0.1483717392469708,6,174,0
64,1,16,0.15560364924515685,10,97,0
11,0,8,0.7345121948809996,8,113,0
24,2,9,0.37330862912335805,1,143,0
24,4,20,0.8777324581859101,14,71,0
42,1,21,0.25841362180306093,3,154,0
54,0,6,0.9221331705971558,14,1,0
32,0,16,0.37770755693545366,0,148,0
25,1,10,0.6124165901173333,4,117,0
32,0,20,0.1743694555201098,9,88,0
8,3,13,0.8995023612312378,5,32,0
40,7,7,0.6187365235752302,7,68,0
38,3,5,0.07339923752524864,11,154,0
50,4,18,0.8455201941657268,5,124,0
18,5,6,0.33455110978880104,13,92,0
8,4,7,0.6776640835612291,3,69,0
62,1,23,0.061631735650119715,13,110,0
39,7,5,1.0,3,162,0
41,5,6,0.23777979021111462,8,74,0
15,1,17,0.9751107116412859,12,42,0
19,6,8,0.007121412825325968,9,165,0
45,1,13,0.5042240881936318,7,161,0
8,4,8,1.0,8,40,0
9,2,22,1.0,5,29,0
12,5,18,0.36508142824689327,12,109,0
33,2,4,0.8685393063145876,11,46,0
5,0,6,0.38234791144583147,0,80,0
35,0,11,0.5429967655765376,13,142,0
60,5,15,0.1430357360376714,10,84,0
14,0,4,0.5784324415948956,11,171,0
39,0,17,0.9830281299196165,12,40,0
21,1,18,0.7652114365827365,1,120,0
23,7,10,0.5380974442186652,4,139,0
45,1,12,0.8081958033344946,2,10,0
0,5,17,0.4885644587601169,0,41,0
7,2,22,0.16600225393696416,5,79,0
43,0,10,0.8798336006274612,7,34,0
34,5,20,0.8684387625850558,9,59,0
27,3,10,0.15641465527409612,4,161,0
34,3,5,0.6084119904992911,12,41,0
28,0,6,0.43357554541033305,5,133,0
37,0,17,0.7473174738489794,5,32,0
22,3,13,0.22644889868153747,9,119,0
55,6,9,0.5719154257846102,4,152,0
0,4,9,0.6392852921305622,0,75,0
66,2,20,0.8398601722864603,0,137,0
64,4,4,0.5692441731099079,3,170,0
55,2,6,0.40613458452634615,8,49,0
55,4,19,0.7860634900463084,1,136,0
49,3,19,0.6450412506344074,2,148,0
48,7,3,0.06508772224670809,4,155,0
14,5,9,0.5315999750422424,6,76,0
23,4,10,0.15559618135596273,1,105,0
42,4,18,0.6822920816247111,8,136,0
43,4,20,1.0,10,67,0
42,2,23,0.9867558407428244,7,146,0
48,7,10,0.742759081908449,0,77,0
42,1,15,0.9323877333552895,4,164,0
16,3,9,0.9230732370168762,15,37,0
40,3,19,0.3933108567355601,9,73,0
46,7,17,0.3977571816668027,9,122,0
54,1,14,0.9583936992550878,2,8,0
30,3,10,0.02707100990089384,3,55,0
66,0,19,0.7739778601219217,4,117,0
30,7,21,0.15458070759438858,1,76,0
44,1,9,0.7395092142744345,14,170,0
57,5,7,0.01560949793360511,0,137,0
17,0,11,0.7581660387102672,2,42,0
36,7,6,0.08284826521339256,14,38,0
18,1,17,0.3130748879669517,5,17,0
41,5,6,0.9303320514071063,10,122,0
5,1,16,0.70787518150494,5,119,0
35,1,19,0.5675134607637815,6,193,0
40,4,5,0.30301366342837,1,9,0
11,4,9,0.8534977912082891,10,50,0
19,2,23,0.49057363772097884,7,106,0
29,0,14,0.036431124013819746,12,104,0
49,1,23,0.39238592794667665,4,139,0
39,2,8,0.6770810827963766,0,168,0
16,3,13,0.897262823791475,8,21,0
31,1,3,0.677535108782881,11,29,0
12,0,6,0.9107849842905382,12,97,0
14,7,8,0.5140852119873511,9,149,0
47,5,19,0.9709853975740539,2,151,0
6,0,9,0.605547845802657,4,2,0
61,3,11,0.3828700230390869,8,164,0
3,6,17,0.7272383692310991,2,54,0
10,0,9,0.4762684245492503,8,188,0
38,5,2,0.5932162280989062,11,33,0
25,3,20,0.560270630009252,15,93,0
48,3,7,0.2826360127077684,14,105,0
10,3,21,0.5885229512157645,10,137,0
40,0,7,0.8545183116858136,6,90,0
12,3,13,0.17117994927613156,5,165,0
18,0,21,0.8365422786146778,2,118,0
28,5,6,0.2103300074392606,6,189,0
6,4,22,0.028203872428708393,2,94,0
24,3,20,0.4539916914007567,2,180,0
62,7,23,1.0,7,166,0
60,4,13,0.8081857570420752,11,140,0
56,5,8,0.039355263693872905,0,126,0
52,6,16,1.0,1,4,0
27,2,18,0.36316864149292716,11,4,0
48,4,11,1.0,0,61,0
29,7,3,0.8738550461075537,14,46,0
39,2,21,0.7955776224996263,6,16,0
40,1,19,0.19860938073810358,9,100,0
12,6,21,0.6524908164247799,6,99,0
24,1,12,0.5600162785531222,5,82,0
57,6,14,0.2583678281646188,13,47,0
46,5,9,0.8391337075107039,8,107,0
11,3,7,0.4342165232304302,6,77,0
40,5,5,0.28363134814616725,8,40,0
10,0,6,0.7320597378842604,7,135,0
37,6,17,0.6321481340500675,8,141,0
40,1,22,0.5004471327399593,8,126,0
62,3,8,0.9061370509044244,3,52,0
20,0,17,0.79577356263392,0,85,0
60,6,10,0.3552520864586455,17,89,0
3,0,16,0.8224109196332028,1,57,0
64,4,3,0.23976682806007693,17,121,0
34,6,8,0.5711142899614111,5,76,0
38,2,3,0.44757472099835804,1,110,0
47,2,9,0.8104323153508907,1,42,0
45,0,15,0.7868724202650164,4,140,0
24,2,18,0.6362847844284995,9,57,0
52,0,22,0.8669824663494138,1,126,0
5,0,18,0.9793065317675919,3,21,0
28,1,2,0.6581765209864694,9,39,0
26,5,7,0.31880043641502,4,165,0
7,0,20,0.2530584524498866,5,126,0
28,7,7,0.5859116521832438,5,86,0
11,0,15,0.628063038600352,5,119,0
32,2,21,0.923082634571668,5,171,0
63,1,15,0.7808352425711123,10,139,0
22,4,5,0.5704668132098116,13,61,0
5,5,8,0.23582883197382362,4,67,0
5,6,11,0.9994439344434575,5,143,0
36,4,9,0.7648497733748164,5,3,0
13,5,6,0.18909045681380868,13,93,0
35,0,12,0.6177581415610268,11,143,0
47,7,7,0.3567753221280875,1,157,0
21,2,13,0.5257518494606103,0,121,0
47,0,17,1.0,11,160,0
22,0,18,0.5623540591890708,5,123,0
57,0,18,0.3774805727221538,3,175,0
52,5,17,0.7842138167912931,14,155,0
45,4,6,0.4324238376209606,3,111,0
33,3,9,0.7242887848023316,1,180,0
48,2,11,0.6070044052659438,3,159,0
4,0,14,0.18973429381426873,2,130,0
46,5,6,1.0,0,69,0
22,3,8,0.42915112320181625,1,173,0
38,7,19,0.9173370722565453,13,150,0
3,7,7,0.11797034144724053,2,62,0
15,6,17,0.461134382310201,10,41,0
35,4,10,0.8483133029577606,8,22,0
63,2,10,0.53471465851924,5,56,0
21,2,20,0.7490091405889898,14,44,0
62,0,2,0.8047118685337914,2,149,0
24,2,19,0.8545949570755166,4,152,0
3,0,19,0.575750353641868,3,105,0
57,2,15,0.12901465036010656,11,88,0
34,6,11,0.8802538358828029,4,123,0
25,6,8,0.6113783302223279,9,76,0
57,0,5,0.61505140065382,5,39,0
56,0,2,0.8915568743104593,0,152,0
41,4,2,0.29344094504670354,11,160,0
18,7,9,0.5330440330110563,7,161,0
55,6,11,0.7660081952135837,15,142,0
3,0,16,0.15436174691133953,3,9,0
37,2,8,0.8358871708534923,4,177,0
55,7,3,0.5058164078993922,1,174,0
9,4,18,0.7560700158819893,9,34,0
2,7,13,0.7544787783432576,2,37,0
19,0,20,0.4172175968218193,13,101,0
44,6,4,0.5536685337304076,2,146,0
52,0,14,0.6290445620280006,9,66,0
47,6,15,0.7629531818328869,16,136,0
56,7,23,0.00911194784402114,6,18,0
46,2,13,0.5238145141177295,10,188,0
45,7,12,0.5190123075664742,9,110,0
18,0,21,0.7417477414189378,16,43,0
15,1,19,0.22775401939707926,15,1,0
54,1,6,0.3530034537413765,3,132,0
13,3,11,0.6078722445381637,13,55,0
30,6,15,0.23586112374629944,7,127,0
16,4,17,0.07103410200043943,11,64,0
64,0,22,0.2731294722147692,10,88,0
47,1,9,0.5497860257233933,5,178,0
26,4,13,0.38704043936931615,2,160,0
68,0,10,0.6689831578364736,2,27,0
12,2,18,0.9348308878229191,12,31,0
16,7,5,1.0,7,54,0
29,4,20,0.37240742151055123,6,69,0
6,7,14,0.6213522947802934,4,62,0
4,2,13,1.0,4,25,0
44,3,22,0.864256834185997,13,181,0
9,3,5,0.9276730273934375,7,52,0
23,5,14,1.0,4,120,0
19,3,8,0.6051144934276909,12,112,0
66,5,8,0.6748033616748099,8,167,0
8,6,16,0.30127980990906167,5,152,0
34,2,23,0.44882090219906906,12,106,0
27,0,16,0.44801261412127813,0,145,0
46,1,9,0.6283021350670531,14,139,0
27,6,12,0.9098983382582658,7,60,0
11,5,19,0.35475794996193466,11,92,0
51,0,6,0.279942837153887,0,62,0
41,4,10,0.1694414705625421,10,124,0
17,0,23,0.2550794105187708,13,152,0
2,5,11,0.6827324718655197,0,56,0
35,7,8,0.09044349438693039,0,46,0
7,7,13,0.8736916302675841,5,54,0
48,7,15,0.9373274921716509,7,109,0
54,3,8,0.5841144981176033,14,45,0
24,4,20,0.6245861400487539,1,64,0
60,1,7,0.16412132172675734,2,68,0
25,3,22,0.9578281323880592,9,150,0
39,5,23,0.7737682697061401,10,55,0
13,4,17,0.3446933302602858,13,106,0
22,0,15,0.1363166813590093,6,154,0
36,1,7,0.8732177306091561,4,56,0
41,2,4,0.4001513365817815,8,182,0
10,3,19,0.8249084225902533,10,53,0
9,2,18,0.4496126757882677,9,118,0
15,0,19,0.5308951212620797,7,146,0
8,6,23,0.0,8,45,1
22,5,23,0.2810001039540726,14,83,0
50,1,17,0.7751775581653522,12,154,0
35,6,6,0.6159216374669476,5,85,0
31,1,20,1.0,10,37,0
4,0,9,0.5546267433020103,4,18,0
13,2,6,0.5384017926641418,5,99,0
49,6,14,0.9118941419663874,13,128,0
2,7,23,0.20121592849170788,2,46,0
44,6,7,0.16810763839116474,5,70,0
46,3,5,0.3153157620435836,8,172,0
3,1,12,0.6019870976733397,2,82,0
23,4,18,0.6348178545694596,0,77,0
3,4,13,0.7614733971078504,2,67,0
39,3,7,1.0,10,80,0
48,0,18,0.4896700331774625,1,63,0
37,1,3,0.15839915505441493,2,82,0
9,0,9,0.9589142164482811,3,36,0
19,0,18,0.6958617255518599,4,119,0
42,7,6,0.08923980191328412,11,47,0
31,3,20,0.9816619593198216,5,162,0
12,1,9,0.4574299378113087,9,163,0
19,5,17,0.353325909009354,12,36,0
54,0,12,1.0,14,49,0
46,7,4,0.33229512606021505,1,20,0
9,5,8,0.053371435492273855,5,85,0
17,4,23,0.8068433320423923,17,76,0
49,4,9,0.9099911677965571,3,62,0
4,0,16,1.0,1,109,0
37,3,13,0.33025919383574887,0,38,0
39,5,12,0.6832174814525309,1,53,0
41,0,20,0.6497638820941302,5,58,0
28,1,22,0.8439296131627156,14,43,0
4,5,8,0.3211910697882595,4,82,0
36,2,22,1.0,0,123,0
59,2,14,0.7418123676364214,6,132,0
20,0,11,0.496703384529589,0,155,0
7,1,15,0.6470068127917725,7,95,0
17,7,16,0.24447506497302987,16,42,1
40,6,7,0.2817941181524114,0,31,0
13,0,21,0.9938062296140778,0,81,0
34,3,5,0.8027104404476092,10,25,0
21,0,21,0.3833173135081704,12,67,0
8,4,19,0.14594486733110884,6,136,0
14,1,14,0.5007998346629667,13,77,0
11,6,8,0.12450423067398009,11,93,1
55,0,17,0.5676635416420449,5,78,0
12,6,20,0.3272819788250011,11,34,0
55,1,16,0.5572390601893799,5,154,0
12,7,13,0.7214239703171751,3,47,0
25,0,20,0.7451492661634667,12,41,0
32,6,6,0.40767054214474713,14,57,0
10,7,10,0.6028802473664456,6,44,0
11,2,13,0.09282306137579896,11,166,0
38,0,10,0.6906457753454678,12,136,0
0,0,17,0.90196836031689,0,109,0
45,3,6,0.12400178458323272,10,180,0
58,0,7,0.2543743675097139,1,67,0
7,4,12,0.8378512156425281,7,164,0
55,6,11,0.2423955105518884,12,77,0
21,3,10,0.46714490926157504,3,161,0
42,0,3,0.46081716958444663,7,118,0
17,6,17,0.5948320124364409,9,45,0
9,7,7,0.35918704608043395,9,96,0
60,2,11,0.5219430824995055,16,59,0
36,5,8,0.6822863996286781,11,17,0
50,7,6,0.8931581267708822,11,152,0
11,5,6,0.8238149673994699,11,89,0
61,4,23,0.925027392371866,9,172,0
37,6,10,0.23142513508224738,0,25,0
42,5,17,0.43332885540946336,8,108,0
17,2,23,0.4970125113678999,12,95,0
13,6,7,0.9618992366544644,13,26,0
32,2,15,0.27591698451196617,0,23,0
25,3,22,1.0,5,140,0
16,5,21,0.64137998036199,8,99,0
62,1,7,0.5832834990776888,11,16,0
2,0,13,1.0,2,96,0
25,7,13,0.6763420031143987,4,64,0
26,3,5,0.32683057428699513,4,109,0
37,3,5,0.9731145201306869,6,134,0
18,0,6,0.9684258250811141,13,122,0
1,4,11,0.5617981931527386,0,76,0
43,6,23,0.7870254311442755,13,171,0
45,3,22,0.2825844650212531,15,84,0
16,5,10,0.7935722865866762,9,108,0
10,3,6,0.19069477887739977,5,167,0
21,3,12,0.42020434131403955,3,157,0
46,7,13,0.12361358311682161,10,167,0
58,6,7,0.6892772732564348,0,152,0
0,6,9,0.734704274770991,0,56,0
46,1,15,0.2611323194176827,3,151,0
14,0,10,0.5279417663116859,10,169,0
40,0,18,0.38945643941580355,2,137,0
40,3,10,0.8941959965448772,3,166,0
21,2,20,0.5370929714137822,12,79,0
17,3,23,0.14164452930545127,11,54,0
46,3,9,0.49974345726604685,6,180,0
27,0,7,0.6405056762631054,4,173,0
53,6,23,0.9565367760729634,6,178,0
41,4,9,0.7049832629860733,9,16,0
31,1,23,0.5556401685051201,10,67,0
40,2,9,0.6711326196410313,12,142,0
44,6,6,0.8767825523654067,6,116,0
54,3,17,0.6144995803866761,2,165,0
43,1,20,0.3513675575099613,12,82,0
18,0,15,0.7636034182596741,7,41,0
39,2,8,1.0,7,153,0
11,6,10,0.6147677638274541,11,115,0
43,7,4,0.38088350976500446,0,23,0
60,5,14,0.1599497466149402,11,78,0
8,1,15,0.5671224253040634,7,64,0
8,5,3,0.5762286400517824,6,66,0
31,2,22,0.3951155053318501,13,73,0
46,0,18,0.7806375817174942,14,179,0
8,3,20,0.46368976585185684,8,142,0
19,4,6,0.7151040650315592,10,108,0
11,1,7,0.6792428200744478,11,109,0
47,6,9,0.8012031536030324,0,76,0
37,0,6,1.0,3,78,0
29,0,13,0.5949761825790929,12,95,0
39,1,18,1.0,14,166,0
8,2,23,0.7540698461518882,5,101,0
55,7,22,0.28984750365647227,9,25,0
36,6,3,0.9193413529211931,0,140,0
34,7,10,0.608842994091441,12,31,0
49,7,16,1.0,8,120,0
64,4,6,0.7019757402684057,3,160,0
53,5,12,0.3768062287366558,6,5,0
11,5,5,0.3881422039559534,6,172,0
7,5,20,0.5421579270621748,3,1,0
48,7,8,0.8572852872403789,13,152,0
28,5,9,0.8864556790232091,5,96,0
61,4,12,1.0,4,12,0
42,3,8,0.7975636094742603,3,47,0
51,1,2,0.576099740836705,8,165,0
29,2,10,0.316413040545628,1,73,0
47,2,22,0.45384536985995527,6,111,0
20,0,21,0.9817802794241135,13,27,0
39,3,18,0.7136588164992759,8,144,0
16,2,5,0.20404101898545857,5,152,0
51,4,19,0.3303114628387002,13,53,0
53,0,19,0.44973585649699693,9,160,0
19,4,15,0.2551431292572949,14,103,0
60,2,12,0.7530079009854431,16,35,0
9,0,12,0.14602639326439723,7,162,0
32,3,23,0.9547189720784478,3,114,0
38,7,10,0.7634017368163474,0,127,0
28,0,5,0.7708738190275919,2,122,0
37,5,9,0.5341649799037531,12,33,0
54,4,14,0.13101281527165765,11,47,0
29,1,10,0.4815385988772497,4,134,0
40,2,10,0.9190032669079418,2,107,0
62,0,6,1.0,12,15,0
40,3,9,0.882292052498405,5,171,0
13,2,20,0.6019416542769717,3,90,0
59,5,9,0.5981959252401776,3,166,0
25,0,10,0.4855962789530426,3,62,0
10,0,9,0.05435154479140923,10,71,0
15,3,19,0.7619212169238331,1,145,0
30,4,19,0.49562219361750487,7,97,0
15,4,18,0.969966642708022,4,139,0
53,3,12,0.5007190473153843,5,137,0
16,4,6,0.2653153795411726,7,149,0
12,1,5,0.5952448010259286,11,145,0
5,0,18,0.06294911669917323,5,1,0
45,0,18,0.5829795880709622,5,65,0
7,3,23,0.5819775600409756,4,125,0
43,2,23,0.46176987688838145,7,103,0
59,5,7,1.0,0,44,0
54,4,0,0.47439369637392054,1,155,0
51,0,14,0.6998740223516636,9,71,0
69,4,20,0.8619143092010576,9,170,0
37,7,3,0.9879401970395666,2,26,0
47,4,5,1.0,0,80,0
4,1,17,0.08859557945419604,4,3,0
6,5,7,0.36350482733092876,6,76,0
41,1,18,0.8292400593482562,7,47,0
18,6,13,1.0,8,165,0
29,5,5,0.1802821204204899,9,163,0
19,0,10,0.3986661621441771,6,66,0
14,6,13,0.22343845706369947,14,111,1
17,0,22,0.8372855997463431,14,50,0
17,6,20,1.0,4,153,0
36,7,21,0.8740511888693485,9,136,0
17,5,22,0.428106077692225,11,102,0
26,3,11,0.11100168803158936,0,99,0
12,3,9,0.6720747193734748,12,24,0
37,6,20,0.9141240472092795,10,149,0
16,1,21,0.23737349629311832,11,1,0
47,3,13,0.7299325302038869,5,46,0
38,6,18,1.0,9,140,0
38,4,8,0.8444414043182915,8,22,0
44,5,7,0.20772822333046687,6,62,0
56,2,8,0.5107586935906746,5,144,0
32,6,16,1.0,6,120,0
56,6,23,0.8720998087889039,7,164,0
46,5,4,0.47682430103808543,2,160,0
44,1,13,0.721247114273299,2,64,0
50,3,8,1.0,0,38,0
59,5,10,0.17114475988315733,14,85,0
7,0,12,0.7234845995366382,0,37,0
19,7,17,0.47933406983659776,0,134,0
35,3,5,0.28041053355534007,2,69,0
15,6,13,0.8545359728991644,4,181,0
8,2,8,0.4354171724507123,7,159,0
43,0,23,1.0,1,126,0
43,4,7,0.23666939533180806,7,57,0
54,1,10,0.48396723673243036,11,59,0
40,0,18,0.5313145618492185,4,172,0
54,1,22,0.1193756345762242,11,68,0
2,2,16,0.40461907041523426,2,81,0
2,4,15,0.32914970882923744,2,44,0
32,2,13,0.2365124289557743,8,152,0
6,6,16,0.5129056337702451,1,52,0
7,1,19,0.8972676284092971,5,177,0
5,6,13,0.8080627291648693,1,44,0
33,4,8,0.4986180505912683,14,48,0
12,0,19,0.3430900009385177,4,85,0
15,5,5,0.2721359963111454,9,55,0
10,1,6,0.43767481966729327,8,173,0
27,1,15,0.6373710779726107,10,42,0
32,0,23,0.2948425444032564,13,146,0
19,0,21,0.1671256092182608,15,130,0
55,0,19,0.41102385255109747,5,102,0
53,5,13,0.1666476871249461,13,32,0
41,3,22,0.32018072229823763,7,125,0
27,6,6,0.6607627007559154,5,60,0
26,2,22,0.590387138457244,8,96,0
45,0,19,0.8456084961880851,11,43,0
39,4,3,0.31391060850740365,13,136,0
65,3,9,0.6205522432228816,6,142,0
19,4,10,0.5471544848260113,14,45,0
40,5,18,0.10497629779007003,0,23,0
49,0,17,0.530476208569759,5,154,0
9,6,7,0.6377016437176335,9,63,0
37,2,7,0.8565021823938568,2,38,0
33,2,22,0.8344367355523776,9,176,0
35,7,5,0.39916516270663066,4,23,0
61,3,13,0.7091125260294653,7,130,0
37,0,23,0.5367676617345958,8,78,0
26,2,17,0.5323298743919119,3,158,0
31,4,4,0.7382111159689925,11,40,0
21,3,22,0.8864895926870169,15,68,0
42,3,5,0.5067573267668748,9,54,0
16,2,20,0.4111628114961977,12,103,0
12,2,21,0.43549094629897167,4,129,0
47,7,16,0.995324170903411,7,129,0
60,1,17,0.7361097654052164,3,125,0
22,3,19,0.5320126326496888,15,113,0
35,7,3,0.3987978461380265,6,87,0
36,1,6,0.08801375623661954,7,129,0
45,1,14,0.9203194913939771,10,45,0
43,4,9,0.5506555125483567,2,100,0
25,1,17,0.40408620069281026,1,180,0
38,0,21,1.0,9,172,0
61,4,12,0.7317229121431088,12,142,0
50,7,6,0.540790293537524,1,9,0
11,4,23,0.1988793621239242,11,75,0
11,2,13,1.0,7,1,0
6,0,23,0.18818151705881944,6,105,0
55,6,16,0.8364806942652964,4,88,0
14,0,18,0.6054062972489918,5,127,0
40,0,18,0.9393554764289455,11,39,0
52,7,20,0.6587810106338097,6,140,0
37,5,2,0.35159529053950533,11,122,0
0,7,16,0.560452187636609,0,31,0
40,4,13,0.9671160713915444,0,42,0
38,7,6,0.14751152351581226,9,51,0
44,5,4,0.17883319935998315,15,175,0
45,4,18,0.600198951001813,15,127,0
14,0,19,0.31174654018726394,14,131,0
44,1,13,0.18431454295770344,1,128,0
46,6,13,0.037679906598452245,12,53,0
33,1,7,0.8394300578397229,6,167,0
18,3,12,0.800482642129734,15,127,0
25,1,8,0.06912360342463034,2,94,0
20,3,12,0.41159551643405645,5,123,0
30,1,8,0.3255340190115707,7,111,0
50,3,10,0.8749665526198834,16,160,0
15,1,9,0.31984303670433994,5,178,0
16,5,21,0.46387159286600355,16,90,0
22,5,8,0.20860647643342178,4,73,0
33,5,12,0.9030099115549661,10,22,0
48,0,0,0.1854773955568639,3,60,0
60,0,9,0.8119126904570325,2,127,0
37,0,9,0.6406439071391414,12,149,0
50,0,4,0.7138160599514995,0,134,0
39,0,0,0.07438437006901444,3,89,0
9,7,14,0.5108007598677466,1,59,0
4,0,15,0.9047807911564595,2,98,0
14,0,21,0.184612622862927,11,116,0
18,1,20,0.6425127141637269,3,14,0
31,0,21,0.757577670287735,4,114,0
46,7,10,0.25858095752758564,12,129,0
57,2,9,0.6606649558810352,3,20,0
46,0,13,0.6189733122640446,6,93,0
39,4,8,0.7660121382082646,14,137,0
8,6,4,0.4968162832050992,4,71,0
66,4,5,0.9543647973992503,2,49,0
57,7,23,0.9437145791741897,9,186,0
39,4,6,0.15703285548582877,8,156,0
18,0,3,0.361442267647727,6,155,0
7,2,23,0.4791370399331428,7,152,0
11,5,6,0.6271737308966827,8,46,0
55,3,12,0.744566910931075,7,159,0
50,0,4,0.600886528102016,2,119,0
2,0,19,0.5828426979364179,2,109,0
16,7,8,0.747808564857832,11,56,0
10,5,15,0.8324305548100283,1,174,0
6,4,14,0.7782481483025684,6,50,0
32,0,10,1.0,8,78,0
41,5,3,0.6295999236956813,11,37,0
61,0,21,0.7233728191436791,7,131,0
57,3,15,0.9879344127892776,12,151,0
35,3,6,0.22900948039348268,0,76,0
11,0,11,0.6069708727822177,11,179,0
33,2,7,0.7734442579284356,1,39,0
17,0,23,0.5674761170490832,8,104,0
40,3,17,0.8963589941482812,9,69,0
4,4,21,0.3944170092678178,1,145,0
50,3,10,0.18271375868677947,12,39,0
22,1,22,0.760362421906506,13,40,0
6,0,11,0.7868067922156459,6,111,0
19,6,13,0.6669482405930343,9,155,0
32,3,18,0.8459360645376991,14,179,0
35,2,8,0.8015289207388426,12,149,0
9,1,17,0.24383230307419207,9,143,0
36,4,7,0.9017461940251066,6,129,0
57,7,11,0.8868073380641754,8,173,0
26,6,6,0.9831941024779677,4,41,0
46,4,3,0.8256380518711062,0,163,0
11,2,23,0.45490018376618035,3,127,0
16,1,10,0.6159472809680305,0,25,0
36,2,16,0.6339819828949351,14,42,0
17,1,16,1.0,17,18,0
2,0,5,0.8840581638516132,2,14,0
50,7,16,0.4254117072316641,7,103,0
8,1,21,0.41494046272864915,0,151,0
3,0,14,0.2571445449711608,1,162,0
41,1,5,0.2848953394491979,6,156,0
42,7,5,1.0,8,50,0
44,1,12,0.5431530410489909,5,158,0
46,4,6,0.9512223335780329,5,129,0
52,0,20,0.0592939082384074,9,96,0
38,6,4,0.1123348925181213,15,37,0
50,4,14,0.25611918123264993,11,43,0
49,0,12,0.8109502497306628,6,79,0
3,1,9,0.7449362581554186,3,28,0
44,0,3,0.17173504951643537,4,81,0
3,1,20,0.6085807770605813,2,111,0
61,1,13,0.8634444725275603,7,146,0
40,5,9,0.7175227278673078,7,79,0
10,0,17,0.4288030832230217,10,144,0
40,4,4,0.21039710651610904,10,129,0
69,1,12,0.6291508796384886,7,150,0
27,7,7,0.8620064754224718,14,56,0
55,7,4,0.012619747491571326,7,84,0
37,2,2,0.1651781918075769,0,87,0
50,3,6,0.9982912299147679,8,45,0
47,4,22,0.6052523757776824,12,156,0
4,3,4,0.5910461688034376,4,3,0
34,6,5,0.8995979686710733,0,8,0
3,6,19,0.34241913848355,0,18,0
42,4,20,0.7935698207637508,11,182,0
62,4,17,0.5319104500126834,6,2,0
60,6,5,0.26491470277466517,4,169,0
28,6,17,0.6353605697458761,10,40,0
40,2,13,0.31869508008769076,2,22,0
0,5,14,0.47907704246343613,0,92,0
24,2,22,0.2629851583027696,9,71,0
16,0,18,0.22900451640682523,14,129,0
9,0,7,0.6788937967687786,5,2,0
42,0,7,0.8957182781611089,6,90,0
26,0,9,0.41932124444326124,5,65,0
16,5,22,0.8947248688770096,13,60,0
22,3,22,0.46170468395838193,12,83,0
56,3,9,0.5283524944912713,4,24,0
35,4,13,0.3642930245469025,6,91,0
41,4,5,0.6947250481286356,9,48,0
2,0,12,0.8754500307691956,1,120,0
59,0,4,0.8148911467849509,2,143,0
48,3,8,1.0,0,77,0
23,0,15,0.911948067837386,12,41,0
2,0,22,0.1932929191766965,2,83,0
8,3,16,0.7404066016649314,4,145,0
1,6,11,0.7411513365849165,1,84,0
9,2,21,0.6565682414444949,3,152,0
50,0,17,0.5690488221267131,6,159,0
15,2,16,0.8439666953925202,13,26,0
41,0,20,0.7910556508633952,14,36,0
22,6,15,0.5968265884407107,1,114,0
47,3,20,0.4880810484746507,5,141,0
57,2,3,0.6388969492715026,4,33,0
53,0,5,0.07308755043545995,0,77,0
10,4,22,0.7660670043293252,9,44,0
37,2,20,0.6484203124272911,8,139,0
37,3,4,0.2200626020026445,1,70,0
36,2,6,0.2617117096878746,9,169,0
32,5,23,0.49605699822178173,2,96,0
43,5,21,0.6039041385352333,7,110,0
36,0,12,0.4370642898218433,10,130,0
10,0,17,1.0,3,5,0
30,5,6,0.06075350520934461,8,147,0
19,3,16,0.96837405053608,3,142,0
21,0,9,0.6863003615230026,6,112,0
7,2,14,0.6257257609899002,7,86,0
52,0,19,0.8998357747279,5,109,0
7,1,22,0.533636050050192,4,124,0
27,0,16,0.6757671303591755,12,102,0
21,5,21,0.8398979365797318,13,55,0
50,1,3,0.06435164075482333,7,134,0
34,3,7,1.0,5,138,0
48,2,17,0.6906381774103996,4,32,0
68,4,12,0.8023184917318955,13,33,0
28,7,8,0.21096752912998268,2,62,0
34,3,5,0.6957822566996035,3,175,0
54,0,8,0.6002216518064283,5,90,0
12,0,11,0.8470155692175068,1,44,0
25,6,15,0.6889560153167719,12,64,0
35,7,18,0.12052773115471818,0,74,0
48,0,20,0.8039649046783454,11,59,0
23,2,11,0.38539731372330427,2,73,0
39,7,10,0.8314498282909785,6,23,0
16,1,23,0.0,10,81,0
47,7,19,0.4067430806702183,7,98,0
9,1,16,0.8227978756578563,1,9,0
7,5,6,0.6460223653186588,6,86,0
28,1,21,0.4201462839516507,11,78,0
13,3,19,0.7688751725418882,6,53,0
39,3,1,0.7493416059489775,9,45,0
48,3,5,1.0,7,156,0
36,2,16,0.06144694608797272,8,108,0
38,0,11,0.5684663257922814,5,59,0
10,3,19,0.7791646953253799,10,37,0
14,3,13,0.7973436477195106,3,28,0
21,4,9,0.1690451307890011,1,71,0
33,2,23,0.9516444085651419,10,182,0
48,0,19,1.0,12,33,0
29,4,23,0.33772013270868206,10,148,0
57,1,20,0.38452734948741174,6,143,0
67,5,11,1.0,9,140,0
8,0,8,0.664920089011672,8,116,0
30,6,21,0.42042560457087585,12,24,0
47,7,5,0.1328760843299681,3,195,0
35,3,16,0.26680212493699984,6,164,0
27,4,20,0.6882328007757132,13,43,0
34,4,1,0.2656756226792585,11,130,0
20,1,23,0.6534619622411174,8,100,0
32,4,4,0.8318577130084599,9,36,0
4,1,13,0.032773580837527516,4,2,0
45,2,6,0.9767896080480811,6,171,0
48,2,5,0.07238344646474597,2,150,0
51,0,3,0.44847085075145043,5,111,0
43,3,21,0.19028868601501042,10,150,0
50,7,5,0.2917027491948109,3,169,0
10,3,19,0.6171288398131991,0,124,0
57,3,0,0.39347808116403044,13,114,0
15,4,13,1.0,6,160,0
40,6,18,0.8821196043749143,12,40,0
60,3,17,0.2026779486497924,14,104,0
34,3,23,0.9384931228596068,7,109,0
55,5,7,0.6467111900865634,0,155,0
59,0,3,0.8617439760442815,0,153,0
45,2,20,0.13854684967768705,9,101,0
52,4,13,0.3307916622283454,13,45,0
28,4,21,0.43265345300122354,15,89,0
4,6,10,0.9809303356075989,4,48,0
22,4,12,0.7044240465463166,2,24,0
19,6,20,0.8179824317560976,1,157,0
37,6,3,0.7259229926065317,8,43,0
18,7,6,0.9853216430812766,3,150,0
31,4,6,0.1822522113004367,13,56,0
35,0,18,0.8275247681522274,7,190,0
32,5,5,0.7887997668478012,7,85,0
7,3,3,0.26772852734685354,7,103,0
27,4,17,0.7536230121523663,9,41,0
13,7,19,0.2834586727082642,13,107,1
12,5,11,0.47378530769949223,12,181,0
42,0,14,0.8484761223393739,8,101,0
36,7,11,0.16723857033832512,6,162,0
57,0,19,0.6295180288275704,1,143,0
28,1,22,0.870111594576612,3,118,0
40,0,21,1.0,10,112,0
37,0,17,0.10567587568981182,10,78,0
39,7,3,0.20962575898257296,12,52,0
16,0,18,0.09652760880498484,8,1,0
23,5,16,0.7253865017452058,1,82,0
45,5,9,0.6235079211884413,4,50,0
20,3,15,0.44331481494004055,4,163,0
4,0,10,0.7396702222339144,4,13,0
15,1,22,0.8339247363991876,0,9,0
5,7,13,0.8985298153780887,5,39,0
21,1,5,0.23403970985943862,10,133,0
39,6,6,0.10631579851137615,10,65,0
41,6,3,0.3552978642416269,0,19,0
33,0,6,0.6061876759868412,14,157,0
43,6,5,0.15207430480855122,6,65,0
12,6,23,0.6214029562781442,12,64,0
10,4,6,0.0,10,83,0
15,1,16,0.9129813184025994,10,36,0
13,1,17,0.969945000703947,13,30,0
37,6,3,0.6977598788972657,3,1,0
9,2,8,0.5719553166974813,9,98,0
13,4,23,0.6455669893903476,7,90,0
22,2,22,0.4650024706411915,9,76,0
62,7,22,0.2105602794872653,5,1,0
40,2,5,0.9245365492460407,5,119,0
27,4,9,0.36945329864418597,2,171,0
18,6,10,0.11305582597584296,11,75,0
28,4,4,0.45009778411414597,14,52,0
13,7,10,0.6512782642305162,13,112,0
33,4,3,0.5044940967446658,10,43,0
51,0,10,0.8213400237261451,16,29,0
0,2,11,0.5764282211772045,0,65,0
0,0,19,0.9316540867403635,0,91,0
36,0,20,0.014886590504920708,7,122,0
38,3,23,0.5384259258303016,9,101,0
9,7,23,0.26277610910378324,3,53,0
12,1,12,1.0,9,29,0
45,4,6,0.9428921560966931,9,128,0
31,2,11,0.5395050132560946,5,140,0
1,3,20,0.42325322591285053,1,134,0
26,7,7,0.8947425326023373,2,1,0
10,2,8,0.7404289850384543,10,127,0
33,0,3,0.21588519401214756,0,90,0
17,3,12,0.4510081258149033,15,60,0
25,1,18,0.35612478540367487,0,140,0
22,0,12,0.539233118068735,12,132,0
11,3,9,0.1912851065256186,10,73,0
13,2,12,0.9317642934609643,0,111,0
42,2,12,0.5800117628395116,6,168,0
51,1,18,0.12474421255027093,14,84,0
13,2,6,0.6179404758367102,7,1,0
14,0,22,0.20989535483086497,14,1,0
3,1,16,0.7939175764701518,2,133,0
28,7,16,1.0,6,137,0
45,4,6,0.24183876984353445,11,44,0
56,0,6,0.6485584053392748,2,176,0
20,0,13,1.0,17,43,0
37,3,6,0.9055774928793573,10,70,0
19,0,20,0.17166086945246595,16,122,0
48,7,4,0.9015853190729544,2,40,0
15,0,22,0.986087712913859,12,43,0
26,3,5,0.731601390155122,11,23,0
9,2,21,0.861360624962585,9,52,0
26,5,21,0.8178596581524183,12,71,0
3,4,12,0.9612653607824624,3,137,0
26,7,8,0.8983411417199939,12,46,0
36,5,3,0.48029569956682827,2,153,0
1,0,17,0.5024533219202392,1,121,0
31,5,19,0.3446215221252823,12,89,0
37,7,8,0.9006826752707261,5,43,0
18,1,6,1.0,0,21,0
51,5,17,0.9186448251021758,16,143,0
30,6,19,0.3221558983468731,9,22,0
11,6,8,0.5682003251684019,9,174,0
22,4,16,0.09527845073747213,1,121,0
20,2,10,0.13861023632977865,1,83,0
11,2,18,0.8656782648500587,7,149,0
43,0,19,1.0,10,183,0
20,4,20,0.7117990668280979,1,164,0
37,1,21,0.7907801057537666,3,106,0
4,5,13,1.0,4,181,0
24,0,8,0.3897698176963583,5,166,0
61,4,15,0.557031368414566,8,3,0
65,6,18,0.4686727961495562,4,20,0
10,1,11,0.5343139721504901,10,154,0
13,5,23,0.208026109898181,11,92,0
53,2,13,1.0,4,21,0
37,0,13,0.3813259964320367,10,135,0
18,2,6,0.16282569656449902,10,80,0
40,2,21,0.9445843893084639,11,76,0
45,3,9,0.9232091299503892,0,75,0
34,7,6,0.5507811963193965,10,79,0
53,0,17,0.8895183296380661,13,159,0
36,5,1,0.6718253378912109,9,41,0
50,3,11,0.6927864036435819,0,49,0
13,2,20,0.7818627016323642,2,5,0
30,2,3,0.5179369263961462,10,47,0
48,0,15,0.8455977115596323,13,29,0
18,7,18,0.4970963029613782,13,164,0
15,2,10,0.4115789667914328,15,76,0
18,4,23,0.7525967962960743,7,105,0
4,6,19,0.3070707116451426,3,8,0
49,3,5,0.5752211850123473,9,176,0
21,3,8,0.05554784278935135,1,87,0
7,7,11,0.8890324528573327,7,60,0
3,7,7,0.14707058610945944,3,71,0
23,0,17,0.5748080378267642,0,188,0
47,2,8,0.6267842960788578,12,49,0
22,6,8,0.9725439640539334,12,107,0
9,0,8,0.6058578573064832,8,114,0
36,6,5,0.6328568449361466,0,34,0
51,5,16,0.8790361668852527,13,152,0
45,7,14,0.046911465840683286,7,171,0
44,6,16,1.0,7,124,0
41,2,20,0.07404965846135167,9,112,0
50,3,6,0.4108698076671721,6,176,0
46,4,14,0.8542254177886214,12,62,0
56,5,22,0.9392840738390822,9,169,0
9,0,8,0.5085767111457977,4,111,0
53,6,5,0.8762524457715282,0,181,0
38,3,5,1.0,6,146,0
58,1,16,0.6691299287531416,14,167,0
12,0,18,0.891418487855399,11,48,0
37,1,9,0.5230215007877251,5,134,0
4,3,7,0.4321286652295929,4,84,0
37,5,19,0.8766489749825668,11,59,0
18,5,19,0.39255845578268084,17,47,0
6,2,15,1.0,6,188,0
24,1,10,0.4189775340283469,2,159,0
52,0,23,0.33279950025794974,6,95,0
14,7,7,0.04981897043622964,3,37,0
55,3,8,1.0,0,71,0
52,5,14,1.0,0,16,0
37,7,10,0.29978903281025815,0,50,0
13,1,20,0.0,13,140,0
30,5,7,0.13548936294560135,5,180,0
20,0,16,0.7779575907371313,14,29,0
53,6,14,0.9395163645526196,8,109,0
16,1,16,0.5812099950846941,13,125,0
21,1,9,0.2424460157471082,7,152,0
57,6,14,1.0,2,11,0
48,3,21,0.14756119488819636,15,84,0
5,3,16,0.055304187519608916,5,6,0
12,3,23,0.7951941293966849,12,58,0
46,1,15,0.664050355601378,14,60,0
53,0,3,0.8374947609310153,0,169,0
30,2,19,0.9332419674396255,4,164,0
6,1,10,0.6117331849258945,6,128,0
49,2,23,0.23334154208432123,16,90,0
30,2,23,0.9479069768442713,9,121,0
23,2,17,0.5323244596909882,12,43,0
14,4,15,0.717674339531032,3,72,0
37,0,13,0.4224601200235563,5,163,0
31,2,17,0.4946320038960026,11,46,0
19,0,8,0.8537634777626478,3,24,0
23,3,14,0.4705886414914722,0,158,0
7,0,10,0.607949619798129,7,173,0
25,2,18,0.9168932369075764,6,106,0
22,1,19,0.7867469452731243,2,130,0
47,3,21,0.6805322594587793,9,31,0
10,2,5,0.23548772232548917,10,88,0
36,5,7,0.8883925596844839,1,9,0
33,3,5,0.054161369439629264,8,162,0
12,3,14,0.7184585568736519,12,46,0
5,5,7,0.253978278237589,5,46,0
35,3,16,0.7668702085434347,12,52,0
11,0,16,0.21485901146049804,11,16,0
37,7,22,0.40653202310356784,8,100,0
16,3,20,0.6894364568805689,8,57,0
43,0,11,0.6403215052115182,8,178,0
44,4,16,0.7635170295291582,2,153,0
3,1,17,0.9176661525812873,0,151,0
40,0,13,0.025930262442481325,15,107,0
41,2,23,0.42344639765152614,8,99,0
6,4,21,0.43240349106806314,2,9,0
34,1,12,0.14087898443924665,3,65,0
18,6,20,0.38049477633986156,0,1,0
8,0,19,0.47716680348154294,3,137,0
13,6,5,1.0,8,46,0
33,3,23,0.9565952924024206,8,45,0
42,4,23,0.6302229522622458,6,120,0
12,0,20,0.8243167651853608,0,85,0
41,0,20,0.7847272531466518,9,61,0
3,6,10,0.6123274350176833,3,52,0
44,7,2,0.3899207089770839,0,6,0
8,7,8,0.193749788404587,8,74,1
13,4,16,0.13199192000147683,13,122,0
49,4,3,0.7446003223528758,0,73,0
16,1,23,0.13435082632904358,7,10,0
50,0,16,0.7407074020681369,7,74,0
6,4,19,0.8233199932507796,0,81,0
51,7,15,1.0,6,131,0
7,1,15,1.0,7,179,0
45,3,6,0.46175889028722056,3,173,0
25,2,20,0.4130566187402815,8,18,0
29,0,23,0.5209236347228438,12,69,0
27,6,10,0.5808367576157512,3,165,0
6,7,22,0.05197421141896964,6,46,1
29,1,20,0.6079506114658114,2,184,0
19,3,18,0.1606700457161085,16,9,0
26,2,18,0.4862114649319889,12,96,0
13,5,18,0.5235104180591039,13,29,0
37,0,3,0.9764203272410313,2,55,0
14,2,23,0.0,10,75,0
14,0,21,0.3101381727894793,13,129,0
3,0,19,0.6275566121135213,3,96,0
66,5,18,1.0,12,171,0
55,2,5,0.9523816535350316,11,19,0
20,5,18,0.20060114534267712,8,111,0
58,2,10,0.5442351256722632,8,55,0
12,0,9,0.6445179970162661,7,121,0
44,7,7,0.7417050198733812,5,144,0
45,5,20,0.6444179331459916,10,140,0
55,6,0,0.23584154202556734,0,178,0
45,5,8,0.759692369293372,5,118,0
43,4,1,0.16888698178957273,10,151,0
28,4,8,0.3466377839186309,3,172,0
51,1,8,0.5801601132894131,7,52,0
48,3,10,0.5547559166417959,12,20,0
3,1,18,0.5051915033175434,0,55,0
49,7,7,0.4025969002507115,2,18,0
32,7,11,0.558487952294708,10,50,0
39,3,20,0.9891436056604201,8,104,0
15,1,17,0.7489978305943019,0,90,0
36,7,13,0.8034239662568572,6,110,0
15,5,20,0.43970080446676374,15,42,0
56,1,21,0.27934200482485005,9,107,0
4,4,20,0.5678611761685816,4,17,0
6,0,16,0.4275943151011361,6,121,0
31,6,17,0.5606504580112819,8,140,0
21,4,23,1.0,6,132,0
33,0,22,0.8031906967792803,8,175,0
7,3,12,0.9627138055685268,6,178,0
22,1,7,0.5944086752854905,5,165,0
59,0,7,0.5435578698795699,6,67,0
59,1,18,0.825759387385618,17,155,0
52,0,7,0.2557213212760405,4,75,0
54,0,13,0.5451284360564529,7,176,0
11,6,15,0.6835769813492504,1,34,0
55,4,21,0.7590959643159781,1,161,0
9,4,22,0.38106939351674657,1,12,0
32,3,19,0.7170732337225937,6,41,0
26,0,8,0.16974632164184927,1,104,0
40,0,18,0.9411240665408477,11,170,0
17,5,18,0.47975519212458456,1,5,0
5,6,8,0.09475321998816413,5,46,0
62,0,12,0.717189791380716,10,43,0
33,6,7,0.8249892064812818,4,86,0
9,2,18,0.870656773494541,7,45,0
11,5,8,0.760586141483301,10,107,0
63,3,14,0.7499809841195524,7,151,0
48,6,17,0.30670546588400066,5,156,0
20,0,1,0.947818923627851,14,103,0
5,7,8,0.5882763985790335,3,62,0
15,4,18,0.3048419440434088,15,113,0
19,0,20,0.8841589083547883,2,66,0
18,4,9,0.35329272940534784,6,138,0
18,2,8,0.3698598297757768,6,84,0
56,6,7,0.11531795332661404,1,127,0
32,3,23,0.5396888489320836,1,115,0
25,0,21,0.87918337137569,12,54,0
14,0,17,0.8637395910895715,1,33,0
22,0,21,0.5942916430253238,4,65,0
53,0,8,0.8843454273217957,14,1,0
41,2,12,0.5845606467006665,14,129,0
21,2,5,0.8228631765572012,12,104,0
9,6,9,0.3615745642529311,9,96,0
55,0,12,0.33781960931213206,9,143,0
63,2,14,0.9896287848633676,9,128,0
34,7,19,0.46928459358504054,13,106,0
31,5,14,0.11405801112998656,7,135,0
3,4,15,0.8167757342696337,3,140,0
34,0,21,0.6676381515357651,11,184,0
19,7,11,0.4057863666105939,6,75,0
32,5,12,0.6802028416155583,4,154,0
39,2,19,0.38665097366206375,2,184,0
17,5,17,0.4221189550536276,9,42,0
29,6,1,0.15859993223598143,16,44,0
32,7,7,1.0,2,54,0
22,5,21,0.833067407238727,15,54,0
40,7,5,0.2009141456997545,11,45,0
51,5,14,0.9705539425891117,10,125,0
50,7,7,0.15106578503942492,0,160,0
21,2,22,0.3229849459152963,14,24,0
30,0,19,0.353304390401861,8,81,0
29,1,12,0.238139752275899,6,86,0
0,0,21,0.6542953990819973,0,97,0
17,3,21,0.6966594287883813,9,146,0
22,4,19,0.9043830882376169,2,146,0
17,4,21,1.0,6,162,0
34,4,18,0.8683973725610712,9,146,0
37,6,20,0.1431995084921987,0,79,0
26,4,21,0.8904889145146205,14,67,0
44,2,8,1.0,5,144,0
40,7,9,0.3045105819599322,0,36,0
55,0,14,0.1301391679755308,13,71,0
35,5,18,0.6815861222129145,7,148,0
38,1,23,0.3196056055456994,5,147,0
41,7,6,1.0,3,26,0
55,3,14,0.15639360747164266,14,74,0
4,2,13,0.8914011792359602,4,137,0
17,7,8,0.5675592723380842,11,53,0
13,2,11,0.27963503414805624,0,153,0
41,4,14,0.3012469834719696,3,21,0
38,0,6,0.9413712977577829,3,86,0
20,4,4,0.23618238695076949,0,69,0
33,2,17,0.759311114558941,10,44,0
13,7,10,0.4807270327974459,6,147,0
38,3,4,0.10197769160510836,7,165,0
13,1,16,0.5029735474715703,2,127,0
28,7,9,0.47603022943112816,6,164,0
58,3,21,0.7171028499342794,13,160,0
56,5,6,0.2567870341149624,4,48,0
16,5,17,0.34776686450164634,16,39,0
8,0,9,0.6652285037044892,5,136,0
17,2,4,0.2451795517004779,11,171,0
33,3,8,0.25692946711107073,9,120,0
16,5,7,0.5439345025927178,7,58,0
54,6,8,0.0,3,155,0
49,5,10,0.36617410991196553,10,126,0
2,4,17,0.4528998639974194,2,57,0
36,0,11,0.4878357077647467,11,144,0
36,0,9,1.0,7,108,0
18,1,14,0.7073617828212965,6,37,0
38,7,4,0.5903844090868985,9,75,0
4,0,22,0.6293711949309382,4,107,0
24,5,16,0.5594585974645083,10,47,0
9,0,14,0.15705774789072907,4,15,0
31,3,6,0.8445121679499856,4,175,0
7,2,16,1.0,4,144,0
50,1,3,0.12603036333073597,12,162,0
4,2,4,0.721180358834199,4,9,0
47,2,6,0.21777799776253573,2,17,0
51,6,12,0.9584469183266217,9,111,0
59,6,19,0.7755045962736516,18,162,0
25,2,22,0.26162144593132464,13,78,0
17,2,20,0.8579308591493848,1,2,0
29,0,23,0.9353056668372499,15,27,0
17,3,7,0.8442105995313469,11,13,0
16,4,14,0.9308062775831621,7,38,0
43,7,3,0.2857931025850391,6,59,0
19,7,12,0.679279781224154,3,126,0
46,5,6,0.8357348687236014,0,51,0
50,2,17,0.6432713764605872,1,135,0
33,0,6,0.679523634239128,5,144,0
12,0,12,0.20367800568167208,0,138,0
38,4,5,0.08076269743254536,12,141,0
35,0,18,0.5846863076307309,4,157,0
25,2,11,0.6610607250185097,14,105,0
10,0,18,0.3723686240309714,6,125,0
44,3,23,1.0,10,106,0
24,6,20,0.6962709169936397,0,124,0
37,4,2,0.14643236884108612,3,62,0
58,4,20,0.6908490904913711,4,131,0
26,4,3,0.13512865241655053,10,166,0
13,4,16,0.37072003361210776,13,96,0
4,0,23,0.5865912243406799,4,114,0
6,1,17,0.6282164207011558,6,61,0
19,7,16,0.7189567912245156,9,48,0
13,6,6,0.795079087685371,8,35,0
43,6,8,0.500760877042868,9,82,0
11,7,7,0.552453067761031,9,159,0
30,0,7,0.9555156658329725,6,35,0
32,5,18,1.0,12,62,0
46,2,8,1.0,8,89,0
36,5,11,0.7209775975535758,11,29,0
6,1,17,0.39907599754570455,6,102,0
29,3,3,0.5300555496972396,6,52,0
17,1,5,0.89795747250949,0,8,0
8,1,18,0.5967835904545318,1,72,0
44,2,6,0.4894060558672574,7,171,0
44,5,5,0.7008778431139628,2,78,0
45,4,23,0.5056611634185092,6,94,0
10,0,9,0.6149743635343516,10,132,0
47,3,10,0.4611978921604303,11,110,0
60,7,23,1.0,8,170,0
13,4,5,0.9068130990562584,13,17,0
15,1,13,1.0,9,37,0
14,3,21,0.33217954028342256,14,12,0
30,0,11,0.46163905889565526,8,136,0
56,3,9,0.4607721485816434,5,172,0
6,1,20,0.7214033834846387,0,78,0
48,4,22,0.762849820449415,12,64,0
6,4,14,0.054812987949402495,6,18,0
46,0,20,0.7178752720918874,6,155,0
53,2,8,0.6352411197054334,12,51,0
51,0,20,0.5360018406961757,2,149,0
45,0,19,0.8625874543421057,10,51,0
15,4,21,0.5304342056889831,1,132,0
53,2,15,0.27858849283419984,6,172,0
40,3,22,0.8224925135282586,9,62,0
17,4,14,0.7152691567577772,12,42,0
16,0,19,0.38996243857080937,12,19,0
8,2,13,0.6980783207967161,8,77,0
50,4,10,0.5992649867575127,1,64,0
48,7,13,0.9495699095335114,5,22,0
9,0,17,0.947220533802266,9,16,0
44,3,7,0.3223949455692674,6,30,0
62,3,9,0.2909623702659536,9,110,0
33,6,11,0.07862797461629659,0,41,0
61,6,13,0.21597350519938646,11,82,0
51,1,5,0.7538774357095834,3,86,0
4,0,15,0.7254216740750592,1,156,0
0,6,12,0.73921814059659,0,44,0
51,3,12,0.9335312991964674,10,114,0
54,3,16,0.19262288562439,8,83,0
15,7,9,0.31552580311808714,4,100,0
31,5,7,0.4638164037840429,12,48,0
43,0,13,0.33828867034521837,11,142,0
40,1,3,0.7920580677004804,10,38,0
43,5,7,0.38351963734123995,14,50,0
11,0,13,0.5783864138389564,7,41,0
28,7,19,0.4837968717971836,17,176,0
31,7,4,0.3981198094849089,3,32,0
56,7,22,0.05527130748768597,5,6,0
9,7,9,0.5639967234650242,9,66,0
41,7,5,0.7211172755344922,0,7,0
41,1,19,0.904519308624368,7,36,0
7,7,10,0.8916224612643214,5,57,0
12,0,13,1.0,0,112,0
24,7,16,0.9020183223694133,8,107,0
0,0,21,0.8601744631009371,0,78,0
47,5,11,0.7482886734558898,9,146,0
36,3,21,0.8018027389825148,11,179,0
23,0,20,0.36647490711663,7,63,0
43,0,19,0.8828578479554374,12,168,0
23,4,12,0.16535487261478563,6,71,0
28,0,8,0.30993084538212023,3,62,0
58,3,19,0.6455432977313671,15,159,0
14,0,10,0.45678831002721926,14,66,0
37,7,8,0.1542371686948114,9,32,0
36,0,2,0.6670888898049597,11,53,0
29,0,5,0.48999816430807425,4,103,0
41,3,6,0.11428653120264325,10,133,0
41,2,4,0.4282750189444713,7,178,0
42,4,21,0.4312130765013172,7,86,0
16,4,22,0.5383954816989748,10,85,0
6,7,8,0.06150345483253353,6,50,1
32,2,8,1.0,1,137,0
5,2,19,0.5397856042145691,4,132,0
21,7,13,1.0,5,110,0
50,0,6,0.5745971530562008,0,142,0
21,0,16,0.7992353794372524,12,41,0
28,5,2,1.0,4,132,0
61,0,18,0.16783564225491066,14,107,0
14,0,20,0.32469768396228194,14,122,0
41,7,8,0.7336894785141435,10,92,0
25,6,13,0.12481478197796901,3,163,0
14,3,3,0.7366814348093967,11,1,0
46,0,17,0.6033017563641403,1,141,0
16,1,20,0.17971893382066167,12,6,0
50,6,11,0.4877010408370554,0,128,0
58,0,9,0.6778239837342779,6,146,0
58,3,23,0.6472907596784468,0,145,0
50,2,22,0.863455411230876,4,128,0
42,0,20,0.9051568172496415,8,43,0
39,6,13,0.950566772907712,5,40,0
4,4,13,0.7843866056178503,4,121,0
23,2,20,1.0,1,160,0
16,2,8,0.33245985580402737,4,143,0
17,1,23,0.6446165169578256,15,167,0
24,0,5,0.2526526015432326,4,107,0
40,5,5,1.0,0,158,0
6,0,6,0.5247853456406072,6,10,0
4,2,17,0.36679927919983835,2,129,0
9,2,11,0.48832900408570484,0,49,0
48,5,15,0.6845565748884959,7,109,0
39,0,12,0.4050978332281035,8,168,0
26,0,18,1.0,4,113,0
28,2,4,0.4383259278011802,4,199,0
40,0,16,0.2304244731854682,6,106,0
21,2,11,0.5356274840021454,4,80,0
13,1,7,0.6985261326950261,6,124,0
8,3,8,0.7976356171841296,8,114,0
3,0,11,0.5694151439797464,1,47,0
40,7,11,0.8531210934501192,1,34,0
44,7,15,0.814982240494796,7,139,0
18,4,17,0.8416319461400182,6,149,0
65,0,13,0.7712164668096686,11,139,0
33,7,21,0.2980913742942164,0,93,0
17,3,21,0.1488560662953401,14,1,0
45,7,16,0.32821859363209543,10,110,0
12,7,16,0.4110744340679756,7,83,0
18,0,6,0.6030072708744828,13,61,0
45,2,6,0.8572626940427214,4,53,0
18,1,23,0.7201187853810976,14,150,0
18,2,6,0.5498956460642855,12,67,0
31,6,9,0.8215999433688116,4,13,0
17,6,3,0.3241733571947999,8,72,0
27,7,14,0.8908203950501299,4,160,0
42,1,9,0.6146755863028356,13,133,0
51,0,7,0.18233291210733807,0,78,0
23,7,13,0.7850222450629519,6,166,0
47,3,7,0.35234800756798224,7,178,0
62,6,10,0.9261590468977768,1,37,0
19,1,9,0.5046548255541861,2,145,0
10,4,8,0.24297555365599435,9,90,0
20,2,22,0.6728951948401294,11,94,0
1,0,16,1.0,1,64,0
54,0,8,1.0,7,130,0
0,0,6,0.5544612511430844,0,1,0
38,0,11,0.40029619912683545,10,157,0
15,1,6,0.5043846051208593,2,13,0
50,6,12,0.19766008133260318,8,67,0
45,6,3,0.14990725860451665,6,77,0
28,3,9,0.4582487065421384,0,163,0
32,4,20,0.6128162097659299,7,106,0
10,1,15,0.7869733444721606,2,74,0
45,6,12,1.0,13,147,0
21,2,21,0.25042936888211403,13,9,0
62,0,22,0.1970160390333656,13,109,0
44,2,15,0.10597173487792355,9,50,0
46,5,16,0.5650704460209591,4,84,0
39,7,16,0.3008493036398683,0,36,0
14,2,15,0.8620376037033235,2,17,0
7,0,14,0.0014954272690874543,7,16,0
57,0,8,0.7938005587673211,0,155,0
38,4,19,0.48159693309281915,4,69,0
33,6,5,0.3644400826804747,0,29,0
35,2,18,0.4253558795754629,7,77,0
18,0,21,0.31958538495951044,11,67,0
20,1,17,0.4014361857105809,13,1,0
22,0,16,0.24348857694349957,1,113,0
36,7,9,0.9492031871603256,6,57,0
20,5,15,0.8567414919712595,3,110,0
8,5,7,0.6079685724553072,8,74,0
52,1,9,0.5719844741258236,18,29,0
29,6,12,0.7376499428514489,1,99,0
16,7,2,0.4284043387477227,10,87,0
38,6,11,0.3212324509451291,2,39,0
26,1,20,0.2717844990896269,8,17,0
3,0,10,0.7768864219029457,0,41,0
17,3,21,0.3098754007060211,10,29,0
48,5,9,0.5287963537797864,7,147,0
40,7,9,1.0,0,170,0
54,7,3,0.14977324923341903,2,160,0
42,3,9,0.5048008860072927,4,165,0
26,2,23,0.3452798670120446,10,60,0
35,0,7,0.9749209066147315,3,134,0
64,3,6,0.27273498024204446,4,63,0
47,6,12,0.15143752700777502,0,45,0
30,1,19,0.8428486501097532,6,48,0
24,3,16,0.29701885976304176,2,174,0
24,2,3,0.545445582004036,14,66,0
59,0,6,0.4368043773933377,14,111,0
36,4,20,0.316148899700516,6,91,0
14,7,11,0.8746949561036056,7,167,0
42,0,15,0.21126177741271568,8,90,0
31,0,17,0.6373602772344735,13,25,0
12,2,9,0.792666203398765,12,18,0
57,0,12,0.801708115422933,10,135,0
17,5,9,0.719448343008545,8,38,0
49,7,13,0.755978180952036,11,97,0
55,4,5,0.1406715391125227,0,161,0
7,7,15,0.6172890893027966,4,31,0
28,2,19,0.633189584981826,11,95,0
27,6,19,0.5206663516639369,11,40,0
47,2,6,0.7965333780753219,0,68,0
27,2,15,0.38396624703822935,0,162,0
20,7,9,0.6405622316357723,17,118,0
44,3,10,0.8282117551645343,0,42,0
47,7,19,0.7341931843576939,12,133,0
21,0,2,0.46321022709241977,7,85,0
37,1,6,0.200209204579796,13,153,0
45,3,17,0.9222823850424801,2,31,0
13,4,8,0.7287620228373868,13,115,0
43,5,10,0.818552033493279,0,49,0
9,5,17,0.37380621278815246,0,63,0
6,7,23,0.04238991081569379,6,38,1
26,7,11,0.7878458290240891,9,56,0
13,2,4,0.7274506197796541,13,15,0
38,4,3,0.30537570043862,9,160,0
59,7,21,0.8896922244361092,9,160,0
16,0,7,0.9563589891653472,12,111,0
10,2,13,0.7728832968041838,0,31,0
0,4,10,0.5101946173096763,0,75,0
22,7,12,0.9376536683533654,7,169,0
62,0,23,0.009040694508363784,11,90,0
17,0,21,0.7312744263658022,0,68,0
62,0,16,0.21180007276388288,15,58,0
44,0,19,0.49511457715401364,2,41,0
21,0,5,0.9636670710214227,12,103,0
15,4,7,0.8176251861397185,15,13,0
63,0,15,0.8085190522976516,3,127,0
5,2,12,0.24312573023607476,5,17,0
4,0,15,0.9058469210339091,4,103,0
55,0,17,0.5109911099783244,7,160,0
37,0,16,0.2869122761374527,1,125,0
31,5,23,0.34075794501794665,14,166,0
54,5,5,0.4759585844563959,0,161,0
61,0,6,0.7062145853292019,1,154,0
56,0,3,0.7930460395145998,0,140,0
8,0,7,0.7409235402988389,6,12,0
26,0,21,0.2110783034151684,13,141,0
24,3,19,0.8614036562560053,5,164,0
46,1,8,0.6208756874620005,0,141,0
33,4,20,0.34464668610826915,11,111,0
52,0,20,1.0,14,171,0
39,0,17,0.8006530012359108,6,23,0
44,4,20,0.5185198670966877,7,93,0
12,0,9,0.46652413872745524,6,173,0
51,0,19,0.7965693267330384,13,48,0
1,1,19,0.5546032942157911,0,1,0
1,7,9,0.6478573380261377,1,30,0
16,3,9,0.5496800929020014,10,175,0
19,3,6,0.23032149394918333,9,136,0
3,3,13,0.6714806849306578,3,59,0
46,1,11,0.6879796074314226,1,35,0
35,5,9,0.4425103848055699,0,47,0
2,7,8,0.9672532130428995,2,152,0
64,0,7,0.5943214431309606,10,36,0
30,0,15,0.5438822207522235,12,38,0
23,2,18,1.0,11,37,0
51,4,11,0.6892085574951323,1,88,0
31,4,14,0.8993642847358514,12,142,0
46,7,4,0.48340133611629343,2,33,0
22,2,23,0.5534019596503966,0,25,0
31,0,23,0.3515810052745807,15,149,0
16,6,6,0.5410204281034774,4,98,0
11,2,22,0.10670040473246095,10,68,0
54,4,18,0.7828951258277613,15,164,0
24,0,18,0.6654572416747585,3,182,0
65,1,10,1.0,13,64,0
6,0,13,0.9874827722760173,0,114,0
47,4,17,0.35385182478193017,5,130,0
45,0,13,0.27683719934670914,8,65,0
53,0,9,0.519723234244448,4,25,0
42,4,11,0.2902585369111258,0,24,0
39,7,18,0.8412144430258889,11,139,0
14,4,15,0.4853362515679486,14,66,0
13,0,2,1.0,12,102,0
10,0,7,1.0,10,115,0
58,2,4,0.398077607780356,10,109,0
38,4,5,0.8917271278333467,10,151,0
55,2,11,0.8719329539405457,6,137,0
38,3,22,1.0,8,105,0
60,2,8,0.5270704475944319,7,165,0
28,0,3,0.22762244875752652,4,90,0
61,2,7,0.3711314561354512,5,45,0
29,0,20,0.23328735416433707,4,151,0
6,6,12,1.0,6,45,0
34,4,10,0.8329378445085927,6,36,0
36,0,21,0.9831298192353922,7,131,0
31,7,15,0.5790432472498738,9,60,0
20,1,6,0.46627795497564395,11,180,0
30,6,9,0.6240652200547118,13,25,0
18,5,15,0.3848051037196915,18,8,1
38,2,1,0.13796372931642137,5,76,0
0,6,10,0.9022629940240119,0,70,0
25,4,23,0.8448482390724481,2,158,0
62,5,15,0.47857727686843315,8,1,0
12,0,2,0.5006028802927659,11,166,0
54,3,15,0.9173240012230564,5,10,0
3,4,11,0.6904745478381717,1,77,0
22,6,12,0.6970799207184206,11,61,0
29,6,23,0.42568633235004383,12,184,0
12,4,8,0.7082363378074943,11,90,0
14,1,19,0.09407664584981229,14,118,0
8,1,18,0.34632351014568663,8,134,0
23,0,23,0.8448739490426886,11,30,0
53,1,9,1.0,0,73,0
54,3,13,0.7340727508189623,9,161,0
37,3,22,0.2775486068849139,6,103,0
60,0,14,0.8064082272187871,5,130,0
61,0,9,0.83102721013953,12,7,0
9,0,22,0.1991546664892697,7,5,0
12,2,18,0.19135708772254112,8,58,0
59,5,6,0.9203247834196744,1,29,0
22,3,2,0.044626689601625164,13,53,0
65,2,10,1.0,4,34,0
66,4,6,0.3762449866025817,15,113,0
54,7,0,0.22500386497063835,5,137,0
53,0,12,0.6798919787331401,6,136,0
18,1,22,0.9302638820092076,16,52,0
34,4,10,0.888414961162874,0,46,0
51,5,6,0.7330818583909194,0,60,0
13,6,10,0.5670565177899674,4,71,0
49,7,6,0.972578069848063,7,84,0
30,0,17,0.6680124279239529,6,178,0
62,2,23,0.1722941218147317,6,87,0
51,3,13,0.9758650894019302,4,12,0
27,3,6,0.8696633451216984,11,117,0
5,3,18,0.9382766472467668,5,193,0
49,1,5,0.11257949543353986,11,159,0
12,5,11,0.7601969350590925,12,42,0
48,3,17,0.8790505080939429,12,41,0
64,3,21,0.559210709952168,15,153,0
57,2,8,0.1813890972814837,10,94,0
42,7,2,0.23847803901699172,2,30,0
13,1,10,0.4721275146444975,9,4,0
0,0,12,1.0,0,101,0
18,7,15,0.796762507191783,5,122,0
57,0,7,0.9882854025784411,11,1,0
51,0,7,1.0,0,74,0
32,5,10,1.0,5,36,0
14,0,13,0.599939251057027,7,156,0
13,0,2,1.0,13,113,0
27,0,8,0.47618759993425597,12,38,0
7,3,12,0.9775232017441433,4,112,0
29,1,8,0.4402450404035631,0,78,0
52,4,11,0.6409149191294763,6,151,0
61,0,10,1.0,10,125,0
26,0,23,0.45659477629706197,7,80,0
51,3,8,1.0,1,66,0
33,2,23,1.0,8,135,0
33,3,23,0.36583018282791624,5,101,0
17,5,18,0.2283087223886125,13,105,0
41,2,20,0.40731623973829745,4,135,0
52,2,20,0.4878119813137779,3,135,0
17,7,6,0.9959057493782719,10,30,0
18,5,21,0.3624919161519361,11,89,0
58,0,3,0.9006323713448976,1,149,0
62,3,7,0.949291412012081,4,55,0
7,1,13,0.5974286646686233,0,57,0
23,3,15,0.6999347331472806,9,50,0
35,1,21,0.2927550516308276,2,134,0
37,0,22,0.48657785802910763,7,78,0
2,0,23,0.43081340063256524,2,112,0
39,1,10,0.9641863740081955,0,40,0
57,1,17,0.792137758429784,6,140,0
19,2,21,0.8815331065063624,2,141,0
22,0,19,0.824551528778699,4,114,0
62,7,14,0.8798927659190512,6,127,0
50,7,21,0.3294327644438527,11,14,0
6,2,6,0.42875214266521766,6,95,0
47,2,17,0.47188784294457387,7,152,0
22,5,8,0.8020150619793881,13,119,0
64,3,20,0.8554944054129191,13,160,0
47,5,15,1.0,3,9,0
17,4,16,0.3862021702937087,13,93,0
57,4,7,0.545274534321185,0,157,0
46,3,10,0.5591063062208501,3,87,0
18,1,12,0.5175194590773495,10,15,0
43,6,6,0.9062783315280158,0,166,0
55,3,5,0.9558922686069677,0,84,0
12,4,7,0.3273634974825489,9,92,0
43,0,13,0.6639764454617683,4,63,0
7,0,6,0.6938368500167282,7,1,0
23,4,21,0.7898480734692438,4,57,0
39,5,6,0.7484808286144481,8,34,0
25,0,23,0.8710408326394053,15,46,0
45,6,8,0.3566908082900636,13,154,0
57,0,14,0.0964259404105755,7,66,0
52,0,15,0.0567895226426365,15,57,0
19,2,23,1.0,6,133,0
63,1,3,0.9576656902068429,1,139,0
42,0,4,0.34250206957882345,10,144,0
34,3,17,0.7471235020986559,9,161,0
35,3,5,0.728265599380731,11,66,0
16,1,20,0.9328587258633612,2,142,0
12,7,7,0.7381755781927604,12,122,0
52,3,13,1.0,2,1,0
32,1,23,0.18807429754187546,14,152,0
0,1,6,0.9053239254893832,0,67,0
3,7,14,0.5978941826630187,3,43,0
0,3,13,0.7195095581231579,0,61,0
45,1,19,0.9547050128000556,10,179,0
59,0,10,0.5124948284720584,4,150,0
51,5,7,0.6298009249292243,0,52,0
12,7,4,0.8637312525969686,5,42,0
6,2,16,0.8679457573699827,5,172,0
19,0,20,0.09652484043415752,6,13,0
51,3,7,0.509283830018002,7,162,0
4,0,12,0.8355314552974281,4,103,0
52,1,19,0.11838975325551349,16,76,0
55,3,10,0.6756447058898458,6,141,0
48,3,23,0.4896372595027725,2,134,0
36,4,7,0.612503207375068,6,180,0
17,5,19,0.3270905134900611,2,13,0
46,4,7,0.6793208264416539,2,106,0
5,6,12,0.47327400934879527,5,154,0
18,0,20,0.19091340334539295,8,28,0
25,1,3,0.5036433361138176,11,179,0
42,7,7,0.4746224498362521,0,29,0
35,0,6,0.9565353768511082,4,119,0
7,6,6,0.5698423840150045,7,70,0
20,3,16,0.7203577605315359,0,141,0
12,6,13,0.7067030518157028,2,175,0
27,1,21,0.8182853336628383,0,94,0
28,3,19,0.9338910024478473,10,189,0
13,1,12,1.0,5,114,0
17,0,21,0.8277378974396941,7,145,0
42,3,23,0.6736533484936468,4,111,0
42,6,12,1.0,15,118,0
16,3,20,0.7363202577038579,0,159,0
28,3,22,0.5816099843075757,9,109,0
55,4,18,0.012708214632895065,8,19,0
23,6,15,0.6374437305322851,11,56,0
17,5,12,0.8678233637339001,5,173,0
34,7,6,0.9869658055066112,4,137,0
32,7,7,0.3324915358973762,4,175,0
12,0,7,0.12161432094864676,3,108,0
69,4,12,0.5031791362910845,7,7,0
17,2,18,0.5433201611818723,13,78,0
2,5,13,0.28453284414491264,2,151,0
15,3,4,0.5617487697511968,6,86,0
34,6,20,0.5818759327381838,6,139,0
12,0,8,0.3641615762636521,5,80,0
45,7,3,0.9179884230722348,1,169,0
43,3,23,0.8870600927902584,7,125,0
30,2,20,0.98686302186146,10,177,0
50,4,7,0.4273802536686061,2,145,0
21,4,15,0.9269380236708172,4,130,0
28,7,15,0.9040002615460679,7,113,0
18,2,6,0.29179331486196336,0,91,0
8,0,3,0.5992534238914985,4,1,0
15,0,23,0.7747908526607983,14,40,0
47,3,11,0.8949028357027039,2,47,0
16,4,14,0.8815815163211645,6,144,0
11,0,5,0.5509430063521035,5,1,0
62,2,3,0.9084837005428471,9,9,0
19,7,20,0.7893866863268798,0,145,0
45,6,6,0.30011597228737324,10,33,0
6,0,17,0.4933506986456116,0,124,0
18,0,16,0.7339505786970433,16,16,0
26,5,19,0.8436423053811638,1,144,0
19,5,22,0.6612848038480532,14,64,0
16,5,19,0.9382644128866073,5,108,0
15,5,5,0.21207408783119244,15,89,1
8,5,20,0.38505968474483127,7,82,0
27,4,20,0.6027193859362221,11,89,0
24,1,6,0.2788720066801301,0,104,0
7,7,8,0.3527749249494769,7,57,0
1,0,11,1.0,1,116,0
27,1,11,0.6017246393759955,4,129,0
31,0,14,0.1568185695568779,0,136,0
44,5,13,0.40056700276984436,8,92,0
26,0,11,0.4099470635950768,3,78,0
51,2,9,1.0,1,40,0
24,3,8,0.8278346058538928,4,59,0
50,0,22,0.3211778662706208,11,89,0
23,3,17,0.22011613698817725,10,113,0
59,7,22,0.17079363763833516,7,22,0
37,2,2,0.7378706881066626,11,58,0
14,6,12,0.6133150282221118,14,124,0
45,0,8,0.5682824811193545,9,168,0
6,0,15,0.022148056490906565,4,1,0
36,1,3,0.852100410110798,4,51,0
28,3,6,0.298930934994582,14,39,0
42,0,8,0.699683547466729,6,68,0
40,0,8,0.8388161887420333,6,99,0
57,2,11,0.18254815117107004,13,49,0
61,2,19,0.7578651094413134,14,173,0
25,0,21,0.731786296771492,3,89,0
38,3,6,0.2888354170766954,8,134,0
48,7,6,0.08777736980413733,12,63,0
44,0,5,0.6902043659020739,0,146,0
39,1,4,0.6391417229041101,0,106,0
10,1,4,0.6816283200807214,5,101,0
44,7,18,0.33668232987358093,13,118,0
7,7,14,0.23785551117822795,7,165,1
18,1,16,0.7090356111337259,10,107,0
7,3,19,0.10324263489025484,3,84,0
18,3,21,0.23846733905839734,12,66,0
34,0,9,0.3497971578529303,11,159,0
56,2,3,0.4554661994207583,12,102,0
55,0,18,0.37959056561521987,7,168,0
8,5,11,1.0,8,32,0
21,3,22,0.4599787473400201,12,21,0
39,0,19,0.560660200659648,6,201,0
25,0,18,0.9440365652448005,1,116,0
19,5,8,0.5773665571760782,10,69,0
60,0,11,0.5383944467354891,7,153,0
42,5,5,0.2796118473139303,9,176,0
4,7,23,0.22979289871996025,4,76,0
58,0,6,0.25239667454642956,14,137,0
24,2,22,0.8205987988485662,4,86,0
12,1,10,0.6227799620978615,12,105,0
5,0,15,0.9594919514214384,3,121,0
34,7,13,0.5150083888793268,10,106,0
3,7,2,0.06731914973306341,3,38,0
14,2,16,0.4274723066566533,14,61,0
13,5,13,0.5420817178305658,13,79,0
25,1,20,0.39983152200195987,0,179,0
3,0,23,0.556029763436386,2,125,0
13,4,13,0.46511854618383297,13,20,0
28,0,11,0.09025039002753191,0,87,0
12,6,15,0.6458903445804023,2,138,0
36,1,21,0.37443980234260077,5,87,0
50,6,19,0.4561983914807191,10,100,0
16,6,23,1.0,5,138,0
42,0,5,0.16213599741014303,11,131,0
3,0,21,0.6805502935222214,2,119,0
1,3,16,0.8827131162402934,1,163,0
23,5,5,0.7439171149936996,10,48,0
40,0,19,0.9127250823084377,11,20,0
48,3,5,0.9553146682653398,7,162,0
31,5,3,0.9857128289252555,1,40,0
35,0,11,0.4806591079506517,11,148,0
39,1,16,0.8056077843661127,11,51,0
49,0,18,0.8828790216526723,9,47,0
45,5,3,0.0,6,82,0
44,5,5,0.36115382575423377,8,173,0
14,0,19,0.469935456893454,2,124,0
39,5,14,0.6433683875604224,16,142,0
34,4,12,0.2683368136580694,0,35,0
29,2,7,0.3597099227963957,7,152,0
49,0,17,0.4309098217384515,5,169,0
6,4,10,0.44503633495157724,6,78,0
9,0,4,0.6580837329033979,9,10,0
2,4,7,0.6828792925641699,0,76,0
11,4,23,0.3924617606802814,11,142,0
47,4,17,0.12088791508238726,5,167,0
44,5,7,1.0,8,138,0
17,3,14,0.9848290756870582,0,35,0
15,4,19,0.7213581841538717,5,109,0
68,3,18,0.5160198453051115,5,15,0
29,3,14,0.24788779476636724,11,38,0
11,5,8,0.3978425331502768,6,69,0
24,1,18,0.7185650075417028,12,37,0
24,2,23,0.8216380384039519,15,76,0
0,7,3,0.012959419428697494,0,42,0
7,1,19,0.3524155603734901,3,120,0
14,1,9,0.29071393441282434,14,68,0
42,1,14,0.9122153390759713,2,40,0
11,0,8,0.8238236096965862,6,12,0
43,7,16,0.32130075677008857,6,115,0
50,1,20,0.8337127335461816,10,156,0
51,6,9,0.6014869555735266,2,150,0
29,0,19,0.5223281340321573,9,171,0
9,5,9,0.27550259097247576,9,105,0
34,4,8,0.47952310083413563,3,150,0
30,0,18,0.22149890511344336,2,130,0
49,0,18,0.6811565719178937,4,66,0
48,5,17,0.11087234706745482,14,77,0
0,1,13,0.9645406427817673,0,117,0
9,0,8,0.8552487336473085,8,161,0
31,1,19,0.2799860446749072,11,107,0
14,6,11,0.41975870863231746,14,30,0
51,6,6,0.8407478505466989,0,72,0
43,3,19,0.7764666408513372,9,52,0
2,1,17,1.0,2,25,0
4,2,21,0.8635147556268672,0,129,0
19,7,2,1.0,13,42,0
68,1,9,0.8530089362733658,10,1,0
30,1,20,0.186344438327998,13,147,0
28,3,15,0.2694701590457034,8,127,0
47,4,9,0.38649774133134607,2,141,0
14,3,8,0.7989830990841382,11,109,0
52,5,13,0.9216375938756524,11,111,0
39,1,10,0.6001251027876275,5,66,0
28,4,5,0.40166954450141706,5,178,0
35,0,12,0.6070369502148222,11,153,0
44,0,7,0.971910086218367,0,77,0
17,0,23,0.7019472238653565,7,156,0
17,2,15,0.460547282948182,17,62,0
57,5,18,0.7424680287813381,2,95,0
41,6,20,0.40052090032992516,4,114,0
26,6,15,0.906339714763033,0,161,0
37,7,20,0.2367748509770178,2,75,0
6,5,14,0.5307720375524182,0,52,0
61,0,18,0.40472244565277093,3,96,0
61,2,9,0.5468876064491278,3,50,0
34,2,22,0.6130596161269231,5,92,0
64,0,19,0.708705890129766,2,134,0
51,5,13,0.38861333872645754,10,48,0
34,5,20,0.8939839020551483,12,122,0
19,2,5,0.1342661536719304,11,82,0
43,2,4,0.4313517866110659,3,108,0
10,4,11,0.358481282108576,8,159,0
65,6,20,0.3044229669588362,9,17,0
46,5,16,0.38087963999526725,2,147,0
14,0,10,0.5028736126164384,4,74,0
17,2,22,0.4057903432196778,11,86,0
20,0,20,0.5063731884962782,12,94,0
29,1,19,0.43057354470058734,13,77,0
53,0,18,0.9905504685533957,11,170,0
49,1,5,0.3096203733612446,8,167,0
38,0,2,0.9272232770458358,2,138,0
35,0,8,0.9702004217383327,3,51,0
38,5,19,0.8884356331093307,9,180,0
28,6,5,0.21685917985890799,12,32,0
8,6,10,0.6264820683687299,8,77,0
13,1,19,0.06440161128862142,13,2,0
11,6,5,0.18886590527185973,11,91,1
20,0,1,0.9717381014227866,1,33,0
26,5,12,0.5669523700842413,9,37,0
52,5,12,0.3731560179769771,10,122,0
39,3,23,0.8979526031642479,8,126,0
56,1,12,0.0537860827454588,12,76,0
16,2,12,0.29095381025897854,16,62,0
47,0,8,0.9899932305319668,0,72,0
10,0,7,0.5599796030028101,10,162,0
6,0,10,0.5873691834243832,0,45,0
40,0,19,0.3522134790251964,4,153,0
58,4,13,0.0,13,89,0
32,4,2,1.0,9,140,0
6,7,23,0.18124972028810846,6,61,1
20,7,12,0.7565504998929681,9,162,0
14,3,22,0.09644068113450105,7,65,0
18,4,13,0.8037296435307182,6,126,0
36,7,3,0.711584897572677,5,136,0
59,0,12,1.0,12,124,0
34,1,23,0.22664787749256227,0,122,0
24,1,10,0.26956881214434064,2,76,0
46,2,11,0.5246685146391903,0,133,0
37,6,20,0.7598899511848749,5,60,0
18,2,23,0.7164064592154049,11,171,0
46,0,22,0.4347579793585508,9,101,0
30,0,3,1.0,0,9,0
19,2,9,0.20234765040154556,3,62,0
55,3,15,0.9564374045762266,1,1,0
33,2,5,0.11063536098475181,9,134,0
11,3,15,0.8029081550675982,4,139,0
57,2,14,0.43367019226148684,4,40,0
5,3,19,0.9563548798690962,0,5,0
45,3,10,1.0,11,103,0
55,3,7,0.36693036962579395,4,149,0
50,4,17,1.0,9,126,0
10,5,15,0.7478412863675948,5,66,0
11,6,6,0.9800831547720684,7,54,0
58,0,17,0.4543579515780891,6,143,0
54,1,23,0.46957624509684937,7,103,0
34,5,16,0.8229520715209899,9,61,0
14,1,2,0.36125984605076095,9,154,0
24,1,10,0.2537445812115729,1,65,0
43,3,19,0.674988473719218,5,136,0
47,4,2,0.19825181092191294,13,118,0
38,3,7,0.9303443666813626,13,38,0
9,1,22,0.2491391618768042,5,93,0
54,0,17,0.5991754632288324,1,115,0
62,4,18,0.632620300692984,0,126,0
3,4,15,0.4160105039836437,0,73,0
61,7,23,0.8268998000603338,7,179,0
32,5,15,0.8206384957419313,8,50,0
18,4,12,0.09067260770937714,1,110,0
25,6,11,0.4432411668383538,0,42,0
42,5,5,0.87436967505736,1,153,0
6,2,15,0.9364861809142148,2,141,0
16,1,5,0.5173186695028201,10,172,0
35,6,7,0.8929568584513174,0,16,0
59,3,13,0.7331332072159562,10,135,0
23,3,18,0.3261735012510768,14,32,0
25,6,19,0.6989638606318377,5,66,0
18,7,19,0.3038950433566789,13,158,0
12,7,7,0.7585125557883261,12,15,0
22,0,11,0.5695877874345745,12,23,0
50,3,13,1.0,5,13,0
33,4,10,0.007658342428136233,0,31,0
35,0,11,0.9251998445939394,6,90,0
45,0,22,0.5103071042928181,7,116,0
4,3,7,0.2665390321887544,3,50,0
41,6,10,0.902213306992622,9,112,0
15,2,18,0.9511879783142428,10,49,0
51,0,14,0.1793212988991182,14,80,0
35,0,8,0.9923569992621081,2,88,0
50,0,10,0.6811241303952372,13,54,0
23,6,23,0.38687780385462833,4,73,0
35,0,9,1.0,7,103,0
54,0,10,0.9071104699522486,11,21,0
29,7,7,0.6965497241634238,8,82,0
66,7,23,1.0,9,168,0
17,1,6,0.6228870335807053,11,153,0
51,5,7,0.9865983265288576,0,29,0
10,7,7,0.7608833140851665,10,72,0
51,1,23,1.0,7,132,0
28,1,23,0.410820818975018,4,63,0
54,2,7,0.9065636338805501,10,1,0
53,0,18,0.5448390355299101,6,145,0
22,0,13,0.9288394628458386,1,37,0
41,2,13,0.2391377296977117,0,21,0
43,0,16,0.3754118567259396,0,144,0
20,2,19,0.4328217886064555,12,98,0
36,3,8,0.6028037876542924,11,51,0
53,5,4,0.5465963575141677,0,166,0
50,3,16,0.3287450862707725,3,179,0
53,4,10,0.7889724219815837,9,117,0
32,7,4,0.876259451215516,1,148,0
61,0,11,0.9104494625016821,15,46,0
59,0,13,0.36414752851207766,8,163,0
12,0,21,0.6837916939241617,12,84,0
35,4,14,0.22996974688208227,0,33,0
20,3,17,0.6716673717729322,0,85,0
32,4,5,0.8178987788800807,10,153,0
34,2,16,0.7147266560616945,15,61,0
46,5,19,0.5250425427277212,9,144,0
42,1,19,0.520360984335527,3,60,0
46,3,12,0.36987673763560125,11,55,0
28,0,19,0.349177491039936,7,95,0
10,1,7,0.60361957364848,10,124,0
10,5,5,0.7523480472083434,10,52,0
36,0,13,0.8943707365963197,8,136,0
41,5,12,0.220122971189679,0,21,0
37,3,16,0.885879831435993,11,158,0
32,5,4,0.12287253073556494,5,159,0
58,6,11,0.9826243091483691,5,16,0
7,3,17,0.45336153294455306,7,131,0
44,3,6,0.4175024216812599,5,110,0
50,3,18,0.7148635390978182,3,92,0
15,0,18,0.5652480658303256,6,63,0
23,2,19,0.7387594999185481,10,49,0
15,1,16,0.8833863670989683,15,18,0
42,5,8,0.6498095208549094,0,174,0
27,0,20,0.5080947905314801,14,97,0
62,5,14,0.1415780236409776,13,47,0
37,1,12,0.8800674810522975,2,45,0
54,3,7,0.5312399678075349,13,35,0
12,3,4,0.3393725413218621,12,79,0
58,0,12,0.8523859981340756,13,37,0
40,4,10,0.6508444265420668,4,47,0
23,3,11,0.3341268255246962,0,119,0
32,2,16,0.8223070724104836,6,160,0
21,2,0,0.477486639947887,12,165,0
44,3,16,0.18240481712343545,7,149,0
8,6,21,0.5192784930729263,7,135,0
13,0,14,0.02542044387143297,0,146,0
11,2,10,0.1736870511363497,0,145,0
40,5,6,0.4550803928180254,13,124,0
30,3,9,0.14743327548634994,3,52,0
49,4,16,0.38289669499785345,5,165,0
15,7,20,0.5537804759866612,15,46,1
67,7,22,1.0,11,179,0
23,4,14,0.01889680917536929,0,107,0
43,2,20,0.15354992178586147,15,75,0
13,2,7,0.7744938281582904,13,1,0
14,4,12,0.20467680997836535,14,95,0
0,1,19,0.6210445656323795,0,113,0
57,6,15,0.6599589404428318,13,145,0
25,3,21,0.2800136197860988,10,17,0
33,7,20,0.37729422543813607,14,175,0
19,0,14,0.9894635584749897,12,57,0
55,3,6,0.5508744715020818,3,140,0
47,3,6,0.14318594101815274,11,136,0
0,0,19,0.4704342725157137,0,118,0
11,7,23,0.5496272459252132,7,88,0
22,2,16,0.4146570877052712,2,73,0
40,4,4,0.8537601825147846,10,66,0
17,2,20,0.7571625352913653,13,137,0
62,1,12,0.835466510096087,9,136,0
37,5,20,0.924774546927826,8,45,0
12,0,10,0.6124641311046475,10,128,0
1,7,12,0.7888690888883116,0,73,0
47,0,23,1.0,4,105,0
21,2,18,0.19648818341360963,13,137,0
55,4,6,0.0,3,76,0
34,2,4,0.28454075501786624,11,146,0
20,0,22,0.4230711901562393,7,91,0
36,1,5,0.9439754114091732,4,162,0
21,0,20,0.5093976545678329,8,105,0
3,0,5,0.40238526017073595,3,72,0
10,6,3,0.21521567596228627,10,119,0
65,2,4,0.8831672222154815,0,143,0
38,5,1,0.4123630760206747,1,24,0
13,2,11,0.565153163794846,10,158,0
49,2,9,0.8281242905782149,8,86,0
20,3,22,0.4769768587847441,14,103,0
14,2,7,0.7616314578714752,14,31,0
54,1,18,0.46284743977057563,10,158,0
34,7,4,1.0,4,135,0
38,5,14,0.38608448705074233,8,107,0
63,0,13,0.0,12,54,0
31,4,9,0.6427832738316606,9,39,0
46,2,6,1.0,0,62,0
7,3,7,0.21136067593796778,3,152,0
17,2,20,0.4247010441111117,1,178,0
20,4,16,0.8111934520096097,2,143,0
24,0,5,0.8052615537868469,12,42,0
58,4,11,0.8514681728043207,11,99,0
53,1,19,0.12998901189911077,10,94,0
18,0,22,0.879068707638105,12,158,0
18,7,8,0.8545621267163064,9,47,0
32,0,7,0.8670747970393592,2,48,0
49,6,7,0.9979349176392718,3,34,0
57,3,13,1.0,0,1,0
17,0,23,0.26341537566858,15,132,0
45,2,2,0.5164282070841743,7,153,0
35,1,4,0.6648361868540873,11,36,0
1,0,10,0.4093437305278585,1,88,0
6,6,5,0.3327896609028272,6,95,0
31,2,19,0.37502362121728383,8,104,0
51,7,20,0.16103515019219736,7,102,0
1,0,17,0.7392093036549199,1,125,0
9,1,7,0.4204233480962708,9,156,0
4,1,13,0.8286666742966932,4,131,0
65,0,10,0.5863719636040903,5,51,0
2,0,21,0.27439758529354374,2,100,0
22,0,9,0.5453411802242727,0,80,0
45,3,5,0.05498783844249683,9,122,0
14,7,19,0.9792601647956923,0,153,0
43,5,13,0.6386275392907493,0,61,0
9,7,10,0.8410806752833297,6,164,0
20,1,13,0.4599808639313534,6,22,0
58,2,23,0.7953335954408908,13,156,0
45,5,2,0.8470526198730897,5,124,0
30,4,1,0.5477243618353175,4,116,0
35,0,18,1.0,8,105,0
18,4,23,0.15857149311994415,13,88,0
45,2,21,0.7894241898356851,7,55,0
59,1,16,0.7592180356373426,5,121,0
34,5,21,0.41850304535346866,6,51,0
56,4,16,0.7629369371984774,4,141,0
18,5,23,0.6594224713183408,14,68,0
24,5,18,0.5044598361716837,8,84,0
23,3,9,0.4541571758062159,6,147,0
47,1,19,0.8872811494669559,8,26,0
38,4,9,0.7580598143172494,9,135,0
30,7,1,0.9153431691010563,6,127,0
27,2,20,0.9822979655600005,5,145,0
1,4,10,0.7587063417459259,1,83,0
23,0,21,0.1792351265656378,12,144,0
27,5,9,0.7048842846704624,4,106,0
19,3,10,0.46770411507785936,14,72,0
6,4,22,0.4889636907628258,3,138,0
29,2,7,0.6883149037982217,11,41,0
32,1,8,1.0,3,172,0
37,5,3,0.9909878700402923,2,134,0
23,7,16,0.5895981259899026,10,22,0
35,0,15,0.20538942302987426,0,134,0
28,7,14,0.6517080791503403,11,49,0
44,7,4,0.1081059378302506,6,74,0
41,6,10,0.9232403397877122,10,154,0
50,0,10,0.5542258071468078,4,164,0
28,6,5,0.9387724655791448,1,50,0
17,6,12,0.5621313041249048,4,65,0
29,1,20,1.0,4,156,0
16,6,5,0.27653300106681433,5,197,0
8,1,21,0.9014986655406629,8,42,0
48,3,18,0.8248855468281954,7,160,0
7,0,16,0.7905267448262885,7,166,0
28,6,3,0.29549411001486725,4,160,0
60,0,7,0.8910546983083012,0,154,0
35,6,5,0.1602466225524727,4,192,0
5,7,6,0.21228241304978887,3,77,0
16,2,23,0.12484138079466137,16,22,0
53,0,5,0.19714223548124354,6,54,0
12,4,18,0.09904281709635711,9,21,0
5,0,19,0.5421866465683908,2,90,0
9,6,8,0.7471890696189065,9,63,0
10,0,15,1.0,5,138,0
22,2,7,0.8948353511352412,6,186,0
10,3,8,1.0,10,36,0
66,4,12,0.877621028039284,10,162,0
3,6,13,0.9994701542515609,3,67,0
47,7,20,0.35465976538392535,7,98,0
66,0,12,0.9325233772058718,8,139,0
55,6,3,0.2718029285905442,2,163,0
4,0,13,0.9303160607631193,4,3,0
58,4,6,0.5463044737983352,7,48,0
53,2,10,0.34486852113212696,17,36,0
48,0,12,0.20489308543315166,5,148,0
16,5,23,0.08934202407351562,16,1,1
44,1,7,0.678604357066124,3,59,0
25,3,21,0.485739575466431,11,82,0
63,0,8,0.6720134368415114,13,14,0
50,0,7,0.5210222115528393,9,53,0
26,3,6,0.1405078458112196,17,27,0
58,1,7,0.7007399063395524,6,144,0
15,4,13,0.4732162505614129,15,116,0
36,0,22,0.3875575988103096,5,132,0
50,1,9,0.8757214913019259,2,72,0
26,0,13,0.8495143512512103,14,38,0
20,3,10,0.4241351412726028,1,164,0
6,3,21,1.0,4,25,0
29,0,13,0.5883615994450058,11,155,0
56,6,14,0.8335401727368225,10,124,0
49,6,12,0.06616225985719226,12,44,0
53,5,20,0.5074798779226111,6,1,0
51,6,7,0.14892281324870804,9,43,0
5,7,4,0.0,2,68,0
52,2,9,0.48845420552287266,0,147,0
52,1,11,0.5676274691978785,5,149,0
56,3,14,0.23894157291629609,15,140,0
5,7,13,0.8009170154745692,5,48,0
43,5,7,0.12766666692248002,11,33,0
21,2,5,1.0,14,119,0
59,1,15,0.025241789840713208,9,62,0
1,7,5,0.12935771991738673,1,33,0
10,0,17,0.9309772574003521,2,156,0
3,0,23,0.10712392062409559,0,93,0
19,5,15,0.8769538933589586,9,151,0
47,0,1,0.05316745492659272,2,59,0
13,5,20,0.37094381676542765,11,102,0
23,0,18,0.26680850357620733,8,74,0
35,1,21,0.22483422091778305,2,160,0
36,4,7,0.9036525024083621,9,137,0
28,1,14,0.5192549915486876,15,115,0
44,3,22,1.0,8,117,0
4,1,13,0.30304200805684317,4,127,0
5,4,11,0.7177276824101042,0,61,0
52,7,20,0.28310339298572795,9,41,0
46,6,6,0.5381383816757846,3,20,0
41,7,9,0.6709240025685209,8,88,0
17,2,3,0.513489140209679,3,108,0
9,7,7,0.3733099817766473,8,171,0
23,0,22,0.7864690661333589,14,64,0
4,5,11,1.0,4,160,0
50,0,21,0.17250464672533727,14,97,0
47,1,17,0.9479301620268004,7,32,0
39,5,6,0.8425979325548064,0,44,0
15,6,18,0.23945134965742798,15,80,1
13,0,12,0.20430553248290817,0,91,0
57,3,20,0.3741103824726987,7,9,0
31,3,21,0.32753441702160213,15,23,0
14,0,11,0.9867062908044302,7,4,0
36,6,8,1.0,4,44,0
47,2,7,0.5760857183710999,4,141,0
62,0,6,0.8580444988748845,0,149,0
34,3,14,0.175418566985693,0,40,0
38,2,16,0.9363990106093547,5,46,0
35,7,3,0.3299607528046197,3,25,0
17,2,22,0.7884977042423796,0,161,0
51,0,17,0.9103291248527463,10,52,0
32,1,11,0.3378210484760489,0,72,0
4,0,18,0.4747820719763523,4,118,0
28,2,22,0.428650915470036,12,99,0
44,5,7,0.15711075614360426,10,42,0
16,6,8,0.6889940444427456,13,138,0
39,7,6,0.9740347903331004,5,48,0
24,0,22,0.9891139567475774,4,145,0
38,5,23,0.34206327251199486,5,98,0
36,2,18,0.890270014087929,6,26,0
16,0,6,0.5919145534638123,8,163,0
18,6,18,0.3625026148513586,16,41,0
60,0,8,0.5933486815756076,3,150,0
12,1,13,0.8369633851921598,12,37,0
55,2,14,0.7127489510123842,5,130,0
29,2,21,0.427794038245473,4,69,0
52,5,13,0.48239420086606666,13,142,0
21,0,17,0.5126990756026171,1,187,0
16,0,14,0.8829804480869349,16,30,0
61,4,8,0.05288649148992944,12,78,0
9,0,12,0.3367171151255678,3,140,0
14,4,12,0.41525857633659286,12,86,0
14,3,18,0.18929722673825872,14,1,0
4,4,19,0.31014741585662653,4,8,0
40,6,8,0.9730699870697,3,160,0
15,1,20,0.32622983335765854,10,7,0
12,7,18,0.2733231403870179,9,80,0
50,7,3,0.15470523501099454,2,25,0
9,4,8,0.1803635478382608,9,79,0
31,2,17,0.5461504700321417,12,56,0
33,5,6,0.542161781031865,7,86,0
23,2,6,0.27815296044234583,1,92,0
20,7,3,0.7658085636880733,12,49,0
29,5,4,1.0,16,40,0
42,7,20,0.3213987942390483,12,123,0
11,4,23,0.1614749611627453,2,97,0
4,0,19,0.9977970905078665,0,91,0
55,0,14,1.0,7,126,0
14,2,5,0.5950707060353412,7,72,0
13,0,20,0.22200501043832224,13,140,0
27,0,13,0.699654092455607,13,49,0
23,3,20,0.6564524218100445,10,109,0
42,2,8,0.8675735489611267,4,176,0
10,7,10,0.7338160349450651,10,43,0
36,6,4,0.21463823063126916,14,35,0
44,4,4,0.47293476666973455,3,125,0
2,6,10,0.7580899745293792,2,64,0
10,3,20,0.5547566416928531,2,127,0
25,3,16,0.384025992517086,3,159,0
14,7,13,0.9523727179586984,6,153,0
17,6,19,0.39928278994057237,14,31,0
35,0,6,0.7381253514403888,8,34,0
22,7,17,0.7754080394836433,3,131,0
25,0,20,0.14281286546072025,12,154,0
53,0,19,0.08359462969015938,15,110,0
7,2,22,0.4519270509907982,6,142,0
25,2,19,0.7046078715696202,13,105,0
25,0,19,0.7172512722798743,9,172,0
45,4,6,0.17667517348007258,11,112,0
40,5,20,0.7862992523111021,0,134,0
23,7,17,0.504229789419753,0,112,0
11,7,9,1.0,11,37,0
7,0,10,0.897779920851258,6,8,0
41,4,22,0.502736862165436,10,149,0
35,3,5,0.008554436916275027,4,83,0
33,2,23,1.0,9,127,0
51,4,7,0.06631540837965846,0,151,0
7,3,14,0.46095787556899565,0,58,0
4,1,23,0.2272924401713299,4,105,0
36,4,7,1.0,0,156,0
25,2,9,0.3730171430901351,2,124,0
16,1,9,0.7342746864541355,5,133,0
61,0,19,0.2054449425032728,14,105,0
58,6,19,0.5857531196124259,5,14,0
2,3,18,0.7049509365936515,2,128,0
8,6,6,0.23698611545338405,3,83,0
31,4,12,0.6540003147985878,8,24,0
54,3,6,0.5535969598467921,1,31,0
34,7,11,0.7356059236360192,9,21,0
12,7,21,0.1984945839552012,11,35,1
12,0,12,0.8455258449182066,5,103,0
30,0,18,0.7179733154119334,11,103,0
34,2,5,0.36266982561149097,1,59,0
18,3,23,0.022653173071144755,8,64,0
26,3,18,0.4033257891398982,12,190,0
42,0,19,0.8620000597748103,18,156,0
55,2,19,0.6067563620594699,7,86,0
1,7,15,0.8888933677448004,1,57,0
28,0,18,0.6824038568880612,9,28,0
24,6,15,0.6474688661021942,13,54,0
48,7,2,0.9992963188147524,0,148,0
36,1,21,0.9713410791053907,13,176,0
36,6,8,0.7772202348582379,1,15,0
13,5,9,0.8226710289305197,8,48,0
24,2,10,0.09372718455761433,0,92,0
40,7,5,0.6694882243145731,8,68,0
20,6,13,0.6358457188909927,4,137,0
52,4,19,0.7166580047607383,0,70,0
46,5,12,0.932311401352076,4,58,0
23,5,8,0.18818357085813045,6,169,0
62,2,9,0.9330241000510932,2,38,0
46,4,0,0.27141644835731304,3,143,0
55,0,16,0.06129062525453835,13,54,0
11,0,21,0.7978059743266044,0,1,0
8,0,22,0.22400545067879862,0,85,0
34,3,19,1.0,7,134,0
39,2,20,0.2618517124477147,9,157,0
33,3,19,0.8990866078727697,9,172,0
54,7,23,0.20581715825075164,6,1,0
19,0,11,0.49472924587814676,6,50,0
18,0,19,0.11250168919604153,7,15,0
25,4,18,0.5998109875411566,12,99,0
36,3,8,0.6286626089884456,15,144,0
5,7,10,0.6674601876590252,0,50,0
46,5,16,0.2877832469952994,8,115,0
4,5,9,0.18420381070595876,4,35,0
8,6,8,0.24389911764906563,2,53,0
27,6,6,0.23154826109357884,8,167,0
27,6,4,0.15775590101218478,11,62,0
47,4,17,0.4017514035284286,7,108,0
12,1,17,0.3346046862292754,12,134,0
20,4,22,0.6890231055805676,13,75,0
39,3,5,0.6279220840024089,0,136,0
15,0,20,0.22636531851389763,8,13,0
4,6,9,0.6597518752904411,0,91,0
17,5,7,0.5949889196715716,10,160,0
37,3,4,0.30616599132453115,12,125,0
55,2,15,0.36206654864233817,4,148,0
13,0,15,0.32327076577562774,0,143,0
39,4,6,0.358635620002846,12,153,0
8,1,5,0.0,7,92,0
41,4,6,0.48398780581388967,9,177,0
21,2,16,0.8752297770068528,2,134,0
12,7,10,0.5245831104246071,11,43,0
53,1,6,0.21040534979646563,15,127,0
47,0,12,0.5314430351905858,7,160,0
39,6,11,0.5267830181711286,10,82,0
22,6,18,0.6893776844903208,0,166,0
49,0,17,0.4795444587161213,9,97,0
54,0,19,0.011332034019391785,13,96,0
31,0,17,0.13273686155760905,11,106,0
36,5,10,0.16985945567483468,12,161,0
55,0,19,0.4040088557715099,6,145,0
43,1,18,0.9564668577701484,10,169,0
65,0,21,0.8403271857565398,4,124,0
21,2,11,0.7070739618580856,0,38,0
15,4,11,0.21199232913453547,15,17,0
58,6,14,0.22478462115263842,13,101,0
13,1,18,0.287823706757976,12,130,0
22,3,20,0.40990545416970314,10,73,0
20,0,18,0.8350706000083997,11,117,0
20,1,7,0.9186400750793349,2,19,0
3,6,22,0.22040242792681872,3,70,0
26,4,17,0.9231434224030023,3,125,0
36,0,1,0.90871072484222,5,134,0
54,5,19,0.9175368864744391,5,163,0
42,5,5,0.3154432239487065,8,38,0
18,5,7,0.5846388099784191,10,121,0
26,2,23,0.3765757254232945,3,66,0
58,7,20,0.2468907283132334,5,20,0
15,1,7,0.23764642171055345,6,80,0
31,3,3,0.6181319560316625,11,41,0
30,4,7,0.0,3,53,0
35,5,23,0.0,0,70,0
9,0,23,0.3223831896335981,2,99,0
48,6,5,0.6311896480781476,6,75,0
58,2,16,0.6462796739238995,4,122,0
8,2,15,0.5805624059318667,7,121,0
41,2,14,0.577685531090351,7,43,0
46,7,5,0.6363506686693196,4,178,0
27,5,8,0.8438262727298207,12,107,0
29,1,16,0.040258758756138976,0,93,0
0,1,14,0.5416082619283638,0,46,0
48,7,6,0.3457212544153576,3,49,0
30,1,22,0.4118259406101822,11,87,0
22,5,20,0.34543825606715867,11,26,0
26,2,15,0.9268012073394838,8,28,0
33,6,19,0.20965331531945422,0,85,0
24,4,18,0.4787109209038336,9,6,0
1,0,16,0.48755580092936546,1,104,0
63,0,3,0.6410932589378691,2,150,0
30,0,17,0.4342634340726624,4,155,0
3,2,15,0.07975177584871132,3,1,0
57,3,10,0.620807936478911,8,144,0
41,1,9,0.8557689172397064,1,39,0
63,2,14,0.4135723958770994,6,23,0
3,4,21,0.15849332287543227,2,63,0
39,5,2,0.3026840477330148,15,50,0
43,5,17,0.5623546141112665,7,141,0
47,2,10,0.8282328621062398,4,12,0
64,0,8,0.659170687725264,3,35,0
30,1,20,0.7302368370601311,6,175,0
48,1,9,0.7224669319124192,0,136,0
26,0,16,0.7408679306379298,14,31,0
19,1,23,0.14996466408705997,9,7,0
28,4,0,0.6904588497600176,12,27,0
36,2,7,0.9116807666948296,1,43,0
41,7,7,0.8378860201034628,0,6,0
58,4,22,0.7122799651026409,5,128,0
37,4,7,0.23199774999796557,14,30,0
54,4,20,0.845855725967135,2,157,0
19,3,6,0.8458161859749666,8,90,0
51,0,19,0.13292345065286404,12,101,0
12,7,18,0.4898144446330347,12,83,1
23,0,8,0.41883601237649704,1,133,0
52,5,1,0.07547369547277408,6,174,0
30,0,20,0.7312135742655639,8,49,0
6,1,12,0.8842713911417404,0,109,0
42,4,14,0.6110607603347924,10,22,0
71,4,6,0.436563335574246,8,51,0
3,3,15,0.33041511710472005,0,87,0
45,4,7,0.8335615220653398,0,57,0
54,0,7,1.0,0,70,0
31,0,23,1.0,0,134,0
12,3,14,0.523304193940211,12,45,0
12,7,21,0.4978403823812066,12,90,1
9,4,22,0.6448350897150581,9,139,0
45,4,8,1.0,11,79,0
52,1,23,0.40341708970018897,9,93,0
62,2,13,1.0,5,14,0
55,5,13,0.21520863258473946,15,34,0
36,3,4,1.0,8,162,0
3,7,12,0.6209359449600778,2,50,0
42,0,17,0.5599878226713771,5,65,0
27,0,13,0.6939655883290509,11,113,0
20,6,22,0.7029288960744826,14,49,0
33,6,9,0.1181141859460022,14,42,0
62,2,8,0.540675496807186,11,52,0
42,6,15,0.19420061165241764,8,119,0
22,0,10,0.6474096936379681,11,70,0
51,0,12,0.6433804537360038,4,157,0
32,6,7,0.36571192762556354,1,176,0
27,0,15,0.6703364687375722,16,40,0
21,2,17,0.6297226192263671,3,84,0
13,5,12,0.348054450660232,9,158,0
26,0,8,0.511944622535515,10,50,0
2,7,23,0.17875941522224054,2,50,0
64,7,21,1.0,7,178,0
56,7,11,0.9100971151294026,11,161,0
7,0,6,0.6513897960579468,7,5,0
12,0,12,0.43860071825950575,8,168,0
52,0,22,0.9749460273126056,10,175,0
50,6,20,0.7015909784608833,5,88,0
20,2,20,0.5316140974359871,0,173,0
20,0,8,0.5880922892656185,4,113,0
5,0,19,0.1375420887773809,5,140,0
53,2,7,0.3965202832948581,6,147,0
23,6,21,0.49091007052177205,14,19,0
19,0,7,1.0,2,24,0
26,0,6,0.4683000340221546,2,132,0
12,0,15,0.8641188076214639,3,97,0
57,4,13,0.5474716893689784,6,135,0
23,7,20,0.5372007144952009,12,38,0
55,2,20,0.6288507388647749,15,152,0
49,0,21,0.6116300992775451,4,140,0
3,4,14,0.7731515976332851,3,125,0
19,5,23,0.6659802514968542,7,91,0
43,1,15,0.39533883308393636,4,162,0
21,0,11,0.19759206704786422,2,101,0
26,2,5,0.5510193497063255,6,72,0
64,2,5,0.5302994929902025,4,157,0
43,7,16,0.34652030289050445,9,99,0
6,2,21,0.537991406100472,0,124,0
10,3,15,0.37384363051629116,3,144,0
21,1,23,0.19418654460319815,8,60,0
19,2,10,0.12200262069857758,8,161,0
47,5,7,0.27514122150348674,4,68,0
42,7,1,0.10890873170639552,13,39,0
14,0,16,0.5896695850157034,6,140,0
20,0,21,0.11822814475043117,10,14,0
55,4,17,0.7898219370421445,16,161,0
40,2,20,0.2712369269283066,7,99,0
40,6,8,0.38669711817739144,8,74,0
11,4,8,1.0,11,30,0
38,6,18,0.5035763179426477,6,125,0
40,6,9,0.5553407059113706,12,132,0
20,1,10,0.5140917727446445,2,78,0
4,0,13,1.0,4,116,0
46,1,8,0.7024233153850714,6,83,0
13,0,20,0.3990983072393532,13,148,0
14,0,5,0.9286111629675169,14,124,0
38,7,4,0.11238660432255519,16,25,0
15,4,9,0.1896705297662975,10,99,0
63,4,10,0.23938538961194136,10,74,0
15,6,8,0.5746416587709396,10,66,0
11,1,23,0.4707398957220273,7,136,0
57,1,22,0.8707664301413726,4,146,0
10,5,4,0.2547235344463103,8,96,0
35,0,21,0.4529439239183797,10,80,0
37,6,9,0.23072485317031832,16,62,0
58,1,8,0.8438244885475858,10,5,0
37,3,17,0.9018604310304552,10,56,0
19,5,4,1.0,6,40,0
40,2,9,1.0,15,137,0
20,0,12,0.8555246462933632,1,15,0
21,3,19,0.8547775698220864,3,126,0
52,5,11,0.32589823164058607,14,45,0
51,3,8,0.11773939398732895,0,145,0
6,3,14,1.0,5,170,0
13,5,10,0.8179686034953115,12,96,0
39,0,10,0.8508865422656381,2,128,0
55,0,11,0.8574899522496884,10,131,0
41,0,10,0.7347967129840822,9,93,0
61,1,11,0.7661744261112057,10,135,0
22,6,20,0.449130433935922,12,87,0
29,0,9,0.8419821474719924,1,22,0
16,0,23,0.8479161813067995,16,154,0
50,3,16,0.3714343676983557,1,142,0
28,2,9,0.3214543844073091,5,135,0
37,6,6,0.3361521327162861,3,18,0
54,1,6,0.0,3,151,0
45,3,12,0.6032314068023248,3,54,0
32,1,18,0.40046860046508737,4,159,0
24,0,11,0.28692275203926443,0,84,0
50,5,20,0.771305735136291,17,139,0
46,5,10,0.26771020962388303,13,26,0
14,6,10,0.8586988977433722,11,119,0
14,4,4,0.7409499185275679,12,1,0
46,5,20,0.8182414574628137,9,39,0
43,4,4,0.055334605638984694,11,140,0
3,4,8,0.48533118951711374,3,13,0
33,0,19,0.351677204248644,0,136,0
45,6,13,0.621309144554974,2,36,0
13,5,13,0.49885213196671196,11,190,0
20,4,21,0.4839510039069146,0,10,0
26,2,15,0.6946061750733143,13,41,0
49,7,13,0.9290249875838327,10,145,0
54,2,16,0.7628425087265431,4,150,0
21,6,17,0.633708959263682,2,76,0
62,1,13,0.5889101883076703,9,126,0
49,4,17,0.8305632659614051,2,137,0
55,0,14,0.1585856031500794,12,70,0
64,3,18,0.5981213073080724,13,189,0
53,4,16,0.08649493242827096,12,86,0
36,7,20,0.270230499302021,0,96,0
59,2,7,0.27048324839707255,2,72,0
53,6,16,0.4230265697077989,10,9,0
22,3,2,1.0,3,144,0
17,7,15,0.6703881845335043,9,25,0
24,1,9,0.5115496351107142,4,69,0
52,5,16,0.23029546353377792,12,55,0
37,3,6,0.13772066849302572,14,47,0
29,0,7,0.36865156659040466,2,93,0
44,5,4,0.8027046883424573,0,52,0
13,7,11,0.698724801583795,6,155,0
23,7,18,0.566973039906912,7,66,0
26,0,20,0.37129341694452606,7,89,0
15,3,5,0.4861180065752872,5,75,0
31,3,16,0.16968660324501156,10,105,0
24,0,12,0.6585503485901587,12,41,0
62,4,13,0.8790869874451814,0,7,0
37,0,13,0.6412197270359663,6,82,0
7,2,14,0.6150690925050745,7,12,0
13,7,13,0.6944781099584747,2,174,0
69,7,23,0.8951710473663892,6,162,0
33,7,8,0.9346113276382314,2,8,0
47,7,5,0.6099749542913909,1,161,0
24,6,19,0.853800352004356,0,131,0
49,4,11,0.8578198505577992,11,130,0
42,0,17,0.7812855005525662,13,41,0
24,3,18,0.31330497820812275,8,116,0
36,2,11,0.03908884143634511,7,69,0
21,7,17,0.7530859868062959,1,173,0
6,2,23,0.7871545633925036,0,24,0
10,7,6,0.2753673508330278,10,88,1
20,1,23,0.41867176550595514,8,71,0
31,1,8,0.582389399604444,11,57,0
6,6,18,0.13635372079230174,6,70,0
10,1,9,0.011323711592016728,9,77,0
21,3,8,0.7840133094660388,11,95,0
18,2,18,0.7463318554293689,9,50,0
22,5,20,0.7088092973951402,14,61,0
9,7,5,0.2720947861582074,8,109,0
14,7,7,0.7473685337626464,14,104,0
38,6,6,0.3973308322163832,0,53,0
40,5,17,0.638552071238383,9,136,0
28,0,20,0.5656302945669909,8,68,0
63,0,12,0.9092482147272797,10,140,0
53,3,7,0.36362062972597553,15,104,0
31,5,7,0.4425954182513302,0,7,0
32,7,8,0.952296202423736,1,27,0
33,0,1,0.8158275479012997,0,27,0
25,3,8,0.42400251046939313,6,132,0
23,3,15,0.4834626021133237,0,162,0
16,3,17,0.2230092406533204,13,29,0
33,6,11,0.045408384687722014,0,26,0
36,2,15,0.336051677948552,2,146,0
16,7,16,0.5219696802505498,16,99,1
7,7,16,0.38905709551957895,1,45,0
9,2,16,0.7304436256331928,4,189,0
3,4,17,0.35133020844965374,0,43,0
42,2,18,0.7716596917318526,5,29,0
46,6,4,0.8260219754629445,0,166,0
33,0,17,0.4643015615512291,8,103,0
28,7,5,0.893995130044698,4,37,0
5,3,16,0.9520829451628118,5,138,0
41,6,18,0.4380605154865945,10,111,0
32,4,22,0.9898676680130621,0,103,0
60,2,17,0.8422005421090877,5,122,0
23,0,15,0.7355949652630414,18,105,0
56,2,14,0.7933991085446581,13,143,0
6,0,21,0.26431059315848016,5,96,0
28,3,4,0.5591866918149405,9,56,0
20,3,16,0.5502930588860075,0,71,0
51,5,8,0.7332522905615868,10,139,0
9,4,15,0.2764801331467288,9,154,0
0,4,10,0.6156591111654213,0,82,0
20,6,18,0.8639381306746243,8,118,0
34,1,20,0.9830729121767521,0,124,0
24,3,5,0.9524195661859807,14,113,0
26,0,22,0.8442910989129744,4,74,0
62,3,14,0.5154711361786765,9,16,0
38,3,6,0.4432711690746478,13,125,0
0,0,21,0.644325648839344,0,106,0
21,0,16,0.275487600104255,5,152,0
29,4,8,0.44514644803329295,12,60,0
65,0,15,0.9302392393165041,8,135,0
36,4,10,0.2809230963485009,2,69,0
47,4,8,0.7436541214540232,0,77,0
42,3,8,0.6870781205097731,7,163,0
26,7,15,0.8464163241736641,5,175,0
19,7,19,0.39095893451695785,13,159,0
44,5,5,0.9599960268181766,0,154,0
7,1,23,0.2321742124168171,1,76,0
46,5,17,0.6527239016966518,5,91,0
18,0,15,0.6970072402648466,5,130,0
13,5,16,0.22867114770836203,13,104,0
63,0,19,0.7431808546471772,0,126,0
26,5,5,1.0,11,21,0
45,5,8,0.913210967861425,5,32,0
4,0,19,0.8068990413775516,0,93,0
51,4,3,0.8175098507093435,0,156,0
51,6,12,1.0,7,118,0
22,2,15,0.8712746961292385,0,138,0
61,4,14,0.18617020645707097,12,57,0
59,0,16,0.7629701684338852,7,133,0
25,1,4,0.6061090957766322,8,171,0
14,2,21,0.33558559295230533,5,95,0
23,6,10,0.3152247587227343,2,25,0
42,7,2,0.8511082210257299,1,47,0
23,6,5,0.8855754513899332,16,59,0
50,0,19,0.7380124152200589,12,51,0
53,6,15,0.16098756275515946,14,75,0
38,4,21,0.41616648315523264,4,97,0
35,4,19,1.0,13,175,0
55,3,12,0.622226989040622,3,135,0
36,2,21,0.8793087185602358,8,182,0
16,5,8,0.6568788390781914,8,62,0
20,3,14,0.31250733534813935,13,25,0
8,0,16,0.9328077086686197,4,111,0
19,6,14,0.8091285905122739,10,168,0
59,2,8,0.5123527136307247,3,159,0
7,6,12,0.5327489084521849,0,33,0
9,2,14,0.8103643651268666,0,137,0
21,0,17,0.12473858601099298,14,140,0
47,5,15,0.6158996538459437,8,73,0
12,7,7,0.8814990804752589,11,42,0
58,0,15,0.3263868226718536,12,54,0
54,0,14,1.0,10,132,0
24,0,14,0.8656992612363756,16,27,0
16,6,11,0.2921196046729966,4,155,0
25,0,18,0.7637954940646625,5,139,0
30,2,19,0.7927009644110298,4,182,0
10,4,6,1.0,10,38,0
10,2,16,0.9477355597756832,4,133,0
26,3,21,0.4866511547565358,10,160,0
33,2,5,0.12229410267316702,3,98,0
34,1,18,0.8404695131172774,6,55,0
3,1,6,0.7821578555748107,0,55,0
10,0,16,0.30186930878327417,7,131,0
58,0,19,0.19738998504339064,14,101,0
57,1,8,0.6979466816774407,3,18,0
35,5,17,0.06177269150204545,6,123,0
41,6,8,0.6958065678575677,0,48,0
36,2,5,0.18507788189122948,16,46,0
32,2,20,0.735769641473556,11,195,0
40,7,7,0.7130568824182475,2,16,0
30,1,8,0.37896051398938063,6,129,0
26,3,3,0.6177163636603105,7,47,0
2,7,11,0.7875697479313488,2,38,0
40,3,14,0.26852782142681675,9,166,0
23,5,15,0.5713307152422922,5,70,0
47,7,5,0.15696103523403332,15,36,0
20,6,17,0.8321230091124933,0,176,0
17,0,18,0.9677335073089544,13,30,0
19,0,13,0.7312422122367073,13,100,0
30,3,20,0.43373420012834274,7,107,0
9,4,21,0.8461555978849943,9,59,0
53,0,21,1.0,11,175,0
18,2,8,0.5367180340524358,4,66,0
52,4,14,0.8749225934158608,10,150,0
55,3,12,0.20867686119196646,13,87,0
4,0,18,1.0,4,21,0
36,0,13,0.29985960561087865,3,89,0
37,3,10,0.33432290449022734,6,104,0
14,5,23,0.4272021017721999,7,98,0
26,4,19,0.5501450447263998,14,16,0
13,0,10,0.5784861572542381,12,68,0
42,1,7,0.2773483217123424,4,77,0
50,5,22,0.2587138314100378,7,8,0
25,5,23,0.7643053549662369,13,47,0
14,6,22,0.5011878985946981,7,100,0
38,4,12,0.21816532879586642,0,22,0
34,0,13,0.03892233784986637,0,136,0
28,7,21,0.318023896083553,8,164,0
57,5,21,0.612314007610706,2,159,0
8,3,23,0.83769573429774,8,51,0
17,4,11,0.5001351061030058,9,144,0
2,7,23,0.2483110887800994,2,74,0
56,4,19,0.5549049630618084,8,14,0
39,1,23,0.30290154436219174,1,129,0
12,5,21,0.46595047914475385,4,97,0
51,3,18,0.8682157074002022,11,48,0
21,4,21,0.6969246432390833,6,104,0
43,0,9,0.5522172737119374,10,42,0
57,4,6,0.5271986357824826,0,146,0
12,2,4,0.87179314563354,11,112,0
14,6,18,0.5784032917208999,14,40,0
44,5,8,0.21763562672284642,9,142,0
16,6,14,0.229577905936947,16,21,1
50,4,10,0.4520234763879276,15,117,0
22,4,21,0.6653058399921715,2,88,0
35,5,5,0.6120164229666069,4,108,0
43,5,2,0.9207103542271581,10,73,0
12,7,12,0.5839401392150306,12,43,0
52,6,18,0.3382137061956021,15,104,0
40,0,19,1.0,14,171,0
17,1,5,1.0,11,109,0
32,4,16,0.12385075809080437,0,10,0
59,0,19,0.43789450193031465,5,148,0
22,2,19,0.8010188857237838,0,81,0
17,4,10,0.8419379968123385,3,53,0
54,5,16,0.5032329813996113,5,28,0
40,7,21,0.24245853970330378,14,85,0
51,4,6,0.19260915229688663,2,165,0
24,2,20,0.2775842628846874,0,22,0
37,1,23,0.6717627764897591,7,110,0
62,3,22,0.849823392279977,11,161,0
1,3,14,0.5655189570551457,1,68,0
45,5,6,0.8769883915085805,0,154,0
34,5,23,0.5116051016771072,10,125,0
36,0,9,0.9530838511800092,6,105,0
36,0,2,0.3970278862697217,0,83,0
42,3,18,0.7652008208826308,11,144,0
32,4,20,1.0,15,175,0
15,6,13,0.3567216176252061,15,15,1
57,0,22,0.4044074949632279,5,114,0
7,0,20,0.6121695124545306,1,73,0
9,0,11,0.26593286693045637,5,149,0
13,0,19,0.27750133726434667,2,83,0
53,3,6,0.5280585024329897,4,154,0
15,2,14,0.7477135605072924,0,62,0
61,1,10,0.7620917712874697,14,42,0
15,4,17,0.48470090159429513,7,139,0
45,3,7,0.8750511911464949,8,85,0
33,0,3,0.476952945438031,10,58,0
15,1,10,0.5568865763466329,3,131,0
3,4,20,1.0,2,1,0
25,0,23,0.4663164347087393,8,96,0
30,1,17,0.6833726309561701,14,38,0
14,1,19,0.4553592867768954,0,182,0
39,7,20,0.33151236893611663,12,124,0
26,5,6,0.1181487419536716,0,98,0
29,2,13,0.23222112663083666,3,51,0
36,4,6,0.9231001043639877,9,16,0
18,1,15,0.9167074858294433,3,127,0
64,0,3,0.7498543624922258,0,155,0
34,0,12,0.5150602492056013,7,148,0
32,3,3,0.6873185439395537,11,49,0
7,0,17,0.5224334522907622,7,119,0
15,7,18,0.5373027067556481,11,31,0
35,3,6,0.2343524155391596,10,43,0
13,3,7,0.7811102928197071,13,34,0
58,1,15,0.004118878428622977,14,74,0
14,1,18,0.18583730286383693,14,143,0
34,2,2,0.2735362815818902,7,149,0
14,0,7,0.05412166300570784,7,159,0
52,4,8,0.9604824446378967,2,94,0
13,2,11,0.5085932518439822,13,59,0
15,0,13,0.29640506213522416,6,152,0
26,7,3,0.8628418874237164,13,60,0
8,1,16,0.9608798982652191,0,30,0
8,0,14,0.7370253178453956,2,27,0
52,4,8,0.8365171787343878,10,165,0
11,0,16,0.37563963090084845,11,111,0
39,3,22,1.0,9,130,0
52,1,6,0.3228449023194284,5,55,0
17,6,4,0.9374059087330369,17,54,0
24,6,17,0.8511779083040049,10,63,0
14,7,10,0.78258349257847,8,161,0
36,1,17,0.14273080989470768,0,150,0
25,3,19,0.5571220991834526,11,89,0
42,1,12,0.34765397159500444,4,157,0
34,6,5,0.25794723273598436,11,62,0
60,0,11,0.9118286311469335,16,39,0
14,0,5,0.43891687673790186,6,171,0
10,4,13,1.0,10,40,0
61,2,19,0.7491600167244682,0,119,0
14,7,12,0.49506284640212467,5,147,0
21,0,12,0.6638067020862828,6,5,0
63,1,7,0.35161778437032093,15,114,0
24,4,16,0.4161007690450842,11,10,0
16,4,23,0.7342830403544576,11,66,0
38,7,3,0.16997590609073804,16,34,0
8,2,13,0.66453763415571,8,75,0
40,2,3,0.13056464936451867,6,135,0
24,7,16,0.5440393079819578,15,35,0
14,3,19,0.6264916532557525,14,64,0
26,5,21,0.41428012214103344,11,65,0
29,0,20,0.12841716623745028,12,139,0
10,4,6,0.14705564953976769,10,103,0
8,2,19,0.7179530454538414,3,145,0
54,1,23,0.5660991591264566,5,98,0
21,1,8,0.09892686643193235,10,112,0
38,2,4,0.9964899101568685,9,154,0
3,6,6,1.0,3,163,0
20,7,11,0.6648452597729365,4,54,0
20,0,9,0.5925992115512498,2,137,0
57,3,6,0.8504783326259558,0,52,0
31,3,3,0.6491926982403876,3,112,0
36,0,5,0.7651387623372778,1,15,0
42,0,17,0.5810260034534458,6,58,0
41,0,16,0.9405530642673974,10,160,0
29,3,7,0.1665671564823632,0,102,0
7,0,12,0.22318425977695994,7,3,0
8,4,22,0.4898429024986498,1,21,0
40,2,6,0.9240505111350881,9,32,0
34,3,20,1.0,1,152,0
15,2,23,0.3702819327265241,12,146,0
42,4,9,0.8379631451562837,0,139,0
11,3,1,1.0,11,132,0
23,4,19,0.7773702640034249,0,138,0
10,0,16,0.9414826280137829,0,98,0
40,6,5,0.18873485277536814,14,48,0
38,3,1,1.0,10,147,0
0,4,7,0.7107367454144002,0,69,0
11,5,10,0.6520521878562553,11,118,0
7,2,19,0.7408411864915561,3,115,0
58,3,16,0.4391940393651317,5,19,0
57,2,2,0.27052697543611687,13,111,0
13,1,20,0.23407565324085075,13,131,0
31,5,18,1.0,11,61,0
45,6,7,0.2105454578265146,16,36,0
54,1,16,0.1951557883953136,14,124,0
28,5,7,0.8244679963408015,5,28,0
17,0,11,0.9855400116041686,17,26,0
27,7,21,0.5749158449499782,14,36,0
47,3,14,0.5690128258947623,2,85,0
23,0,10,0.22594866391413265,0,76,0
36,0,5,0.06286968860469139,4,74,0
37,0,7,0.6007599216099936,0,100,0
42,2,4,0.6410323335637917,3,114,0
42,1,7,0.7314435879917907,0,142,0
52,2,23,0.6527186063360513,1,153,0
46,3,18,0.7909190035221065,2,143,0
15,0,4,0.5405177194987923,5,77,0
59,1,10,0.6441461983211135,6,20,0
26,3,20,0.4141257560767987,13,72,0
33,4,17,0.9083763759588641,13,156,0
52,2,23,0.7665102886280962,0,135,0
56,3,9,0.9568165398134221,0,55,0
56,3,15,0.6673803407780721,4,145,0
57,6,7,0.699496029987471,2,75,0
42,4,0,0.7983919190779651,1,181,0
40,4,7,0.4476014908806448,12,31,0
12,6,19,0.4498968860232868,6,87,0
10,5,13,0.6436841037793801,7,48,0
32,0,20,0.13208649043639004,14,138,0
8,1,6,0.673423127828283,4,100,0
42,5,3,0.1797596183803803,5,65,0
20,4,22,0.6019893725991678,11,107,0
23,0,19,0.6729251901292531,11,105,0
0,7,13,0.6716187764738102,0,71,0
24,4,12,0.8836617373086644,8,50,0
13,7,22,0.425825305793506,13,32,1
34,3,8,0.32795791137039804,4,60,0
28,2,11,0.1462039923783301,4,79,0
4,0,14,0.8350941884262675,4,140,0
7,6,4,0.19273606121377881,0,38,0
54,7,10,0.7863219289399509,11,120,0
44,4,17,0.459922710596949,9,104,0
10,5,11,1.0,10,155,0
60,0,18,0.7761571445315122,3,142,0
40,7,8,0.34278213913996125,4,151,0
24,0,16,0.7832593367148015,11,83,0
21,0,20,0.45811929441395416,9,72,0
39,0,18,0.11639554732782717,0,31,0
17,0,17,0.6955806453544356,2,27,0
9,7,14,0.9190898582179428,8,176,0
59,7,23,0.9474111889568196,6,178,0
38,0,20,0.6430873289777023,5,178,0
3,3,17,0.09704841212963829,3,1,0
4,7,13,0.2877353528021894,4,179,0
58,5,13,0.8906000419864624,0,20,0
11,0,22,0.7110188325502058,11,105,0
21,0,23,0.4640246383836916,5,67,0
21,6,19,0.595122832777581,15,21,0
52,5,11,0.8771896818875053,8,9,0
35,4,16,0.8417443570536661,10,148,0
3,4,12,0.6857657099397254,2,54,0
35,6,5,0.7290467611102937,9,44,0
42,3,4,0.2973699008007133,6,154,0
13,0,14,1.0,4,6,0
5,7,17,0.6491814087976245,5,48,0
17,7,20,0.4349056449863248,11,99,0
39,0,18,0.7264471277060741,12,22,0
12,6,13,0.29659512536830973,3,145,0
31,6,9,0.9437608038321759,4,45,0
8,4,19,0.8678439004196441,6,56,0
14,3,4,0.551000577195541,14,111,0
46,6,10,0.10569684641027025,10,50,0
0,5,10,0.8747721988500026,0,73,0
29,3,16,0.13432524158726908,8,125,0
10,5,22,0.35234363645016015,4,10,0
36,2,10,0.32756136140364367,1,76,0
48,1,11,0.13506388088696095,12,58,0
40,4,17,0.9206086948348864,9,30,0
35,1,22,0.8020610765791316,8,180,0
44,2,20,1.0,12,162,0
38,7,9,1.0,3,44,0
12,4,7,0.06235846163936447,9,81,0
22,0,23,0.35986099272888206,10,78,0
19,6,8,0.7256777306575868,9,114,0
47,6,2,0.3257572849150671,1,160,0
50,7,5,0.3848625025505417,2,131,0
15,5,12,0.15889376520258844,15,31,1
8,5,6,0.17017088078325338,6,81,0
6,2,18,0.8509650424725903,3,24,0
7,1,18,0.358272625605108,7,131,0
48,3,19,0.7076557275795454,1,130,0
4,7,11,0.12068073250889422,4,147,0
52,0,14,0.9095960681446212,17,28,0
11,2,18,1.0,11,43,0
57,5,22,0.9410545685472644,8,173,0
19,0,16,0.5694578674443687,14,115,0
7,0,19,0.39729279917986626,7,117,0
51,0,20,0.49012306995337585,6,91,0
15,3,5,0.2192352834663162,6,77,0
53,1,12,0.8863111529211741,13,36,0
26,0,11,0.9779459346251035,12,35,0
4,4,20,0.06146326205255567,4,104,0
20,0,15,0.4386178162734731,1,174,0
11,2,10,0.46583364587073595,11,125,0
28,0,10,0.9416993066793116,0,49,0
23,0,6,0.1913223015745803,1,98,0
43,0,12,0.49036574444857073,11,138,0
6,0,15,0.9208743314396147,2,113,0
31,1,19,0.8142497625418447,9,60,0
36,2,23,0.37590523374595675,6,108,0
8,1,11,0.3610001619558468,0,85,0
10,7,20,0.2393479289743684,3,61,0
7,6,10,0.2676768892966016,2,70,0
30,7,19,0.2869146002987794,1,102,0
62,4,16,1.0,3,6,0
26,5,14,0.6578494703068869,10,74,0
15,0,18,0.2196460751144532,15,149,0
11,1,16,0.4806755543933438,1,76,0
60,1,6,0.9420780552944945,7,148,0
22,1,8,0.14095129863569447,2,84,0
35,4,2,0.6417297301146395,1,109,0
31,6,2,0.9570953955392318,16,40,0
2,7,16,0.2628936617708436,2,163,0
20,1,23,0.1425133353424782,13,130,0
13,1,19,0.8181750188646497,6,37,0
26,0,8,0.9742603767470689,2,26,0
49,2,11,0.6279416452588822,13,136,0
13,6,9,0.8274145390450403,9,62,0
16,0,10,0.9885587648393311,3,1,0
40,1,18,0.4464909672125666,3,151,0
58,3,10,0.30974730075283674,3,129,0
28,0,14,0.41362268032525107,2,172,0
25,6,18,0.6413461632907854,10,40,0
37,3,4,0.7409656799018457,7,58,0
25,4,15,0.7038468122689788,4,91,0
15,0,20,0.01742324224983613,10,12,0
4,4,17,0.2594756942954479,3,21,0
17,4,10,0.8317575163250265,13,101,0
42,1,21,0.5590542744998412,7,172,0
33,2,4,0.2590849379007708,0,76,0
45,3,21,0.9534685032600532,5,114,0
8,0,22,0.8641336100374376,0,85,0
25,6,23,0.4319062160102948,14,183,0
11,7,11,0.25896815789241834,11,83,1
22,2,18,0.5850233939918441,9,47,0
6,2,7,0.6900251306829623,6,118,0
16,0,21,0.4585634124941337,8,102,0
25,0,17,0.9299703499839024,13,18,0
35,7,12,0.7884635920665676,0,110,0
29,4,23,0.8876432979652971,10,179,0
25,0,5,0.8206990297189686,2,11,0
18,1,8,0.2364538626726277,0,98,0
29,4,13,0.25229148544358626,1,94,0
69,3,14,0.5498821786949111,5,37,0
46,2,19,0.26551864849190143,3,148,0
10,1,10,0.3817514287571178,8,7,0
43,4,3,0.7584388032515392,7,108,0
26,2,20,0.5053783569619065,5,122,0
9,7,9,1.0,9,154,0
31,3,3,0.16483204427903753,7,141,0
30,2,16,0.9986083774192147,14,49,0
54,0,11,0.9724510598246557,8,140,0
10,0,14,0.7570457043916545,8,14,0
47,3,5,0.15687918021448394,9,29,0
60,0,11,0.6769940040829407,10,66,0
17,6,2,0.15895089037536636,9,88,0
40,5,15,0.8750548933762612,10,20,0
3,4,12,0.6369201714086343,1,47,0
36,0,12,0.2333586074803623,0,85,0
30,3,6,0.4772180471469543,10,76,0
9,7,7,0.42887501997988003,9,96,0
47,7,5,0.4172977380552844,0,6,0
9,0,11,0.4925914013193362,9,141,0
7,7,17,0.1671278008638593,7,148,1
14,4,23,0.5033972091384438,6,103,0
4,0,12,0.4730186697685574,2,32,0
41,4,6,0.9448716742061025,10,118,0
66,0,13,0.8890479938240936,15,34,0
20,1,21,1.0,6,164,0
32,3,7,0.6416836530242325,2,186,0
5,5,5,0.652077166444246,5,83,0
54,1,11,0.4759684675953383,5,63,0
36,4,4,1.0,2,142,0
29,6,21,0.920163493500477,11,148,0
35,7,22,0.4992515857696939,8,162,0
24,2,18,0.5684492824337538,0,51,0
50,1,9,0.804911086064531,13,9,0
25,5,17,0.8023882683991949,0,138,0
5,6,16,0.5111754144221967,0,48,0
62,1,4,0.4177372103283636,8,59,0
52,4,4,0.0276632607885679,5,82,0
42,4,20,0.8988650736267925,10,151,0
31,5,15,0.34791888293168727,12,29,0
51,0,21,0.8782456823193928,14,177,0
39,7,7,0.09775658686030564,13,32,0
17,6,22,0.39968248725034683,17,30,1
45,7,14,0.21388331555364826,13,39,0
17,3,22,0.4294637959188905,7,81,0
10,5,8,0.7280410055908886,7,66,0
10,1,11,0.5881776889858222,10,171,0
45,5,6,0.1772135645745947,12,37,0
29,0,3,0.9433579084046446,3,136,0
12,1,18,0.807620153347755,0,33,0
73,0,11,0.9416068231411453,11,43,0
14,5,5,0.6790818747562264,8,60,0
13,1,19,0.04362631793365318,6,9,0
25,3,11,0.4273863802100086,1,66,0
16,7,6,0.15773933101441368,8,82,0
36,0,7,0.7104890944858631,13,162,0
17,2,21,0.27932417477649873,7,76,0
26,3,22,0.7549070681212138,11,37,0
61,1,7,0.3817291138420018,3,41,0
28,4,22,0.8620402081404367,0,153,0
24,1,17,0.5545885553218414,11,35,0
25,1,23,0.8303279477427506,8,173,0
46,7,20,0.239306213615595,0,88,0
52,0,11,0.60356142253829,6,140,0
41,4,12,0.6928125359315193,2,48,0
51,2,21,0.4712141692284763,9,85,0
38,4,9,0.7763192417461597,2,93,0
18,0,9,0.6972839113398401,14,29,0
34,0,18,0.29055212386843016,3,124,0
6,2,15,0.7452315959849231,6,61,0
55,5,6,0.07186505749776746,1,148,0
39,3,6,0.38073134480034737,10,121,0
30,7,7,1.0,7,41,0
43,2,21,0.22518180379929842,14,90,0
39,0,21,0.7927125677832739,7,39,0
14,6,20,0.526765880585535,14,78,0
46,4,19,0.6137942651529813,6,146,0
53,4,13,0.11336728802394125,15,45,0
41,5,12,0.715145549778717,8,26,0
49,3,9,0.39512241600927983,1,152,0
22,6,19,0.6816170076833346,2,121,0
34,5,23,0.7393906380681248,9,100,0
47,5,18,0.4637172108423505,10,104,0
49,1,7,0.9561140341686907,0,65,0
10,2,8,0.20623789205762663,6,156,0
42,6,5,1.0,0,168,0
38,5,8,0.9936251625704292,8,90,0
32,0,20,0.3422010821834708,13,144,0
10,2,10,0.4335011551529576,8,172,0
30,5,19,1.0,5,124,0
55,1,8,0.5759270508703999,17,48,0
7,7,9,0.6581205770098556,7,164,0
13,2,2,0.9439912566179687,13,18,0
22,6,23,0.806040495517758,15,57,0
26,3,14,0.06654409462873698,0,76,0
54,4,13,0.7210237649598297,0,34,0
41,4,4,0.7285406006204196,13,35,0
62,6,20,0.09651119281489533,10,1,0
42,0,14,0.3908591936856131,12,148,0
24,7,19,0.5262441794272389,13,147,0
38,4,9,0.987486819080557,6,68,0
30,0,23,0.4601071552018201,6,146,0
22,5,9,0.6099930880695081,4,164,0
41,4,5,0.322206168741864,9,53,0
50,4,20,0.2516504233042271,12,100,0
26,7,8,0.9914372504857002,16,38,0
28,4,14,0.2752764636017596,8,120,0
34,1,9,1.0,0,39,0
12,6,4,0.08810530012416429,12,98,1
33,5,9,0.5403017363967902,9,49,0
38,0,23,0.20642287725891306,13,75,0
45,0,6,0.5334167392276286,4,70,0
24,2,11,0.20319281331040373,3,84,0
16,7,18,0.4638829736535566,16,27,1
36,3,6,1.0,3,153,0
44,4,1,0.4147952434655747,7,182,0
23,1,11,0.41776627402341343,4,139,0
35,7,7,1.0,3,30,0
27,2,1,0.22304306330719137,2,111,0
26,1,23,0.24840705044973668,10,92,0
9,6,10,1.0,9,55,0
58,4,19,0.13007619544584426,13,113,0
55,4,15,0.8607063848216248,11,114,0
12,2,20,0.9851966693056424,12,32,0
41,4,20,0.202624187067527,12,91,0
67,0,10,1.0,7,119,0
50,5,6,0.27248223262523186,4,63,0
0,6,15,0.6506283263099167,0,41,0
53,5,10,0.9089194348810848,11,149,0
56,0,20,0.7183899867264996,5,136,0
57,0,16,0.8699712041787112,13,22,0
49,0,13,0.6296508461389931,6,74,0
50,4,20,0.6523140481599989,3,131,0
52,5,8,0.42618354813888104,2,141,0
64,1,12,0.822239105929014,9,122,0
53,0,6,0.11074647579172257,2,68,0
43,0,5,0.2500479341567817,5,65,0
30,1,4,0.5994034729301668,12,44,0
55,4,9,0.4748593872419194,5,164,0
15,0,20,0.24162854019665944,13,143,0
29,4,7,0.4311026806414684,0,16,0
7,7,5,0.6115981381322622,7,68,0
13,5,8,0.858381736506219,9,38,0
8,4,22,0.37988600071172474,0,109,0
3,4,16,0.5836661822701071,0,58,0
22,0,21,0.5748530010696764,11,139,0
38,7,7,0.18783369106892456,14,37,0
21,4,6,0.23341369348973973,14,77,0
41,4,4,0.8985651378789334,2,46,0
50,6,2,0.2769979401407831,0,158,0
23,5,23,0.6023427867747795,14,55,0
23,2,15,0.3320357796666469,3,111,0
59,3,14,0.5050493406396404,8,8,0
14,0,10,0.864638890860062,2,41,0
5,2,15,0.9631602704577651,1,170,0
38,5,18,0.3422989923941499,7,111,0
35,3,11,0.3497832320787232,13,132,0
19,4,23,0.8171702393058473,5,131,0
40,5,6,0.7232661033875469,6,110,0
64,0,14,0.8028134250943609,11,28,0
36,4,4,0.5927862119019218,8,62,0
27,6,5,0.24259610419372363,9,47,0
12,5,9,0.870148773034509,6,182,0
53,0,19,0.15385796189759246,9,102,0
22,1,7,0.40316960321791506,6,79,0
37,4,5,0.2825756302864577,6,166,0
3,2,15,0.7818650411104391,3,109,0
58,2,21,0.12689520193385562,12,101,0
53,0,14,0.7057391221197369,3,163,0
26,5,10,0.12326541539492411,6,169,0
45,1,12,0.531806986362684,14,45,0
45,4,23,0.46163499015430304,7,92,0
35,3,17,0.8118288583267671,13,162,0
29,2,23,0.4263071277059313,11,73,0
50,0,10,0.9397592220814627,12,4,0
11,3,18,0.7917631955100378,7,41,0
24,2,23,0.7057268758297753,9,107,0
37,2,9,0.8239138268624265,0,48,0
6,7,14,0.2301982457487421,6,149,0
0,0,21,0.6916378741362995,0,91,0
49,4,16,0.41783733395641776,0,143,0
17,0,22,0.7861113560579458,12,37,0
38,6,7,0.8697124995997476,0,163,0
37,0,8,0.784204514391592,0,150,0
53,4,11,0.8284265926316631,3,33,0
31,1,6,0.5515611386433465,3,119,0
5,7,15,0.9156532446414096,5,64,0
52,7,10,0.8704682701099853,16,169,0
54,4,11,0.9932062726941155,15,115,0
68,1,20,0.7664056906380616,13,171,0
21,0,21,0.6942966954730826,2,96,0
21,0,23,0.1599831778192156,11,136,0
39,0,23,0.5423003769930121,7,107,0
38,7,8,0.8634875467017769,1,12,0
16,1,12,0.628272415009007,5,25,0
31,7,7,0.9200531093475639,2,49,0
5,7,15,0.5955039014740329,5,42,0
37,6,18,0.4902279580339831,11,95,0
35,5,10,0.2932791417507563,2,178,0
18,7,6,0.9607772761131054,10,49,0
50,5,2,0.7933154710965008,7,137,0
29,0,8,0.4346566446630843,3,77,0
23,0,11,0.18606841744122696,3,150,0
39,2,2,0.050476903966117384,12,165,0
44,3,13,0.3129415452951415,7,144,0
40,2,11,0.8750367754919852,5,55,0
40,1,9,0.7514284403938613,3,44,0
46,4,4,0.3837595626467406,4,176,0
4,5,8,0.44410283170789666,1,76,0
38,0,21,1.0,14,168,0
15,4,18,0.110798697087827,15,5,0
43,6,21,0.8965452434896316,12,56,0
45,3,7,0.40172259999585525,8,166,0
18,2,23,0.15726422145736302,13,81,0
11,4,7,0.0,9,98,0
42,2,20,0.5781226906825967,8,95,0
30,1,23,0.5668666062255063,5,84,0
27,4,7,0.5726316326725147,6,71,0
15,7,5,0.8608612922167096,7,58,0
31,1,9,0.29458205603416493,1,74,0
27,0,18,0.9751618143906591,7,158,0
47,2,18,0.1539591115916239,11,76,0
10,0,19,0.66066565115518,0,108,0
14,4,13,0.40024695544890365,11,14,0
36,4,6,1.0,8,154,0
38,5,6,0.9256727541792117,3,39,0
8,4,9,0.3611842896012809,1,48,0
49,7,18,0.2587099485765598,8,124,0
13,4,19,1.0,10,42,0
34,1,20,1.0,9,167,0
20,3,8,0.7632017962616114,10,107,0
4,5,12,0.6296260339315637,2,39,0
32,2,3,0.5792460506803515,2,104,0
13,0,20,0.05689779770170947,13,151,0
53,0,22,0.7885313287598325,4,145,0
45,3,9,0.4815843833169457,11,119,0
52,7,2,0.33055682568769756,3,167,0
34,4,23,1.0,1,106,0
12,1,17,0.8151140101945735,12,41,0
41,3,22,0.9522924598161524,7,132,0
15,5,21,0.782855366491818,3,93,0
29,3,15,0.28722979091546463,7,128,0
13,0,10,0.1773379133606307,5,148,0
32,1,15,0.6639241319055313,12,93,0
33,2,11,0.41511371355929383,2,121,0
38,2,22,0.41147471543743636,2,157,0
47,7,20,0.3237649537586806,8,111,0
8,1,17,0.3524471581048251,8,118,0
6,3,20,0.4889570190908131,6,146,0
32,0,18,0.6153216156261487,7,42,0
24,6,16,0.9266617618077669,0,151,0
7,1,4,0.5137968063924523,7,100,0
29,5,14,0.6035829339801941,11,30,0
32,0,4,0.9964391122500147,3,136,0
16,4,16,0.5289104909998272,16,107,0
15,3,12,0.7438395378625297,9,104,0
42,7,16,0.7698362337292363,10,107,0
42,4,6,0.4455064253157983,11,111,0
11,1,5,0.3821449319063175,2,95,0
44,4,6,0.8561044079217655,0,56,0
53,0,23,0.5745706020629626,7,111,0
38,4,10,0.514332029012431,12,123,0
17,0,15,0.8624910910455262,17,36,0
47,5,7,0.48704993756443676,0,166,0
22,4,9,0.12591541241361462,0,71,0
13,6,20,0.36187885923364604,3,10,0
11,2,14,0.9812402766793347,4,187,0
23,4,8,0.2208877924659447,5,104,0
48,0,1,0.08363961907850853,2,71,0
26,3,15,0.2152089442857357,7,108,0
9,0,12,1.0,9,12,0
46,7,9,0.8919071396585787,7,38,0
21,0,23,0.4138230410413236,10,102,0
4,5,14,0.27456325498450224,2,168,0
32,3,5,0.21886868177097185,3,78,0
53,0,20,0.2686821210954785,9,98,0
54,3,8,1.0,1,65,0
11,1,11,0.5366555056781737,11,186,0
53,2,4,1.0,0,82,0
64,2,6,0.41977868991272044,8,52,0
61,1,4,0.6732256317787995,0,153,0
55,0,17,0.46964091511167194,6,84,0
13,4,8,0.5531134167103631,11,78,0
46,4,8,0.7411448289321417,1,56,0
6,5,16,0.7766790699978656,6,52,0
58,2,7,1.0,2,31,0
26,5,15,0.1911230713969912,8,130,0
47,7,8,0.31122334056305956,11,45,0
0,5,10,0.7886480562196103,0,65,0
21,5,16,0.6006813862903531,10,59,0
22,0,21,1.0,2,95,0
47,1,1,0.16235491160358878,7,160,0
17,6,17,0.46060561546882617,11,40,0
22,0,19,0.61495253372323,12,112,0
34,3,21,1.0,9,171,0
27,0,17,0.2811867535292647,15,22,0
36,2,4,0.3225387520125457,13,128,0
11,6,2,0.2476027231121554,10,87,0
14,6,20,0.3027531928716809,14,98,1
25,3,23,0.2761129281804746,5,94,0
28,4,12,0.4575306885398891,1,167,0
60,2,22,0.9423308847989402,14,178,0
35,4,18,0.24045351473334597,0,80,0
25,3,13,0.22915493467125733,9,129,0
0,6,16,0.45140861487974393,0,45,0
13,0,23,0.8685617839363202,0,72,0
20,5,8,0.7949432667063325,12,90,0
9,2,20,0.21061907073666264,9,74,0
27,1,18,0.43569045162902653,0,160,0
27,1,21,0.9798031516182617,14,46,0
53,4,22,0.7559300304056858,12,150,0
46,0,18,0.861118363970909,16,154,0
22,0,23,0.9359039023489715,15,56,0
53,7,15,0.9388146676560298,9,116,0
11,5,6,0.378302524209045,11,84,0
2,2,17,0.7515552641853152,2,120,0
1,0,19,0.11912557324194555,1,99,0
13,7,8,1.0,8,38,0
26,1,23,0.12599960000454052,12,139,0
33,5,4,0.6238914742442958,8,84,0
25,0,18,0.9179142279134458,1,117,0
32,4,7,0.6432658748403391,8,36,0
15,4,10,0.970186613408142,10,24,0
58,1,6,0.9464258720390796,9,12,0
50,3,6,0.4338822406521201,1,146,0
2,1,15,1.0,2,105,0
9,0,20,0.45171284536920275,5,139,0
7,0,17,0.3092918829660056,7,123,0
58,0,21,0.09053689234068044,11,94,0
51,0,13,0.6841674072267502,6,154,0
15,1,4,0.4085959420096821,9,184,0
31,7,1,0.1583626536648367,8,149,0
55,4,11,0.9036401783354255,3,35,0
3,3,7,0.46559489621236316,0,56,0
21,7,18,0.9340745743132177,2,163,0
2,0,21,0.8549036674998073,0,93,0
26,1,9,0.6705813416116999,8,138,0
0,0,11,0.49732784451618367,0,67,0
28,5,4,0.6739496997586787,11,48,0
13,7,15,0.3739735950445403,7,173,0
40,0,12,0.5455406282723441,6,140,0
57,3,14,0.18944859001403305,12,32,0
44,7,13,0.725634607842381,5,18,0
29,2,12,0.2811067358590116,2,83,0
34,6,20,0.7985134517504582,10,143,0
36,5,7,0.2112060046197511,11,38,0
57,1,18,0.46826415575877633,7,136,0
4,7,13,0.793420821940395,4,53,0
41,3,18,1.0,4,111,0
15,1,18,0.8521379367407749,0,71,0
17,5,6,0.14820773676258708,6,172,0
8,0,16,0.03253248366349014,8,27,0
46,0,23,0.418760973265502,3,142,0
63,0,15,0.7394704902673118,8,126,0
51,6,11,0.11285881920692199,11,83,0
21,0,15,0.8190283899449933,11,51,0
25,1,14,0.6521773719219791,16,120,0
26,0,19,0.7771156056529809,1,75,0
16,7,18,0.5522879118682849,4,73,0
16,1,20,0.3514799728074498,4,127,0
7,4,16,0.6673647810566354,0,54,0
10,1,22,0.6460214603544379,10,159,0
28,5,23,0.4914198643365189,13,155,0
30,2,23,0.917139628267467,0,113,0
33,3,1,0.7411765808178112,11,36,0
51,7,11,0.9437660041593338,13,159,0
59,0,19,0.7586833069894584,3,135,0
13,0,23,0.3626849822592453,9,59,0
6,2,19,1.0,4,18,0
11,2,17,0.4534526266666069,10,93,0
3,0,19,0.7075576009876385,3,114,0
13,6,8,0.3842059422864132,2,86,0
38,1,18,0.9326532488606187,7,19,0
8,5,20,0.32335813507539024,0,25,0
51,2,9,0.5751007833933444,8,138,0
12,6,6,0.549932445290503,5,152,0
9,1,13,1.0,2,108,0
26,5,14,0.27023898089970566,6,114,0
14,2,15,0.34773763094200677,14,12,0
49,2,19,0.5848656436959747,5,32,0
49,3,6,0.8017737992395699,6,120,0
35,6,4,0.5288994690894308,5,87,0
25,4,19,0.9649765763278022,0,150,0
59,5,22,0.20368844398766525,8,1,0
6,7,13,0.5945161151705379,0,36,0
8,5,15,0.6916264970159555,8,59,0
11,4,16,0.4238395974474114,0,20,0
5,1,17,0.435757780646522,5,140,0
26,5,12,0.7693721303330693,8,125,0
49,7,16,0.6080376512436452,8,84,0
65,3,13,0.5716830087004018,6,1,0
37,6,16,0.20487523998513968,11,103,0
42,1,22,0.8346327844491914,15,168,0
4,2,18,0.5046426467271277,1,132,0
9,5,16,0.3187450408742308,1,18,0
38,1,3,0.290460093614637,0,86,0
46,0,6,0.4176799386204123,9,166,0
54,7,19,0.25671540249964697,17,114,0
42,5,19,0.6020691981148378,6,89,0
21,5,11,0.8437111746329147,5,167,0
34,3,16,0.5830168313065252,10,47,0
13,2,6,0.6308761979818709,12,25,0
37,4,13,0.8465161563737513,12,25,0
28,0,18,0.6456444331918639,9,28,0
59,6,22,0.11061708594170824,7,4,0
6,5,15,0.7296239270760934,6,35,0
52,3,5,0.8659662376791133,0,53,0
64,2,14,0.8658317220442974,12,49,0
61,2,17,0.7658424314881562,12,167,0
63,2,8,0.07584033523389627,8,103,0
29,6,14,0.6637018515541351,10,58,0
20,2,17,0.8090169563356407,12,41,0
16,5,5,0.9677249330178623,10,52,0
7,0,15,0.696229902125852,7,74,0
4,0,8,0.47263511652042917,0,17,0
59,0,18,0.7788587700418522,2,118,0
47,0,0,0.8903942558472075,4,130,0
14,5,11,0.9892564367551114,7,164,0
17,0,18,0.7683099439811051,17,36,0
43,7,5,0.2882355140332344,13,38,0
25,6,10,0.8182859573872427,7,59,0
37,6,12,0.349459057674549,1,15,0
19,0,23,0.6312239037257588,13,89,0
43,3,4,0.4383150039060313,5,118,0
19,7,13,0.6830743182730764,0,134,0
39,2,7,1.0,1,62,0
3,5,20,0.5624090143379263,1,18,0
29,2,23,0.8578490131218203,15,49,0
58,0,19,1.0,14,181,0
18,4,9,0.7531916976668745,10,30,0
53,3,11,0.7595742098075888,3,64,0
14,7,11,0.32451753071219136,7,75,0
49,5,17,0.3801592300905147,12,104,0
28,6,10,0.7693914630502292,6,112,0
44,1,17,0.19106689846089847,8,144,0
27,2,21,0.5764281426674336,8,26,0
56,2,6,0.4037620787034173,12,122,0
26,1,21,0.36135611253608063,8,107,0
5,0,16,0.3574652488676819,5,120,0
15,0,5,1.0,14,112,0
38,3,2,0.06810523475336461,0,73,0
10,3,21,1.0,1,145,0
29,6,7,0.7970257206187644,5,65,0
13,3,7,0.5841139397472338,7,173,0
50,5,2,0.27076536970152015,2,155,0
15,1,10,0.0,6,105,0
20,5,19,0.5057924854026286,11,107,0
11,1,5,0.6293778542640982,9,127,0
37,7,23,0.17358382225177127,0,66,0
53,0,18,0.7699703910435424,11,33,0
12,0,5,0.3742315985278887,3,171,0
20,0,23,0.6993215726438117,10,43,0
9,3,21,0.5646717970394607,6,126,0
41,0,8,1.0,7,107,0
57,0,15,0.5370239935806569,4,156,0
41,2,7,0.6070538478765098,1,100,0
50,3,8,0.5387378385272672,0,161,0
47,7,8,0.6052207587040845,0,158,0
4,1,16,0.6404223271654635,4,91,0
28,7,16,0.5381062477756816,0,120,0
50,2,17,0.3400946040231869,7,126,0
15,7,5,1.0,13,45,0
18,3,18,0.7646695960406846,0,144,0
41,7,14,0.7617581392884258,3,59,0
26,0,18,0.7633810012882996,7,119,0
50,4,7,0.9618918936656716,7,58,0
16,2,14,0.4368319300772897,16,70,0
16,1,5,0.4386513007519196,3,73,0
14,6,18,0.30123180867852006,14,105,1
54,0,19,0.6417430321843894,5,138,0
45,6,7,1.0,0,57,0
17,0,17,0.29668749735982647,17,137,0
20,1,19,0.6258691621757794,1,126,0
12,7,23,0.10751314651665192,8,64,0
35,7,8,0.9848465795262495,0,154,0
41,4,5,0.9755309615067994,8,148,0
38,0,22,0.9097827454170626,9,168,0
48,3,23,0.47751522125094636,9,94,0
35,7,4,0.8310631940702388,6,118,0
4,0,18,0.8951168399466096,0,21,0
40,1,2,0.6733123624502882,3,139,0
33,1,13,0.25417830152135595,1,145,0
38,6,5,0.871764789459446,10,34,0
57,2,21,0.2999274005069352,17,94,0
54,5,21,1.0,10,175,0
3,6,19,0.1798246939878035,3,49,0
12,5,2,0.1719731586098123,12,81,0
32,3,8,0.946739617805468,1,187,0
38,3,6,0.46878900122896394,2,115,0
20,2,15,0.9901443264088355,0,43,0
19,3,21,0.1442126353308162,16,2,0
25,2,19,0.5907520339163577,1,71,0
16,0,5,0.2114774097023748,5,166,0
34,7,7,0.9747431465968802,1,47,0
5,6,12,0.6757493288599626,5,59,0
51,3,21,0.8101471669595274,1,137,0
10,2,19,0.46805834105997834,10,121,0
34,0,15,0.5230609886805886,8,140,0
14,3,4,0.7977364547700737,7,49,0
35,7,9,0.7118844924710775,1,28,0
13,2,20,0.4439283554108077,1,131,0
14,5,16,0.6983579700251272,8,157,0
28,5,16,0.5285065157427375,2,182,0
43,5,10,0.7225591835085619,8,20,0
25,2,18,0.46900539170844924,13,16,0
56,0,2,0.8775927042910086,0,131,0
18,7,15,0.5963691184173807,14,25,0
27,1,19,0.8649005225540497,4,116,0
26,1,20,0.851283365802944,3,128,0
36,2,7,0.7454633215796889,3,54,0
6,1,9,0.5882308683768012,6,137,0
15,2,12,0.3769777319145186,15,8,0
31,6,5,0.20366665130824835,6,62,0
48,0,19,0.37240221920354094,5,70,0
60,3,15,0.6721312091792198,5,86,0
33,7,17,0.7953053254776127,7,20,0
47,3,18,0.11260884305546741,16,55,0
53,7,6,0.6586184684068009,2,151,0
23,1,7,0.3728009561437071,5,126,0
53,6,2,0.15001439821231471,2,167,0
45,7,7,0.8479024774604067,3,33,0
12,2,7,0.8174543644583405,11,112,0
33,3,12,0.2656980638491411,0,33,0
27,7,22,0.528877472613326,9,29,0
34,2,19,0.49854694479845224,5,96,0
34,5,4,0.24484221632400865,9,47,0
26,3,9,0.5041650690944582,4,73,0
3,7,5,0.022312353121422254,3,53,1
14,0,9,0.6079005352915092,9,168,0
1,4,14,0.6704239172133188,1,139,0
40,4,20,0.8211768460007502,6,49,0
25,2,6,0.6641784398420976,9,64,0
66,3,12,0.7082349682237421,7,140,0
19,7,4,0.07618800960410542,11,87,0
17,1,14,0.6830984741559584,0,51,0
7,7,15,0.7899293658999318,2,44,0
22,0,11,0.6957106903465862,11,38,0
53,0,10,0.6158925878503541,7,73,0
24,0,15,0.7030673675580119,12,50,0
42,4,6,0.4331752671278386,9,132,0
33,4,3,0.06631101653144489,13,49,0
11,1,16,0.7494457975514536,5,132,0
66,2,8,0.7266014080386384,3,166,0
59,0,8,0.7289804270523316,0,36,0
58,0,22,0.3335142454829516,9,94,0
25,0,13,0.15898040274776556,2,92,0
34,5,21,0.9199538861558979,11,193,0
31,5,19,0.9428819867943135,10,71,0
54,5,12,0.9251345616837906,11,149,0
41,2,5,0.6095705418599483,4,102,0
5,1,20,0.48703077843542425,4,124,0
35,3,5,0.6430953252144138,10,40,0
0,3,18,0.732086499879538,0,56,0
26,1,15,0.7784230840800774,12,25,0
28,5,8,0.5218923170069404,3,19,0
25,2,8,0.46736476494749607,7,164,0
40,0,11,0.8281657677776837,8,111,0
35,7,4,0.6872435433443064,6,73,0
45,0,5,0.17391387944663758,6,132,0
43,4,5,0.25941331927272737,5,71,0
44,4,6,1.0,8,142,0
7,1,8,0.21241493165021955,7,168,0
13,4,15,0.32122262899006415,12,6,0
28,7,18,0.5781496126913239,13,28,0
11,0,14,0.3878954462259254,0,40,0
0,0,20,0.5669035694102225,0,97,0
40,5,10,0.6918309145115266,10,14,0
19,0,9,0.43609112060893507,6,182,0
29,2,22,0.4198933299292432,12,77,0
14,5,10,0.8268045346487272,4,171,0
19,0,20,0.8559571356677287,1,12,0
4,5,15,0.09042918588463975,4,158,0
28,7,5,0.8269146219061309,3,9,0
8,6,6,0.04507282395787947,0,57,0
41,7,12,0.9190173837679838,6,110,0
5,4,6,0.12853281403942077,5,101,0
10,7,5,1.0,10,39,0
26,6,21,0.3409288915704443,7,62,0
58,0,8,0.8714303822574891,12,118,0
56,3,10,0.5519849705340019,13,40,0
56,0,13,0.8370124546325701,8,134,0
55,4,11,0.4832066939505176,9,74,0
36,0,21,0.2588765988554761,6,139,0
15,6,22,0.753087391509986,15,82,0
36,4,4,0.26824906375357094,14,52,0
25,5,18,0.9050991911648841,3,144,0
41,6,18,0.7818087929224609,14,156,0
31,2,19,0.8576249569627584,15,42,0
38,2,4,0.7031743311549269,14,34,0
48,0,9,0.7980922180547356,11,1,0
43,7,5,0.45674163720793237,1,3,0
5,5,9,0.41955537051412617,4,74,0
36,5,5,0.9776588172667497,0,128,0
22,4,21,0.9063705892674666,14,31,0
34,1,15,0.7879545738074187,12,39,0
64,3,11,0.4414311125572552,6,155,0
30,6,9,0.8704079272067918,2,32,0
26,5,18,1.0,2,155,0
40,2,5,0.5441448985314458,2,116,0
41,0,8,0.9396036350343883,3,99,0
24,6,12,0.5749945567169182,2,128,0
14,1,3,0.8644727131644799,11,97,0
17,1,23,0.8988329546258277,3,131,0
27,1,4,0.7307053540861069,11,35,0
59,2,9,0.9784469743141152,14,1,0
18,1,20,0.2155389322461529,7,40,0
47,4,18,0.662391308699346,6,150,0
42,5,3,0.7753567619347438,0,145,0
25,0,2,0.4321294013899669,13,42,0
5,6,9,0.9935424064470681,5,160,0
17,3,11,0.29735286441719605,17,7,0
57,7,23,1.0,7,191,0
19,0,21,0.8370719999120727,16,27,0
36,4,21,0.7769390178990708,14,152,0
16,0,13,1.0,16,12,0
9,2,8,0.0,9,76,0
72,4,8,0.5474293497008991,3,148,0
60,0,23,0.9205226617389501,2,140,0
54,6,16,0.8536678953316784,3,22,0
64,5,13,0.2115756469464817,14,98,0
18,4,16,0.5095527444568161,13,48,0
58,0,12,0.725521197933692,8,139,0
18,6,11,0.3142382463095069,3,162,0
38,2,21,1.0,11,113,0
48,4,3,0.32565289665063046,9,31,0
65,7,13,0.2867780494810954,16,80,0
57,1,8,0.08679802985439003,13,119,0
40,0,12,0.6748182986948693,3,158,0
17,5,8,0.6916746617943722,17,127,0
59,4,15,0.28551226684263253,12,43,0
8,6,8,0.5004879333393135,8,170,0
6,6,13,0.9420163522103202,6,41,0
14,0,14,1.0,12,30,0
37,3,18,0.6801930699014803,18,24,0
17,2,8,0.028872817635118134,9,75,0
30,7,6,0.18452692900611734,0,25,0
28,6,21,0.3835525284405408,8,21,0
4,0,20,0.27851262058383464,4,5,0
49,0,10,1.0,5,95,0
55,0,14,1.0,13,24,0
6,5,19,0.5997986387462829,6,141,0
18,7,19,0.8724724573211998,17,72,0
9,5,16,0.8078775183531106,3,58,0
44,2,7,0.9111320049945456,2,69,0
17,5,7,0.8070505953327206,10,110,0
9,5,7,0.4514211888273344,5,71,0
5,5,10,0.2410501564466857,5,150,0
28,5,5,0.20724642815542715,1,36,0
24,5,2,0.16943846937753745,14,39,0
61,4,10,0.9864022428501458,3,63,0
45,0,18,0.8477973328794546,13,159,0
38,5,11,0.18795522752201627,3,97,0
12,6,9,0.46322198496394634,8,78,0
54,0,13,0.7693424078531901,6,158,0
8,4,22,0.3165164400041345,3,61,0
23,4,6,0.30539706249352544,5,44,0
32,5,7,0.12809516541516186,14,56,0
17,3,21,0.6777395829057794,13,62,0
17,0,11,0.6444159660835723,10,172,0
55,4,17,0.6107083091029197,5,81,0
11,0,11,0.8154550454474664,3,8,0
24,4,20,0.35520014284969575,13,76,0
49,0,15,0.5602920615841903,6,144,0
40,3,20,0.9878824319690441,11,167,0
36,1,23,0.5581064898976671,2,136,0
28,6,10,0.8503098527857252,4,51,0
18,7,7,0.8239946782136327,4,50,0
16,7,17,0.23084779082033025,9,91,0
56,3,13,0.7322689168966178,7,133,0
32,2,4,0.19704547004090867,11,47,0
56,1,7,0.3862603237672882,9,59,0
24,5,4,0.9073718993025071,3,135,0
1,0,20,0.5352313339605729,1,99,0
20,4,4,0.7637058960213708,12,108,0
23,3,18,0.8556002822858013,9,53,0
18,0,17,0.8276303575683239,9,38,0
23,7,21,0.3703942318037522,14,176,0
23,6,15,0.3673692763553125,1,86,0
38,5,11,0.1440551304402173,1,30,0
36,0,5,0.8580567620290027,5,148,0
6,0,11,0.4246489194791852,2,43,0
14,5,10,0.3731060349854872,9,51,0
9,2,20,0.9538680096716713,2,23,0
19,3,19,0.7803656711642035,12,57,0
28,1,19,0.6220794211810696,12,94,0
9,7,7,0.6741879997565606,7,66,0
40,1,23,0.5389764459129148,10,109,0
48,4,19,0.7539213426961102,0,145,0
26,3,12,0.2948629369361055,4,150,0
7,6,15,0.874657357723405,7,58,0
48,4,11,0.9006525995544292,10,142,0
29,0,17,1.0,2,151,0
15,4,11,0.49321944345694113,12,112,0
43,6,5,0.7410301239118124,0,50,0
3,1,7,0.6678205171025664,3,1,0
9,2,16,0.3902240949894979,4,136,0
51,4,19,0.4204303394960181,5,146,0
35,2,4,0.06527654477370702,1,61,0
18,5,21,0.46323524468117167,10,33,0
33,3,7,0.31438740227122886,11,40,0
54,1,10,0.8306135115093127,15,13,0
7,7,23,0.013690887835081517,4,70,0
33,1,11,0.7830772173393199,7,174,0
31,6,12,0.09689769583780958,0,38,0
58,7,22,0.0,7,36,0
42,4,15,0.6639835153014986,8,12,0
67,5,19,0.07503323544898319,5,31,0
6,1,18,0.33651092947601957,6,139,0
15,0,12,0.7155406355326367,0,16,0
43,6,13,0.9909886445999065,13,144,0
13,1,6,0.9724382630009103,10,101,0
11,7,5,0.7603481164771769,11,70,0
29,3,16,1.0,8,153,0
48,2,7,0.36053499202814343,5,133,0
29,7,1,1.0,5,136,0
13,4,6,0.7945398775250032,13,8,0
37,2,8,0.9250367303174658,1,41,0
22,1,15,0.3863365664445112,1,61,0
36,3,5,0.32644561498806857,12,132,0
12,1,10,0.016189549153632826,2,141,0
26,0,20,0.8201357521541146,12,31,0
37,1,20,0.36525134250324104,4,153,0
50,6,15,0.4972473926344073,9,91,0
24,5,16,0.9240640627588494,3,117,0
59,0,9,0.6335527133687509,6,153,0
48,3,21,0.4369692761020838,7,90,0
46,1,6,0.1097393586144044,7,161,0
52,7,17,0.4821891991706844,3,8,0
6,1,5,0.5785266947341472,6,5,0
12,2,18,0.3702932214308335,0,1,0
39,4,20,0.24043955140383444,12,100,0
35,0,8,0.9096504439765911,2,134,0
21,1,20,0.7150702770045431,11,100,0
20,0,23,0.5089271690459902,9,71,0
18,0,16,0.6710415441381684,12,105,0
37,4,6,0.16486767124984203,4,85,0
12,0,8,0.9598090448866211,12,99,0
59,3,14,0.14966553732832283,13,74,0
29,5,15,0.569081449714957,3,118,0
6,7,6,0.8062123502224248,6,39,0
60,0,20,0.3983538954278608,8,102,0
54,2,12,0.5992544264947526,15,34,0
35,4,23,0.8759811661768374,7,190,0
24,2,20,1.0,7,150,0
50,2,19,0.8147840804814193,2,155,0
6,0,14,0.4506644123782862,6,106,0
10,7,5,0.595996477734513,6,171,0
39,0,13,0.8359912798076397,6,41,0
13,4,19,0.02301158669695136,10,1,0
52,1,15,1.0,12,165,0
24,7,17,0.633441708164713,12,14,0
52,7,5,0.5910682689119673,2,19,0
59,6,14,0.9218547084101836,10,114,0
36,3,5,0.21437387562107918,10,125,0
56,0,8,1.0,2,61,0
21,0,23,0.6595327830227153,11,37,0
2,6,5,0.16764162528071275,2,54,0
41,7,1,0.0,12,44,0
20,5,20,0.9015956327198023,17,85,0
63,7,20,0.23041205268687248,4,12,0
48,2,10,0.6564464915676831,13,48,0
0,2,13,0.3991094801562177,0,79,0
39,7,20,0.22850795552772074,14,103,0
57,1,13,0.8029139762843622,7,129,0
51,4,14,0.1834689613585766,9,173,0
6,6,23,0.2859937385424653,0,68,0
12,5,8,0.9786730620385168,6,158,0
41,3,11,0.6677129319466941,4,50,0
22,4,4,0.6317929268432562,8,44,0
6,0,13,0.7256880114420232,6,133,0
34,6,23,0.14037688909991294,3,82,0
8,7,10,0.5483510328824724,6,157,0
67,5,22,0.7968750202890565,17,159,0
50,2,20,0.46068055355892623,6,110,0
56,2,12,0.7023878736514635,6,138,0
21,5,7,0.9112302965891282,14,63,0
0,5,19,0.1730926078926212,0,1,0
15,3,14,0.7823367136873851,0,29,0
47,5,14,0.0634925977670038,9,57,0
47,5,3,0.5557963418838117,3,98,0
24,6,17,0.4543339300285725,6,124,0
11,3,23,0.8556196299357459,11,46,0
59,1,15,0.6692405623192013,15,24,0
40,4,4,0.0645438455749498,11,149,0
44,2,5,0.5920188663181583,0,98,0
18,1,18,0.8566598823494728,12,23,0
47,7,7,0.23604200758222585,4,69,0
52,2,9,0.6044177416893539,9,39,0
7,0,18,0.44580007222805407,5,111,0
28,4,19,0.29732195945566514,2,167,0
50,2,16,0.9905346762538252,2,153,0
36,4,16,0.6757833600913941,4,42,0
4,0,14,0.8699139989485991,1,97,0
34,1,22,0.48003710670777017,6,93,0
14,6,6,0.8482034969555345,14,41,0
30,0,20,0.260417988272289,15,153,0
14,4,8,0.6995851997686281,14,1,0
11,5,14,0.8329575258596879,10,40,0
4,0,17,0.45349768284650727,0,125,0
40,6,13,0.8091220604063898,5,132,0
28,0,21,0.12561920561933432,10,135,0
54,6,10,0.9080657951646056,14,127,0
52,0,21,0.3382499006332247,9,98,0
18,2,19,0.2721956533110293,11,26,0
42,3,2,1.0,0,164,0
18,2,10,0.3600621594449282,6,79,0
28,7,7,0.3790415393912012,1,54,0
38,5,7,0.5853020715899788,6,85,0
15,3,4,0.21240410657932332,11,85,0
46,4,7,0.9068340196684204,0,62,0
14,6,9,0.6914728690453377,8,30,0
13,4,19,0.315304886651775,13,10,0
17,4,22,0.7646484005557478,15,68,0
41,4,6,0.25184191582660553,11,38,0
36,3,8,1.0,2,34,0
45,7,5,0.8282531459917027,0,151,0
5,1,18,0.9274976866596357,5,17,0
35,1,7,0.6671462830748268,2,140,0
13,0,20,0.856078544404024,0,70,0
11,3,17,0.500675295999724,6,128,0
7,0,17,0.11626243549623519,7,130,0
32,2,22,0.46330784380207357,9,84,0
45,0,9,0.7238855780032112,11,133,0
8,4,23,0.17963949602589024,2,90,0
31,7,18,0.21162572039930375,0,100,0
71,0,12,0.5042226024710995,2,148,0
14,3,23,0.9990717143872202,5,136,0
15,7,7,0.7028353024939863,15,51,0
41,2,7,0.7527719084438786,0,136,0
46,3,9,0.8244207128377217,0,81,0
10,3,6,0.003961807154099259,10,82,0
31,4,9,0.5668178767955766,2,138,0
32,6,6,0.6533947992337845,9,39,0
52,2,13,0.136656912827089,12,72,0
56,0,11,0.645927022492479,8,31,0
58,5,10,1.0,0,44,0
59,0,13,0.7726196341637929,13,33,0
30,7,10,0.3952670772211071,0,31,0
60,2,9,0.054525533222574474,12,109,0
23,2,16,0.3179375819487668,7,106,0
27,6,15,0.5777010091082713,8,72,0
11,4,14,0.6114529980673487,2,98,0
12,4,4,0.8404092645266642,8,50,0
34,6,8,0.7722070603161487,3,109,0
52,0,9,0.7909914141933481,7,85,0
63,1,12,0.6075844441745528,7,40,0
16,0,4,1.0,14,108,0
62,6,16,0.9645996247333659,9,138,0
10,0,12,0.4593753515629851,1,36,0
20,6,23,0.17652669401841634,16,113,0
31,1,3,0.646801040936512,9,44,0
26,3,16,1.0,8,161,0
56,3,4,0.4609357414153358,9,181,0
18,0,11,0.5481744691732962,6,25,0
32,3,8,0.4539719163491738,3,62,0
51,6,3,0.31249150234742695,4,162,0
46,7,4,0.0,0,142,0
24,5,13,0.36924032212447894,6,122,0
12,4,17,0.9874180962525486,3,150,0
60,2,7,0.5997727935356999,5,171,0
52,6,14,1.0,9,123,0
24,5,8,0.05760194572079583,10,144,0
52,0,18,0.4560406048802181,6,67,0
31,4,9,0.09729110334353949,3,96,0
58,0,13,0.7550036374664456,8,121,0
48,5,6,0.18530961038186516,7,169,0
58,6,23,0.9889104014473302,6,191,0
49,6,13,1.0,10,161,0
9,4,7,0.9728637014428642,9,40,0
29,0,6,0.8485915323912111,5,178,0
18,2,13,0.8851621916422061,0,49,0
20,6,17,0.25322043998796906,17,113,0
47,2,23,1.0,12,113,0
18,3,13,0.25037681367668096,13,10,0
28,3,10,0.3578612125084874,0,62,0
10,1,23,0.36793594303502675,2,99,0
21,3,9,0.08150168410193626,0,82,0
8,2,20,0.8921794037610842,6,167,0
36,3,22,0.44534532769467805,6,75,0
56,0,17,0.8836761181716046,4,122,0
5,6,23,0.18065965883037835,5,75,0
68,7,23,0.1233046031438485,5,13,0
60,7,22,0.07845476316185693,7,10,0
33,1,10,0.3387954171004238,3,51,0
21,4,22,0.8452308118562345,0,155,0
55,0,13,0.1683480041727155,9,77,0
40,5,4,1.0,5,137,0
38,2,18,0.5979523624361597,6,172,0
19,7,18,0.4150234051478325,12,40,0
27,1,16,0.8378158028088827,4,164,0
63,4,23,0.6795844002904022,17,147,0
9,3,21,0.5525850696553227,8,141,0
36,0,5,0.9000352712140858,3,134,0
10,0,18,0.7524804551939765,0,62,0
21,7,18,0.6971610956501383,0,148,0
31,0,16,0.7817096561344338,9,45,0
53,4,12,0.8289808244290776,8,166,0
10,0,9,0.6244143975475606,10,178,0
25,1,21,0.16084549806298792,13,165,0
25,0,17,0.8916665730884384,4,134,0
57,4,9,0.4068937147141635,11,98,0
22,1,4,0.8334749725888084,10,23,0
9,5,7,1.0,9,55,0
28,0,12,0.15371218587748486,0,52,0
53,3,10,0.5384879272457223,4,166,0
20,7,9,0.7654422091673594,2,52,0
37,7,17,0.5462216713559266,8,129,0
20,3,17,0.775980553435693,0,146,0
3,5,9,0.9871711883966926,1,185,0
36,2,22,0.9178855280799467,2,121,0
32,4,21,0.5755707943505649,9,136,0
40,4,5,0.12080805555588757,10,164,0
38,0,10,0.5977495882145836,6,167,0
16,4,11,0.6082432299940604,14,117,0
21,0,9,0.4859388919326587,6,124,0
18,0,20,0.24755648266522626,14,139,0
25,3,23,0.8267311984633559,15,64,0
14,4,7,0.15023862308305597,9,71,0
39,0,12,0.13503154901195275,2,92,0
33,4,18,1.0,14,164,0
32,2,0,0.8606417639170421,10,42,0
32,5,7,0.5713259910851288,12,65,0
20,0,21,0.34183460984107783,4,121,0
63,3,4,1.0,3,34,0
31,2,5,0.17531536951749419,8,153,0
41,4,7,0.7997976265410891,3,64,0
14,5,10,0.6803321499217218,7,54,0
10,6,23,0.645588383326144,10,96,0
28,0,17,0.8284005223787633,14,29,0
41,6,2,0.6473677084973084,3,5,0
33,7,4,0.8344337086808516,4,11,0
39,7,5,0.5236423019710712,0,28,0
26,0,20,0.9839891683724481,6,97,0
34,7,6,0.5178097025743407,6,85,0
20,0,14,0.7328163314768628,9,37,0
26,4,11,0.42986722542736056,3,162,0
54,0,15,0.11758539864577494,14,63,0
57,0,14,0.5474757375456891,7,136,0
16,5,22,0.5238069147538595,0,157,0
4,7,15,0.7617954157813854,4,44,0
36,7,23,0.1262202013826919,0,78,0
0,0,21,0.6309926029547176,0,121,0
25,0,18,0.6269836195101196,12,106,0
29,4,18,1.0,1,126,0
45,4,8,0.6817155042726905,1,145,0
20,0,4,1.0,0,24,0
13,6,4,0.9782362293040076,9,47,0
41,7,16,0.6147189541206863,5,147,0
27,0,22,0.8366144576774995,12,46,0
8,0,14,0.4003205003909706,0,58,0
41,6,4,0.4531081517946868,0,167,0
41,5,6,0.16579059963212592,3,5,0
26,0,18,0.3016146115953535,8,104,0
35,6,10,0.8547082640987774,4,121,0
34,1,23,0.9651302774017354,4,126,0
36,0,18,0.9803895665884099,1,115,0
52,2,7,0.5527576608752952,6,137,0
24,0,18,0.34245620386952746,8,70,0
22,6,15,0.9161818721250294,4,128,0
53,0,10,0.9855574647913283,9,129,0
18,0,21,0.7918865766195564,3,91,0
43,5,5,0.04909029982437724,11,140,0
34,0,19,0.8410379825633183,10,29,0
15,1,20,0.2086132649038055,15,12,0
23,4,21,0.4110318178570312,8,40,0
26,5,17,0.8855166027952568,7,119,0
31,6,2,0.3979303023244922,5,77,0
45,5,16,0.3396951974967253,14,106,0
20,2,8,0.5940608120530803,8,174,0
22,7,22,0.3791331443971539,15,176,0
25,7,16,0.674581359966021,9,70,0
47,2,17,0.4068800734203126,1,54,0
31,2,14,0.7090195851832781,8,39,0
64,0,5,0.8710893113473679,1,134,0
53,0,7,0.9028870087262229,15,24,0
28,0,23,0.38496010745764403,16,79,0
0,3,11,0.6502669695412566,0,79,0
26,0,16,0.7007772500908493,10,103,0
35,7,4,0.17927515047570974,3,79,0
59,3,7,0.44284971258266503,14,114,0
5,1,19,0.9113892016520068,5,154,0
15,2,21,0.20145147420113352,12,62,0
10,0,14,0.7658679042165932,0,1,0
14,0,20,0.0,14,126,0
36,7,10,0.13617233340815305,11,58,0
62,1,11,0.40903656602574273,8,56,0
56,0,15,0.3865969443941897,5,161,0
57,0,21,0.49796079103867685,7,101,0
39,4,4,0.2775253917998112,9,40,0
59,1,8,1.0,12,1,0
5,5,2,0.22599351466825002,5,60,0
38,4,5,0.9479203362969529,10,124,0
34,0,17,0.8136807021557572,8,34,0
41,3,15,0.9968250871283952,7,52,0
52,2,14,0.5348256928236682,8,161,0
7,6,15,0.8284991117524962,3,46,0
14,3,9,0.12722075077936162,2,129,0
36,0,6,1.0,7,97,0
37,1,22,1.0,7,140,0
51,2,7,0.7938374451728889,0,62,0
53,6,6,0.27911766138952,13,109,0
36,7,10,0.97419149877993,4,104,0
51,7,9,0.8433905624701705,12,171,0
10,0,21,0.9132569983750625,0,84,0
37,1,9,0.7152897847244823,8,113,0
66,0,13,1.0,12,115,0
25,1,9,0.011109349694625265,0,89,0
26,1,20,0.3627867709144069,4,151,0
14,6,20,0.6141218409319056,6,99,0
57,4,12,0.26667485469105784,12,84,0
53,2,4,0.8114812118788903,0,71,0
41,0,9,0.5581186892281366,5,82,0
54,2,17,0.23992177248360863,0,165,0
53,0,9,0.8614186277085464,7,128,0
51,0,21,1.0,11,169,0
23,2,13,0.34532285734436907,12,14,0
47,1,13,0.7859132135153932,2,36,0
19,0,14,0.7475754054626229,4,116,0
56,4,7,0.10061237924641578,4,170,0
34,0,23,0.41263053591902743,9,118,0
53,0,5,0.3129001046972033,4,52,0
38,3,3,0.9819626882619875,9,137,0
2,7,16,0.8597557885208049,2,41,0
55,4,6,0.08239017898072828,2,134,0
6,3,10,0.6968269571635048,0,77,0
32,0,20,0.6781297312954728,7,97,0
43,1,9,0.8831279121943436,5,56,0
44,5,2,0.1256894502794114,8,145,0
43,0,6,0.7053069703238887,10,64,0
26,0,21,0.31765454136022153,7,75,0
22,6,22,0.45291685066765724,13,92,0
44,0,20,0.07321957578109856,8,112,0
32,0,11,0.4037169275133196,4,121,0
26,5,10,0.4460589771869985,3,151,0
46,6,5,0.2806820399096266,10,49,0
36,7,6,0.4217486834008599,0,12,0
29,7,14,0.5019582959938905,10,44,0
49,2,23,0.31603426281034597,13,88,0
39,7,7,0.7970401781707396,3,40,0
1,0,10,0.4681824159960801,0,46,0
69,5,16,0.42570858219157115,7,22,0
37,3,21,0.9601590875408479,7,58,0
37,5,6,0.26958297103882023,9,82,0
13,1,13,0.6613606768768253,3,65,0
59,6,20,0.9979099478554415,7,166,0
63,2,8,0.465924650355209,6,60,0
43,3,5,0.5712715917238748,0,142,0
36,5,8,0.7703904172392104,10,36,0
16,1,21,0.3959982665056304,15,1,0
24,4,21,0.49695800745530283,4,86,0
33,2,19,0.48432952641357474,6,119,0
9,5,15,0.9102387155174393,9,61,0
8,7,10,0.4042909502452647,2,85,0
10,0,4,0.7809663348812528,5,16,0
0,0,12,0.5085131916481965,0,39,0
29,6,6,0.8406899817630711,5,45,0
30,2,19,0.5592389009941791,10,100,0
53,4,10,0.6436247995710456,0,65,0
64,1,14,0.9028894697686208,11,42,0
16,5,16,0.8256830284153913,3,164,0
21,5,16,0.18098072739496787,6,122,0
44,7,12,0.9752648251554799,8,122,0
58,4,20,0.12193179033895676,10,1,0
48,5,13,0.7880536936056963,14,136,0
28,0,10,0.5256217475358613,6,138,0
33,2,16,0.07533653026804646,8,146,0
38,1,19,0.5353792327215873,8,78,0
7,0,11,0.8550046024550214,5,10,0
6,0,7,0.6481167738407587,6,1,0
30,2,21,0.020591316324688982,9,88,0
13,5,5,0.36674666903801567,9,77,0
59,3,6,0.5223345165661111,3,141,0
51,0,22,0.4469125641173253,8,154,0
48,7,14,0.14867386593470805,11,54,0
21,1,11,0.38457548852513124,6,114,0
1,3,14,0.438798257581205,1,72,0
57,3,8,0.9747321080760035,9,17,0
58,7,16,0.5796521345978796,13,128,0
51,1,9,0.928662794092028,7,159,0
26,0,20,0.09809727405305886,6,25,0
49,3,4,0.2632631890623337,1,151,0
42,1,18,0.2318204481070361,0,149,0
37,2,20,0.7648728189905029,3,153,0
49,7,16,0.5094680950462914,5,92,0
7,1,9,0.21951766907661102,7,157,0
12,7,7,1.0,12,50,0
31,0,4,0.723164225588356,4,130,0
21,4,10,0.45972936796218594,5,149,0
27,6,5,0.0814627574726635,13,22,0
27,2,17,0.6841270380832818,13,39,0
5,3,16,1.0,2,30,0
47,7,14,1.0,8,118,0
56,3,4,0.3733290208998765,11,118,0
59,5,20,0.8945572600663348,14,148,0
17,1,23,0.7502836772595085,13,165,0
14,7,22,0.40900478234108717,13,34,1
39,7,6,0.8886346421835238,3,47,0
52,4,8,0.38104846812639936,5,135,0
14,0,16,0.806444713840977,3,68,0
25,0,3,0.5793041268032844,15,54,0
24,4,10,0.149743120550183,5,84,0
46,5,6,0.6193815829699187,5,52,0
44,7,0,1.0,0,164,0
24,0,19,0.3341838929556884,6,86,0
56,3,14,0.7756411275587547,6,110,0
20,2,18,0.8888822811476749,2,1,0
10,0,11,0.46408245111989377,5,152,0
31,1,13,0.8575946658151441,0,51,0
36,4,10,0.7504081814588647,8,29,0
47,3,6,0.0,2,138,0
16,0,13,0.9000532799619844,2,9,0
12,7,11,0.662414834107543,4,41,0
36,0,17,0.21691005383361456,9,98,0
33,2,22,0.4212694535617963,9,102,0
28,2,18,0.7562798747710294,12,60,0
37,7,10,0.2829423835980384,8,142,0
16,5,14,0.16733203550557263,12,103,0
34,2,4,0.584596437362888,9,67,0
35,1,12,0.9446182525382653,7,165,0
37,2,8,0.47357829034978194,11,64,0
42,1,17,0.5584401980600322,13,155,0
55,4,12,0.4053236431461929,9,15,0
48,2,23,0.4085019061210397,7,107,0
6,0,18,1.0,0,13,0
39,7,1,0.8492275041761521,11,40,0
26,3,22,0.6016871606621621,2,127,0
45,0,10,0.6669032084491348,6,83,0
12,0,23,0.628379973080565,10,103,0
15,1,16,0.2697882823499745,2,143,0
7,7,12,0.7723139774579088,1,67,0
49,5,23,0.15470661696653498,15,90,0
48,3,7,0.9042550630475,1,146,0
53,3,21,0.6388072261400036,11,168,0
44,6,13,0.9280529059630354,13,142,0
56,3,7,0.5842151982866916,3,159,0
15,4,11,0.6736154998514643,9,33,0
58,1,10,0.4014512675672256,11,42,0
37,7,10,0.23235360021988166,3,49,0
40,1,5,0.9240169828762697,2,125,0
15,4,10,0.12613462679371995,8,68,0
31,4,7,0.7710116397280427,8,45,0
6,4,15,0.8901868440989238,6,174,0
22,3,22,0.7877339947366119,14,150,0
42,7,7,0.1442113076945038,6,82,0
14,5,4,0.2518056593212822,11,78,0
36,6,12,0.07250996328552303,0,20,0
50,7,21,0.21554175877722115,9,5,0
13,5,17,0.4858422709448005,0,85,0
39,0,9,0.7876597971681579,14,149,0
38,3,2,0.5121459836407428,7,82,0
63,5,8,0.9279663348742409,0,46,0
15,3,19,0.9699203557412178,3,139,0
0,5,9,0.7282744799297651,0,72,0
18,5,9,0.24988215689272938,14,3,0
40,5,13,0.7747402031340118,9,139,0
15,3,3,0.6762881980835025,5,96,0
36,5,9,1.0,9,145,0
51,3,14,0.9907069352536166,1,142,0
10,6,22,0.2541804983819843,5,49,0
47,7,1,0.9189925424846328,0,142,0
15,5,17,0.5313986430148766,3,136,0
18,3,22,0.7208617668437537,15,73,0
40,1,3,0.1505864333480133,9,131,0
53,0,22,0.9238441816418593,3,135,0
54,1,12,0.7247917882306095,6,141,0
10,3,20,0.5801650730841739,7,137,0
14,4,0,0.03996889000408255,12,81,0
51,5,16,0.8421886135788891,4,82,0
30,2,7,0.18102313315598553,0,105,0
25,0,19,0.7418576161657215,3,121,0
31,7,9,0.5686848649695515,6,66,0
63,4,14,0.1546246617111385,12,74,0
11,6,10,0.4957195004086456,11,111,0
58,1,8,0.6283879337849859,3,150,0
5,0,4,0.6579443616480409,5,1,0
26,4,16,0.5701678408398205,11,67,0
30,4,19,0.280211430777383,12,16,0
8,4,15,0.4039142603426689,0,124,0
2,1,23,0.21962538631251477,2,108,0
4,0,14,0.945580166170631,4,121,0
41,2,9,0.9931809025705849,2,168,0
35,7,15,0.0,6,153,0
5,3,15,0.6814768230889612,4,162,0
6,1,23,0.265383316785888,4,114,0
38,4,6,0.6185424240723103,6,78,0
21,3,19,0.8627829624987624,4,158,0
35,0,17,0.1347650088450407,1,130,0
54,3,22,0.7922254572435563,3,122,0
54,2,15,0.17090300335641384,10,91,0
15,5,6,0.5808753056078602,6,62,0
22,7,7,0.17504554168323047,8,160,0
34,1,22,0.4569980086497528,5,95,0
43,3,0,0.217006847143082,0,73,0
5,4,16,0.9861862828034048,5,181,0
6,3,16,0.9669774416495452,3,182,0
25,0,5,0.0,2,97,0
21,5,11,0.18467640149375938,0,90,0
28,1,7,0.6422419693435308,6,67,0
24,7,18,0.6796815093981778,0,166,0
3,0,17,0.6548924117657509,1,32,0
12,3,19,0.5163907438413878,6,97,0
32,1,19,0.42660422109797524,9,124,0
19,6,20,0.7753463518541089,0,140,0
19,2,6,0.3543082775048151,6,91,0
34,7,21,0.42909563876292567,0,79,0
16,4,12,0.3294635613903536,15,69,0
51,0,15,0.36307373967799156,5,75,0
28,7,15,0.7576893413466536,9,119,0
16,2,21,0.07535226654501793,9,65,0
24,3,13,0.2489145713509004,0,111,0
33,1,10,0.8053732314831809,1,62,0
56,1,9,0.4927957769345409,5,158,0
37,2,16,0.8184841005411243,13,167,0
36,4,21,0.9342645762364419,4,111,0
15,3,20,0.07480938713547158,15,14,0
11,2,16,1.0,11,41,0
60,2,5,1.0,3,84,0
44,7,5,0.2554332492841608,3,169,0
54,1,14,0.29824572285885015,3,140,0
58,2,19,0.8609143903723776,14,154,0
33,3,5,0.8564262241422125,10,138,0
15,7,14,0.6484985623819058,9,60,0
29,5,12,0.8816481285213962,10,23,0
13,5,7,0.6130018101996876,8,145,0
17,1,13,1.0,5,47,0
50,2,22,0.5237586992237009,6,96,0
30,3,14,0.24405076582269383,0,18,0
32,6,7,0.06533578559434201,12,41,0
10,2,18,0.5915940615569827,10,148,0
42,7,7,0.9417613699497551,0,152,0
61,1,4,0.22920502485779548,11,130,0
61,2,16,0.06882876491150142,10,80,0
44,2,14,0.7802395876782559,13,162,0
39,5,10,0.3525419380226188,0,37,0
17,0,23,0.1241058198850848,14,122,0
55,5,9,0.46261087443575366,3,140,0
9,6,7,0.42834279743208503,5,168,0
9,0,17,0.7051709105474743,1,81,0
2,1,20,0.9112981321129354,2,76,0
52,0,9,0.6004771143323661,7,78,0
24,3,8,0.121900723255883,2,94,0
31,0,6,0.8745644833165399,2,21,0
52,0,16,0.5159140589677679,7,158,0
2,1,12,0.565940890035919,0,40,0
29,1,21,0.7353950016065249,6,119,0
32,0,14,0.26815908514490794,0,152,0
19,2,18,0.29154475024099646,9,2,0
13,5,7,0.7844694548374995,13,132,0
28,3,19,0.9978356994322422,11,181,0
61,4,23,0.8157073730676723,9,184,0
14,4,12,0.3210727006532522,14,12,0
30,2,8,0.29210787133630817,4,71,0
9,3,8,0.41080146905480874,9,66,0
63,4,19,0.5254949499973324,10,29,0
38,0,23,0.4237640119851973,9,83,0
47,1,8,1.0,3,89,0
48,3,21,0.41001811369360963,13,77,0
50,4,12,0.26085058878232764,10,34,0
16,0,16,0.31620567861618776,4,154,0
16,7,19,0.3525602555560246,16,84,1
2,2,5,0.379582866482397,2,109,0
33,7,10,0.9036867006250519,6,45,0
4,0,7,0.5425078773281732,4,5,0
27,0,7,0.5746517822437321,6,143,0
48,4,2,0.6969456118258799,3,110,0
33,4,6,0.11398635372758656,7,163,0
42,6,12,0.7867168414661404,11,156,0
52,4,4,0.668001157862585,3,139,0
53,0,9,0.6192706575943854,12,41,0
52,2,10,0.8689156344420319,12,102,0
26,0,9,0.40419871054099,11,57,0
58,5,7,0.183943407297518,2,134,0
21,4,23,0.6441539090118144,13,49,0
22,2,8,0.48682575434322983,9,49,0
31,3,6,0.8599230772904918,12,44,0
29,0,4,0.1759366728061077,2,110,0
42,2,21,0.987195142212575,9,130,0
6,7,5,0.19583998676548459,0,59,0
36,2,15,0.15646444684076075,3,174,0
26,1,20,0.19649370320676884,13,1,0
49,1,17,0.5266741662780372,3,40,0
61,0,17,0.5170661301143255,5,161,0
52,5,7,0.35085845693296625,2,169,0
19,7,5,0.8986798807315047,19,55,0
51,5,22,0.7448823442890734,4,126,0
14,2,18,0.40558821884546686,3,144,0
50,0,23,0.29186239262507085,6,100,0
43,6,4,0.7216600579494519,0,159,0
50,1,11,0.4916833559558866,7,159,0
53,2,19,0.31183495590064636,13,82,0
46,1,23,0.9044261796282187,0,126,0
21,0,21,0.633646726698415,4,77,0
55,1,3,0.020525505603361027,4,74,0
16,0,21,0.5564454305699627,13,144,0
61,0,19,0.7723432846823581,0,116,0
20,0,18,0.16118496575853516,8,7,0
34,3,18,0.14124853580753993,10,96,0
63,6,14,0.15519297301338794,14,90,0
7,2,9,0.49335753669028354,2,27,0
47,6,5,0.7503649777217107,0,78,0
32,7,3,0.809682602300392,14,44,0
5,3,23,0.3439281755968181,5,96,0
43,1,15,0.28550181132378005,3,164,0
57,0,12,0.5084819297519932,8,132,0
17,2,15,0.16903191160603817,17,5,0
9,5,9,0.9615153869624822,9,30,0
19,0,12,0.73102228034683,8,23,0
30,2,20,0.42171688380480776,12,97,0
24,1,10,0.13437000105530947,1,89,0
14,4,3,0.8615959547982799,11,21,0
6,0,7,0.6545271010449341,4,4,0
7,1,11,0.22780612701306976,6,5,0
4,3,13,0.9194149965173394,2,100,0
9,0,14,0.12150411139386952,6,5,0
37,3,17,0.6575401715716123,2,42,0
21,1,11,0.17815202863088858,5,140,0
60,1,10,0.7173505452724589,8,129,0
6,4,14,0.8897365993655759,6,48,0
21,0,17,0.44046022211612046,16,132,0
23,7,9,0.5363092032711905,4,93,0
57,5,16,0.3338277947470536,8,31,0
38,6,8,0.8522036834242224,3,162,0
43,6,7,1.0,5,64,0
37,0,3,0.45121310796197944,0,164,0
26,3,9,0.2573104357452069,6,168,0
51,4,9,0.007421906829123012,1,156,0
24,5,8,0.8490168413605725,5,25,0
38,7,1,0.36102460576308576,2,26,0
3,0,14,0.1111060607561785,2,8,0
16,4,19,0.7287556815072767,0,152,0
13,3,7,0.9178516384697211,13,101,0
19,6,16,0.7822215166936747,7,166,0
20,0,23,0.4202308578089339,15,82,0
10,2,15,0.14068945963505525,6,134,0
49,0,8,0.6066674153387758,1,125,0
72,1,12,0.7746131936633884,8,141,0
25,0,2,0.9181482278661287,0,132,0
5,1,18,0.4597314486366487,4,132,0
43,5,21,0.5570650716553631,11,108,0
12,3,2,1.0,12,117,0
46,2,10,0.5016366633435083,16,61,0
28,5,14,0.13120411510783833,7,119,0
50,0,17,0.6616349574490472,11,162,0
61,4,21,0.806904112227782,0,147,0
49,2,19,0.6749806155635039,2,68,0
26,4,13,0.10187051081779228,9,7,0
41,2,8,0.7986264182129851,9,141,0
27,0,22,0.859270411538127,14,48,0
35,1,9,0.8132891834613365,7,119,0
12,2,19,0.8213257894392747,12,78,0
5,7,15,0.2006436659372949,5,147,0
42,3,20,0.941913808222133,11,60,0
12,1,10,0.42646448020510175,0,28,0
46,0,17,0.598313500884925,2,58,0
20,7,23,0.39478755422099604,12,174,0
41,4,5,0.19680038394848734,7,125,0
34,1,13,0.5689986217561182,13,49,0
17,0,15,0.7663378085591281,10,39,0
29,0,19,0.5357080834480127,4,186,0
39,7,17,1.0,11,148,0
32,2,18,0.8522626333593384,10,185,0
48,1,17,0.3511583987803029,7,156,0
18,1,12,0.7068186867015733,2,37,0
24,3,16,0.31565450968898556,8,111,0
34,7,23,0.08583754035650498,0,72,0
21,6,16,0.800954492119518,5,123,0
31,4,18,0.6996611574275282,0,138,0
5,2,22,0.16220004784317438,5,110,0
9,6,8,0.6547474918164031,9,75,0
30,7,10,0.17096128703456084,13,53,0
0,3,13,0.5556902845303369,0,88,0
50,4,20,0.552858088445676,3,95,0
1,0,17,1.0,1,81,0
52,5,5,0.3178294715271121,15,107,0
13,4,23,0.0781239722210669,9,67,0
28,5,11,0.8302917956658717,8,181,0
12,1,18,0.7233385989493816,12,48,0
3,5,14,0.6737880499042521,3,26,0
25,0,6,0.5268837868280838,6,56,0
6,6,23,0.17402333390532382,6,52,0
45,6,4,0.1255864494420524,1,151,0
11,0,7,0.6068814924402585,11,151,0
40,0,18,0.9017451577389443,15,187,0
13,0,14,0.9434101387804341,5,29,0
25,1,11,0.12512505442466118,6,75,0
5,1,12,0.46331728036217923,2,52,0
14,6,23,0.22738671794080614,13,9,1
20,7,10,0.595872930208898,15,144,0
25,5,7,1.0,5,146,0
26,2,23,0.6966927850413924,3,81,0
51,0,0,0.22578338562820155,5,59,0
58,2,4,0.9599341796255745,1,35,0
24,2,22,0.7542130008764485,14,68,0
32,2,16,0.22503012732585903,10,95,0
12,0,10,0.6619527847208199,9,122,0
13,0,6,0.31198764863794975,10,192,0
53,0,6,0.795311184484497,0,168,0
38,3,10,0.5149751245685804,0,169,0
37,1,3,0.9715482666883987,9,160,0
55,5,10,0.8735525470726758,11,143,0
26,5,17,0.43556706749678487,8,45,0
64,5,21,0.7894225804562839,14,167,0
6,0,3,0.5547123669204561,6,1,0
33,3,3,0.0,0,89,0
17,4,20,0.2829826145912709,17,25,0
49,7,12,0.9451958577856423,12,166,0
64,5,20,0.6341935713912829,9,21,0
40,0,7,0.931157888566254,5,93,0
25,3,23,0.8472328906428479,6,129,0
42,3,7,0.29545912262995844,7,157,0
42,1,15,0.6427210359153427,4,162,0
24,3,18,0.38842359439620366,10,29,0
17,2,20,0.09073734765217363,7,66,0
27,3,13,0.6756596083516384,3,53,0
37,7,3,0.2907711605606679,0,16,0
43,4,7,0.28041678994019875,4,69,0
46,4,23,0.8719816822139662,0,136,0
12,1,3,0.6855822965459387,3,1,0
49,3,19,0.8548027565179296,0,134,0
51,2,20,0.8673649347693051,16,157,0
25,6,18,0.3975955388644113,0,80,0
43,5,1,0.23958354015691516,7,75,0
15,4,10,0.5578934317740722,15,69,0
43,1,20,0.7446326899557351,4,172,0
62,5,6,0.13487496380040365,11,107,0
11,6,6,0.2923501791729405,11,96,0
68,1,22,0.3950188209850377,7,90,0
32,5,15,0.029477281281573897,0,26,0
46,3,8,0.9146441477463133,8,123,0
3,1,16,0.8272048662377068,3,132,0
43,3,12,0.7142454930541274,5,49,0
19,0,7,0.47094945025759455,3,126,0
40,0,16,0.6674784487536526,12,36,0
35,7,8,0.4353439053281715,0,40,0
20,3,23,0.29967260247273586,14,63,0
58,0,6,0.6777902056785441,4,29,0
50,5,15,0.402074730173646,5,166,0
21,5,12,0.8218901658966644,7,152,0
23,0,23,0.466533710975252,7,69,0
26,1,18,0.9526964154999769,5,140,0
21,2,7,0.4220672421155144,1,78,0
37,1,11,0.9604059037090048,2,180,0
46,0,17,0.2059273373154008,2,138,0
23,5,8,0.6388660734795539,15,128,0
38,1,7,0.6515988613841432,3,49,0
43,6,10,0.4660984106261442,0,34,0
12,6,3,0.15932242884081668,12,95,1
32,3,8,0.6097685840930558,11,33,0
68,1,3,0.5450944534236901,3,165,0
44,0,19,1.0,13,169,0
38,0,23,0.21283752478499143,4,156,0
52,4,16,0.8959757488471716,3,159,0
13,0,7,0.6671158472258609,13,111,0
55,7,19,0.10924375026417438,11,101,0
24,1,16,0.46483531571538506,0,161,0
44,7,15,0.18526218502774688,12,59,0
27,5,11,0.5941966788152158,9,54,0
3,2,17,1.0,3,23,0
45,2,23,0.529123959737492,8,101,0
35,1,20,0.5017792110055681,8,91,0
47,0,14,0.4646501076447668,13,149,0
7,0,10,0.9225288818355325,4,26,0
52,1,18,0.7802431006943387,3,134,0
55,5,7,0.420156089829115,1,160,0
27,1,5,0.9695607238443218,2,19,0
47,4,4,0.2267696459769308,14,109,0
6,0,17,0.6760822633247947,5,80,0
12,5,21,0.531158488873627,12,106,0
14,2,22,0.7502274741711864,5,5,0
12,2,17,1.0,4,157,0
11,7,23,0.3175689733289273,11,29,1
15,0,9,0.5438626585394368,10,143,0
35,5,1,0.6917763811607762,10,29,0
44,1,20,0.005281045958691083,12,105,0
46,5,22,0.6962457683309673,7,145,0
46,5,19,0.637886195233621,7,114,0
19,1,13,0.08223125901899359,4,97,0
41,4,4,0.27414004701393646,11,151,0
37,5,9,0.19221936329525108,0,39,0
0,3,11,0.6155262829967636,0,77,0
34,6,15,0.20334900943865572,2,34,0
11,0,17,0.5684620623159418,6,128,0
17,2,15,0.6211965021790462,0,179,0
10,2,17,0.2737584135873183,6,104,0
33,2,20,0.4834451797793795,10,96,0
32,4,6,0.9189852736316166,6,165,0
7,0,17,0.7150907998624447,7,100,0
33,7,5,0.2692661139243497,14,25,0
2,0,23,0.7104523952151072,2,121,0
65,3,8,1.0,0,57,0
47,0,4,0.9192489490680882,0,66,0
6,1,19,0.24728731654412386,6,135,0
23,7,10,0.9183928274185799,3,124,0
45,6,15,0.6437819697527342,6,124,0
10,4,7,0.6076053213026318,9,173,0
50,2,15,0.5836092190524121,4,148,0
48,2,22,0.7436984689612336,7,94,0
14,0,18,1.0,13,63,0
19,1,23,0.8117116933266897,7,45,0
23,1,6,0.42525383563771185,6,129,0
40,3,18,0.8880030271601062,14,68,0
12,7,13,0.5901107337814964,3,28,0
16,0,17,0.5043297387621201,0,106,0
22,3,17,0.6823924074855535,11,93,0
54,4,13,0.7184567103558117,3,55,0
63,7,22,0.9329767676842028,11,166,0
14,4,10,0.8450248672740727,0,66,0
12,5,8,0.5264883847981359,6,88,0
17,0,2,0.8262215260180028,2,10,0
12,2,9,0.5301203327651146,9,160,0
43,0,23,0.43507097695822894,2,158,0
26,3,14,0.9612489943559679,16,30,0
8,2,1,0.4499517815869457,8,105,0
25,6,17,0.42638271816614404,11,25,0
29,1,21,0.2983511244725306,8,103,0
33,5,12,1.0,0,32,0
22,3,22,0.8952388158062312,1,129,0
38,7,4,0.48191785226950046,4,1,0
12,0,20,0.8947073108297705,12,51,0
25,7,12,0.6218638947868509,11,59,0
12,4,8,0.2512815200579887,8,87,0
11,0,4,1.0,11,121,0
15,7,19,0.9606564338057504,1,165,0
43,0,17,0.5160878152920358,5,64,0
45,6,6,0.33379108814968067,3,21,0
8,3,20,0.3307615266767463,1,19,0
47,6,11,0.770641685798948,13,162,0
40,7,20,0.18096952909106157,1,80,0
50,0,17,0.5857830364998814,6,145,0
26,7,21,0.38753236039563405,8,160,0
4,5,14,0.26983798308165585,1,89,0
12,0,4,0.5864515385765108,11,164,0
21,7,16,0.41977514938589977,0,120,0
33,0,23,0.9552325110605066,11,159,0
4,7,7,0.44911308704732306,4,90,0
21,0,10,0.34700817171016296,2,140,0
41,5,7,0.8912376162312674,4,53,0
38,5,10,0.9758982354721419,5,170,0
20,7,10,0.8992072616809311,9,28,0
41,4,23,0.917717741806058,12,56,0
44,5,16,0.7517780669545551,13,142,0
33,7,16,0.16388922884398438,2,26,0
27,6,14,0.7634251811837913,9,47,0
22,1,16,0.5057535205914908,0,184,0
4,4,9,0.7742902932875633,4,47,0
5,6,5,0.08293917026221112,1,54,0
56,2,7,0.2880481791010142,13,122,0
53,2,9,0.44527704876599267,13,54,0
44,3,4,0.20163561385371184,11,137,0
12,3,18,0.4963834202702988,2,122,0
35,7,2,0.09122831717603914,11,43,0
56,0,10,0.7034314532985944,7,80,0
44,1,18,0.1901346508537119,12,87,0
21,7,2,1.0,2,155,0
41,6,19,0.32182343139510977,0,92,0
33,5,8,0.4852906289933063,8,56,0
8,2,21,0.33343543671301684,3,18,0
36,0,11,0.04828668884462711,0,141,0
3,2,18,0.10545864328307669,3,7,0
46,2,6,0.32780871742624756,6,116,0
4,2,20,0.4860589359829801,2,3,0
25,3,3,0.7807816122618497,9,50,0
46,3,10,0.7553860222824842,13,128,0
41,5,10,0.7674990626709327,7,6,0
23,0,23,0.6386924980633377,12,150,0
56,0,21,0.18414036433288947,13,95,0
57,4,23,0.7387243931994186,12,159,0
16,2,18,0.2460155273038523,8,78,0
64,7,16,0.7510512919660387,5,103,0
24,1,23,0.07640847979802817,12,120,0
59,3,13,1.0,1,18,0
43,0,21,0.9339136245446658,10,36,0
60,3,17,0.5209750733857257,5,8,0
35,1,6,0.9817278443612782,7,195,0
36,7,7,0.9339222679059622,6,51,0
12,4,9,0.7330523059574978,12,134,0
12,0,12,0.6543496813506858,8,17,0
3,4,18,0.4462669518323391,0,140,0
3,6,6,0.5972001175755954,3,59,0
41,6,8,0.5323359835760197,6,68,0
16,7,15,0.5972484223711239,1,136,0
45,3,5,0.6973717103424855,15,36,0
6,7,14,0.813685811191093,3,45,0
14,5,3,0.7119410517257415,14,18,0
43,3,3,0.39818081333277866,7,151,0
57,0,23,0.38119855342006304,9,98,0
40,3,4,0.011116338989110713,0,78,0
13,0,19,0.21619502887688657,13,132,0
58,5,10,0.8174309771353828,0,42,0
11,5,7,0.7383458551143133,7,64,0
39,0,15,0.4731222836889274,8,164,0
16,4,14,0.28990660137111646,16,18,0
13,4,7,0.6983470264748357,11,42,0
22,0,22,0.6909620014189521,14,164,0
63,0,6,0.8103143981523304,5,149,0
29,4,14,0.27410114373694583,9,138,0
8,6,7,1.0,8,31,0
15,0,20,1.0,1,9,0
47,0,13,0.2184132084730231,12,69,0
30,1,17,0.7327611928321316,10,50,0
16,0,20,0.8134592234009005,16,41,0
45,4,22,0.873014053755347,10,130,0
8,0,19,1.0,0,14,0
50,0,8,0.5956047487741472,7,20,0
44,6,7,0.7068361150840486,1,71,0
26,0,22,0.3110595304718299,14,135,0
42,0,14,0.6943881237632994,3,55,0
33,5,4,0.24162340666296425,16,42,0
16,3,15,0.796964054668288,16,15,0
53,6,4,1.0,2,49,0
6,7,23,0.0,4,56,0
2,0,13,0.5138050867294839,1,33,0
21,6,23,0.5544062727691962,3,93,0
26,2,15,0.21458964452169313,8,124,0
32,2,17,0.07928386919088201,5,179,0
61,4,13,0.24322750413031485,12,54,0
17,5,19,0.3063518056157938,17,107,1
0,0,11,0.47508693925876555,0,72,0
14,4,15,0.09944903981187742,14,113,0
15,0,15,0.7653158461596613,0,23,0
8,3,8,0.32442596095477294,5,98,0
57,5,15,0.5092111747267746,2,79,0
51,6,5,0.5929513360084895,0,169,0
20,0,18,0.6481935635755296,10,98,0
12,3,23,0.14752500290497156,12,71,0
46,4,4,0.5230449322192806,3,170,0
61,0,12,0.8907057141890582,15,29,0
20,0,5,0.5499202389959003,6,92,0
7,4,16,0.22483214397597404,0,71,0
9,3,23,0.2766940042883806,3,109,0
43,0,22,1.0,8,124,0
10,7,1,0.746813786668084,10,74,0
52,1,7,0.8370673863853084,10,8,0
58,0,21,0.27298736198878154,13,109,0
23,3,20,0.8119387912080368,14,112,0
14,6,14,0.34897309189861514,14,18,1
60,5,8,0.7980613185985039,1,82,0
19,1,17,0.5277123501660884,0,172,0
46,6,18,0.5201268421843515,10,101,0
5,7,17,0.06242481062619937,0,158,0
16,3,10,0.6382196416758508,11,12,0
10,5,7,0.9465011275235646,10,38,0
45,4,8,0.4766339155330187,10,117,0
21,3,20,0.4321510529060871,11,15,0
11,0,14,0.06643630802568741,10,10,0
28,6,8,0.5560754062087836,4,69,0
51,6,16,0.8268093942059032,6,144,0
19,1,10,0.15973217232895737,5,177,0
26,2,2,0.6618197036859377,6,20,0
11,0,21,0.7249240648405284,0,84,0
34,4,3,0.6860580929200051,5,55,0
17,6,17,0.7006719906929135,0,77,0
18,4,23,0.7223341648352302,15,67,0
36,2,8,0.564050964350968,1,136,0
23,0,20,0.28674421836929703,11,66,0
3,3,12,0.45309162506010275,2,91,0
40,7,9,1.0,5,111,0
26,5,11,0.24149463324460846,0,70,0
51,1,9,0.5746812466706054,4,159,0
8,1,11,0.3989391152406437,0,68,0
27,7,17,0.4790384150243402,10,100,0
62,3,23,0.7807211895109558,3,115,0
37,0,18,0.624977589850046,8,111,0
27,5,5,0.5938739786300162,11,70,0
11,2,5,0.7821679026670602,11,115,0
29,1,8,0.16226177703963102,5,72,0
26,1,16,0.46037828330441005,2,151,0
45,5,3,0.7348055551823858,6,108,0
25,4,20,0.551291164236481,18,95,0
32,6,6,0.03883205453323574,14,65,0
29,2,19,0.1192802224640712,6,93,0
13,3,23,0.14478444951112573,9,80,0
54,3,18,0.6742234019634322,4,92,0
66,6,23,0.8388230997575361,5,181,0
57,3,9,1.0,0,53,0
7,3,6,0.6851185583715375,2,101,0
62,3,6,0.877930272362601,4,28,0
18,3,21,0.49722909201706367,11,9,0
26,1,18,0.6918038774978803,12,105,0
37,0,7,0.8850706087689838,2,17,0
20,1,22,0.5682954762428061,14,77,0
30,6,5,0.5997971451862932,4,88,0
14,2,10,0.6086665197677495,12,72,0
25,1,15,0.7198608112169549,13,121,0
55,4,9,0.9309589230898391,0,30,0
16,0,17,0.18364702034451919,16,123,0
21,0,19,0.7054802499640815,0,87,0
4,7,4,0.3218579003462863,2,49,0
47,5,9,0.6118476399324285,4,146,0
6,7,23,0.010803933784778036,4,61,0
20,1,15,0.4576517510201144,12,45,0
23,6,4,0.41164499196011906,7,84,0
29,7,9,0.31932098237629136,0,36,0
5,1,16,0.10929915483087962,4,13,0
60,6,19,0.8089413494466514,11,140,0
39,3,3,0.0,6,145,0
50,7,14,0.9810181240666329,8,114,0
7,4,9,0.8139687502089021,7,70,0
42,6,3,0.743190908107316,0,33,0
12,4,22,0.840537437928078,9,42,0
24,7,14,0.650086041118422,10,39,0
20,4,22,0.3478344008480858,5,65,0
13,3,8,0.6896269057921643,13,128,0
54,0,20,0.22547172426654813,12,94,0
54,3,9,0.8393384558256546,12,16,0
39,4,9,0.7557961004248854,14,148,0
10,2,20,0.9966940400217769,10,44,0
35,7,4,0.9210620541095688,0,160,0
12,0,4,0.8285678808137822,12,111,0
11,4,3,0.5888944135457499,7,17,0
31,0,21,0.6460820209771613,3,184,0
9,4,23,0.7092866177146769,7,108,0
27,5,3,0.16721676730835325,10,37,0
20,6,8,0.6319236895182261,9,38,0
47,7,9,0.9103046908985393,3,38,0
9,2,10,0.15543083779250647,7,99,0
3,0,16,0.3348262780282512,3,103,0
42,0,10,0.5163107412595891,12,149,0
33,3,2,0.2887586060004201,17,51,0
41,2,9,0.8537448162206989,5,70,0
27,6,4,1.0,12,65,0
24,6,7,0.8718144550379991,12,44,0
39,3,3,0.22395162937958846,1,93,0
39,3,19,0.9793512245209381,10,179,0
23,0,11,0.8856252828910464,13,33,0
46,5,15,0.7268803999836935,14,149,0
41,2,11,0.5979125366476042,15,166,0
49,0,8,0.48268768279006835,4,61,0
52,4,15,0.20143875886414042,8,94,0
32,0,21,0.5888272532444103,7,164,0
6,2,16,0.1863468963238526,5,129,0
17,2,23,0.7804837818770447,13,46,0
18,5,10,0.7447686266651813,13,38,0
29,5,8,0.3358624300505604,3,172,0
57,4,19,0.4432882923406714,6,22,0
46,7,17,0.8287706380163224,11,145,0
50,2,16,0.9024259728737121,0,10,0
9,4,12,0.9963267166805607,9,55,0
2,0,11,0.6480620355863582,0,32,0
11,7,9,0.8218337809509266,11,111,0
54,6,11,0.9261819989993928,11,114,0
28,1,23,0.20450146673537656,9,150,0
13,6,10,0.3625538329012227,4,62,0
48,1,3,0.6267144720553494,2,114,0
5,6,23,0.18273882202178324,5,62,0
51,2,23,0.16525655610243276,10,84,0
40,4,18,0.7396541535088386,11,149,0
52,7,7,0.29989600153962837,2,150,0
32,0,4,0.7747543107408342,9,35,0
33,6,5,0.6654483864022592,6,88,0
5,7,14,0.6713625561971387,5,62,0
24,0,23,0.3621474127069412,12,139,0
37,7,10,0.9189621077581096,6,29,0
24,3,17,0.697696044468545,9,30,0
29,3,9,0.5069546863707123,3,160,0
14,7,19,0.3818928511046411,8,29,0
50,7,1,0.3549576983656836,4,162,0
52,6,6,0.2161385270029561,7,69,0
6,0,10,0.9657304644978496,6,13,0
24,3,18,0.7588875050494366,10,179,0
17,6,17,0.7696220233951723,0,162,0
44,6,14,0.45551426875138057,6,110,0
34,5,12,0.7708460099991761,8,25,0
63,1,9,0.7130957770734313,4,127,0
9,0,14,0.83551940994647,2,114,0
10,5,4,0.06456532200226936,9,60,0
51,0,19,0.413252390492772,5,139,0
64,5,4,0.297187983557232,3,158,0
58,3,14,0.716741751478457,7,139,0
4,2,16,0.0,4,1,0
17,0,8,0.7010134297393142,12,100,0
19,7,14,0.8571068622676231,5,189,0
40,5,19,0.9831438165693716,10,152,0
31,2,15,0.1760728935790873,2,151,0
3,1,19,0.9403957071082364,1,33,0
47,6,3,0.4006426247524803,1,24,0
10,4,14,0.40762192238815714,4,45,0
40,6,7,0.21692264872983824,5,14,0
30,1,19,0.42037276655490224,10,96,0
3,1,23,0.7089110136053604,3,100,0
7,7,9,0.6824601869896478,7,56,0
46,6,8,0.26583896372270865,4,86,0
24,3,10,0.1346912518245175,1,93,0
43,1,17,1.0,13,51,0
42,4,7,0.198662647360787,8,151,0
36,1,23,0.7622962682461499,0,115,0
9,2,15,0.6582012614816828,6,135,0
24,0,7,0.22012526856461634,1,80,0
17,0,21,0.5899292105013736,1,120,0
7,3,11,0.34951632811382843,5,78,0
44,0,13,0.4188349833805406,7,152,0
23,1,15,0.4014915354940899,5,164,0
31,1,8,0.9428628074034769,4,58,0
48,3,12,0.6574736409583205,1,50,0
10,7,22,0.49595268637950357,0,18,0
26,1,5,0.4673036843695576,9,62,0
8,7,14,0.2011371746981479,6,147,0
47,0,18,0.2016985999303366,7,146,0
48,0,17,0.4860649855733505,6,68,0
30,3,20,0.3808450213447959,8,75,0
64,3,17,0.13624541091975567,10,71,0
23,6,4,0.966619062696639,13,46,0
9,0,19,0.2878998411397168,7,107,0
32,0,14,0.7676798673955473,7,30,0
56,2,17,0.809788932311526,1,145,0
29,7,4,1.0,3,144,0
2,5,11,0.6668301777412785,2,36,0
14,0,15,0.4422626485274073,5,97,0
27,0,6,0.9223215761748514,8,140,0
64,2,14,0.763683791500599,10,153,0
69,3,11,0.9279624264088177,4,1,0
4,7,8,0.16326027080974528,4,44,0
15,5,18,0.43459491967801034,11,31,0
12,4,19,0.4080528146126916,10,140,0
12,0,13,0.5441214280277922,2,65,0
25,7,21,0.7723599463604903,0,150,0
38,5,8,0.7740717122860621,5,121,0
43,4,23,0.6835425422439001,14,177,0
23,4,3,0.9964761723502054,0,26,0
64,3,10,0.8722669064046505,8,122,0
21,3,16,0.8290943373656084,1,123,0
17,7,14,0.7098702422131353,6,183,0
10,4,17,0.3636140665538602,5,8,0
30,5,10,0.12287161750690964,0,38,0
14,3,19,0.6839038245311331,4,15,0
8,6,6,0.7698077155216341,4,66,0
27,6,17,1.0,4,124,0
18,5,20,0.3433093566130075,18,27,1
6,1,18,0.74959352603742,0,13,0
60,2,22,0.4351246851895889,8,96,0
53,5,22,0.2549552010037695,17,107,0
23,1,9,0.7674659786882173,3,68,0
49,0,19,0.6763989691902912,2,130,0
17,7,8,0.7849942345610322,12,55,0
10,1,9,0.38139266060052845,10,171,0
41,5,7,0.40323012916417317,12,115,0
6,0,14,0.6497911739161881,6,64,0
11,4,15,0.6737506587303347,1,37,0
58,7,7,0.4265476925469345,2,160,0
37,2,9,0.22278830705732444,3,79,0
25,0,13,0.16554057585115717,2,133,0
14,0,6,1.0,4,14,0
57,0,23,0.24256048124070215,4,87,0
20,2,23,0.5095359031867517,11,78,0
41,2,17,0.5588472787490655,12,155,0
55,2,16,0.721380259915759,11,140,0
7,4,17,0.9558059937451471,5,24,0
9,3,21,0.19162248010428853,1,101,0
11,0,15,0.8649552834611562,6,9,0
36,4,6,1.0,8,123,0
5,0,19,0.37218657381912695,3,137,0
56,4,14,0.10673610263932701,11,60,0
3,6,17,0.6954910557314986,3,33,0
29,7,10,0.5660147516866603,7,64,0
48,4,8,0.5994892065469691,2,139,0
13,0,9,0.7995330491229294,2,20,0
33,0,10,0.90120935356826,1,109,0
47,5,7,0.5897142199844263,3,55,0
16,6,20,0.41602693828311726,6,67,0
55,1,18,0.5135986277971201,9,90,0
44,4,23,0.14855758789285767,16,92,0
58,0,10,0.5908731330273572,6,36,0
6,2,16,0.6798371448614556,6,81,0
29,0,21,0.37035385812330957,11,124,0
30,0,23,0.2780240954882907,13,135,0
52,6,13,0.14698844718504916,12,40,0
41,6,7,0.979767634196378,2,48,0
31,1,22,0.9221091959786902,11,200,0
19,0,18,0.06313840902740767,11,11,0
17,0,15,0.9277439957496688,12,37,0
42,6,3,0.7882116554437889,0,168,0
39,5,22,0.6268309902900775,10,84,0
14,2,11,0.5259390403994485,14,126,0
4,6,10,0.3894733960457978,2,94,0
49,7,17,0.3875250269401051,14,93,0
38,5,5,0.8926020322830951,7,92,0
14,2,7,0.8962831040946059,14,17,0
15,1,6,0.8140252564122905,15,123,0
27,2,4,1.0,6,146,0
57,2,19,0.6015166440570296,0,134,0
33,0,21,0.5469228175248354,12,89,0
52,5,16,0.537241721159293,3,84,0
27,2,9,0.5443402433215961,2,69,0
19,7,17,0.8384752587608708,4,109,0
21,6,7,0.6909101308595726,5,67,0
24,3,15,0.9033538433810508,8,176,0
52,3,16,0.3838331240012742,1,145,0
58,0,12,0.14829112708039444,11,62,0
39,4,19,1.0,3,114,0
18,0,19,0.2737753639370444,18,3,0
28,7,5,0.292704604534207,14,59,0
44,5,6,0.8963869432199476,0,161,0
54,6,10,0.997400208369053,12,113,0
15,3,8,0.8274022144301408,15,105,0
23,2,19,0.47813361269089194,2,184,0
18,2,11,0.4870986105715558,5,54,0
9,2,21,0.5356988276999635,9,141,0
1,0,19,0.5547957476351003,1,107,0
45,5,9,0.2633171146753513,11,111,0
38,1,13,0.2524568987109216,2,145,0
39,3,11,0.8584635065550128,1,28,0
44,4,4,0.407239799273617,16,37,0
61,0,10,0.5637614020365084,1,37,0
39,1,7,0.7811169761910103,5,55,0
52,3,6,0.4837714697930579,10,43,0
70,2,9,0.445990124678349,10,44,0
4,3,17,1.0,4,11,0
37,0,23,0.9217706112335667,3,120,0
47,1,16,0.41677416070087614,5,119,0
44,0,9,0.7769005744008672,11,145,0
15,7,6,0.8788104201731498,12,64,0
53,2,9,0.12501014935319404,0,146,0
15,1,20,0.14293023806883784,15,24,0
24,2,18,0.7822246480444963,3,138,0
24,5,23,0.8549183733489637,11,55,0
45,6,20,0.3315974782017492,10,104,0
26,2,3,0.6124758542597601,7,148,0
23,2,18,0.7424250451600547,11,43,0
39,5,7,0.321129963841676,9,55,0
4,3,18,0.8318850215968542,4,135,0
4,2,15,1.0,0,16,0
23,6,17,0.9270575402188896,5,115,0
19,7,7,0.1809890882432998,7,96,0
12,0,7,1.0,12,111,0
49,0,6,0.35245917701980906,9,193,0
46,0,21,1.0,12,169,0
11,3,21,0.7414832047016515,8,46,0
16,0,22,0.11570779065170886,16,18,0
8,2,19,0.5779900460040917,3,125,0
33,1,20,0.4649129958788444,4,97,0
47,0,19,0.7221981203185428,10,19,0
15,3,20,0.5799132906631997,4,136,0
41,3,4,1.0,11,171,0
37,3,2,0.11088619807009654,1,100,0
55,2,9,0.413435713056952,7,15,0
2,3,14,0.4796860699170639,0,35,0
57,4,20,0.6650147584122408,1,154,0
12,2,15,0.6580409830158871,6,81,0
14,7,18,0.23768925416558365,14,18,1
43,2,21,1.0,10,131,0
25,0,16,0.8670822591201186,6,118,0
23,3,8,0.9213878543639,8,110,0
15,4,8,0.48682184823590896,4,56,0
7,0,10,1.0,5,11,0
41,1,16,0.31401904708437345,1,134,0
60,2,5,0.4560243434659087,2,133,0
60,7,10,0.8746909103411351,10,132,0
16,3,11,0.9802574286329616,6,153,0
39,1,23,1.0,0,117,0
12,2,10,0.7823286607661177,6,63,0
20,2,5,0.8206437327929691,1,21,0
52,2,7,0.5254568788312018,1,118,0
25,3,18,0.5948404553431325,8,14,0
25,3,2,0.5827725895641729,9,53,0
8,7,6,0.5529982723715853,4,65,0
25,1,22,0.22083365028421076,9,151,0
38,3,4,0.2183750496230834,10,145,0
53,5,19,0.6883095598326042,14,146,0
61,5,17,0.5118155595535367,5,2,0
53,6,5,0.05551425483232561,6,78,0
46,2,10,0.6857345456301163,16,36,0
36,2,23,0.6528750883655546,4,89,0
22,0,20,0.5624718585854164,8,111,0
16,0,8,0.8706824628135802,0,1,0
23,1,21,0.7856383003622114,0,101,0
15,4,10,0.25028312594193225,9,80,0
32,4,4,0.8095173746485353,11,46,0
64,0,21,0.2179913932450292,12,105,0
43,4,14,0.23000934417825136,6,174,0
21,6,15,0.5274327971348161,1,77,0
28,5,12,0.2579381875997952,0,22,0
14,2,17,0.16265372779652043,14,147,0
18,6,20,0.416008294393952,14,85,0
44,2,15,0.7080160124303668,3,170,0
37,4,5,0.6515423602374928,11,40,0
38,0,8,1.0,5,96,0
44,1,5,0.5983096824462952,10,161,0
37,3,14,0.7162999362932242,10,18,0
38,0,3,0.11114287556030261,1,89,0
47,6,15,0.3916186384273793,12,44,0
14,3,17,1.0,3,11,0
54,0,15,0.20612153715736134,9,95,0
19,7,16,0.9119601522662936,8,173,0
31,2,18,0.4523479236228418,10,115,0
11,6,14,0.8170970371170735,6,51,0
64,1,6,0.967586779223052,11,23,0
3,2,23,0.13428961750254498,3,97,0
49,3,15,0.21728218602149196,14,48,0
12,4,15,0.7943157881766796,6,165,0
7,7,18,0.33984512476467466,1,1,0
33,1,23,0.37491594206492584,7,65,0
13,3,12,0.5787724223712778,8,151,0
18,0,13,0.8554171125073982,3,1,0
43,2,23,0.5235686416063865,5,93,0
24,0,19,0.2862947000519348,6,14,0
39,5,22,0.2811193835479797,0,88,0
35,0,4,0.8440580377987366,3,145,0
0,2,14,0.2583735733732808,0,87,0
22,0,15,0.827907594876024,14,29,0
55,4,8,0.033335347034064086,1,152,0
33,6,19,0.8541146705860773,9,136,0
26,7,17,0.5033882261389621,11,38,0
58,3,8,1.0,14,20,0
6,2,15,0.40555417374543895,6,137,0
6,6,9,0.517554663037138,6,58,0
20,5,23,0.7876233355066456,13,75,0
7,0,11,0.47827512029127794,0,30,0
14,0,23,0.12492611351204316,14,7,0
6,5,11,0.8506127179186078,6,59,0
8,2,21,0.3472938123445773,7,128,0
30,3,3,0.2623414761874586,7,126,0
3,7,15,0.34302896671785443,3,148,0
48,6,14,0.9412624780205473,12,113,0
70,4,22,0.2925778604118855,9,12,0
38,7,19,0.22168863741051315,1,75,0
44,0,11,0.039629348273089865,1,130,0
60,2,10,0.05357207892250937,0,144,0
49,2,12,0.4030955552411084,2,148,0
38,0,23,0.45233808738544623,5,132,0
16,2,6,0.938000192430786,11,107,0
49,7,3,0.4409588070546573,4,184,0
8,2,14,1.0,7,27,0
21,0,19,0.2125932709349934,13,150,0
12,6,18,0.24523451495865628,12,49,1
33,6,5,0.7873084729080518,13,34,0
7,0,6,0.6993139153209649,7,188,0
49,2,8,0.6975447674367496,0,65,0
22,1,22,0.5232316677937467,14,134,0
33,0,7,0.01426519631391604,0,81,0
22,6,15,0.5573596473024371,13,24,0
44,7,8,0.8000363178899822,0,23,0
18,6,6,0.9074522294570416,10,109,0
7,0,10,0.9427182383611032,0,108,0
59,0,10,0.8263820068716942,0,40,0
32,1,17,0.5439223377502185,5,94,0
21,7,10,0.49100595453342105,7,165,0
42,2,8,0.4548649251924648,4,137,0
12,6,7,0.39482475745301404,3,102,0
14,2,6,0.511915345979708,4,103,0
21,3,20,0.3955799354642392,4,84,0
15,0,13,0.8943589074020595,0,19,0
13,5,3,0.9106377488732912,7,59,0
10,1,8,0.579401027081877,10,169,0
45,7,8,0.8694678253441017,4,53,0
14,0,18,0.8371735908983766,2,9,0
43,3,21,0.3684203323888813,8,102,0
44,4,20,0.23865412117723345,12,100,0
53,6,5,0.11848167750131157,3,142,0
9,1,20,0.8474352513378259,6,126,0
38,5,18,0.7032928616213339,17,150,0
31,3,2,0.6922899296428274,11,28,0
7,2,5,0.15643702299210235,7,94,0
50,2,7,0.5384685828078352,7,43,0
34,7,8,0.35768756299766025,4,164,0
18,1,10,0.7760660284540503,0,32,0
31,0,2,0.8810940648206661,3,134,0
23,3,12,0.543863111198161,2,158,0
44,3,20,0.9180371285815321,7,50,0
48,2,17,0.5780424687278378,5,71,0
35,6,10,0.6592277729717806,8,179,0
19,6,10,0.45598250706193433,3,163,0
8,1,17,0.9787721661225809,3,31,0
34,0,16,0.30092850906926694,0,135,0
12,2,22,0.6776417978330158,1,138,0
32,1,9,0.6186794791534687,10,198,0
55,1,16,0.5260817524801255,9,62,0
56,0,5,0.047202218241555655,6,62,0
34,1,6,0.3058640277996934,3,83,0
30,3,5,0.71418477443897,7,34,0
27,7,18,0.6327362609673672,6,135,0
20,5,3,0.5339284610609519,11,50,0
30,6,14,0.615339340665522,2,113,0
41,3,22,0.6522809231146247,11,130,0
55,4,17,0.3801447748424681,1,149,0
26,0,6,1.0,2,19,0
42,3,20,0.0,17,72,0
3,0,10,0.35872381784548213,0,165,0
46,6,18,0.3384811244235835,10,95,0
9,4,22,0.8535363670745277,9,52,0
13,4,18,0.35619113059177276,13,34,0
27,4,9,0.9422562723374927,4,51,0
17,1,14,0.923823913798705,14,25,0
19,4,10,0.1760445267250546,0,95,0
0,5,18,0.3957313103895286,0,49,0
26,3,18,0.9028061002083483,5,165,0
18,0,9,0.7673826399384693,7,31,0
38,5,8,0.893243875198985,1,63,0
25,2,17,0.5990052908712123,13,90,0
60,0,11,0.34240035526427715,7,54,0
57,0,14,0.4515533883537065,7,142,0
44,4,6,0.16980151489278444,7,49,0
52,4,14,0.4950229662909844,6,1,0
32,3,6,0.68129291332935,10,51,0
12,0,10,0.9851569507784627,4,17,0
23,0,20,0.9069909324588237,4,114,0
14,0,18,0.20613314572371774,12,144,0
28,7,16,0.4859664905686589,11,32,0
44,2,14,0.08271900024633742,0,30,0
24,7,7,1.0,11,72,0
10,7,9,0.6882884170948553,10,138,0
41,1,17,0.4950888467449001,11,158,0
25,7,16,0.9611191633128823,7,124,0
6,7,18,0.16885093607427862,6,159,1
35,5,20,0.9192379536654219,7,153,0
36,5,8,1.0,5,50,0
19,7,19,0.4317668507138212,15,43,0
43,2,5,0.8364933259817042,8,146,0
34,1,3,0.23112741958221028,6,86,0
32,3,20,0.6564758366854735,13,47,0
17,1,4,1.0,17,111,0
40,0,21,0.2845935132538356,2,160,0
6,2,15,0.859773641790321,1,176,0
48,0,21,0.8116958970075246,1,131,0
14,7,20,0.346011219782201,14,25,1
68,5,16,0.6028515449830518,6,6,0
28,2,9,0.5908253943030892,9,38,0
48,7,21,0.26704575163242233,11,99,0
7,7,16,0.19350678454312845,1,144,0
56,4,10,0.59061012193189,9,143,0
24,6,4,0.249792924405807,6,161,0
25,0,22,0.351207519510956,14,23,0
41,4,15,0.9907143716552034,14,152,0
24,4,14,0.5564981139671454,4,71,0
53,6,18,0.524791605528554,9,106,0
42,1,21,0.8019508502984394,2,118,0
56,5,16,1.0,4,30,0
44,4,3,1.0,8,161,0
34,0,14,0.2333043267055071,2,148,0
31,4,7,1.0,10,146,0
35,1,4,0.9060485662460956,6,148,0
19,7,7,1.0,14,62,0
5,1,17,0.49446557370881894,4,79,0
34,7,6,0.9770859143739109,0,17,0
24,5,7,0.0765059447578393,9,176,0
18,0,13,0.8566520571235964,11,55,0
39,0,13,0.34317772716036943,10,154,0
19,5,19,0.45234431107763456,12,68,0
8,1,15,0.6874612524619774,8,74,0
52,1,12,0.7511431267853933,7,150,0
27,3,23,0.25952569487692123,6,115,0
19,7,14,0.8296361334930741,4,164,0
39,0,8,0.5889871635986926,7,53,0
21,2,20,0.8059450832220748,12,36,0
12,5,13,0.344642640464233,12,71,0
27,6,8,0.24068980520583116,1,47,0
12,6,6,0.48821388517204956,8,67,0
20,1,12,0.11335794057690196,2,97,0
46,4,8,0.5222298427889956,1,144,0
30,7,11,0.49262604849104336,2,25,0
42,4,3,0.9139250104413805,9,110,0
47,6,15,0.11320252300690636,5,174,0
23,7,10,0.4887085274809182,15,106,0
7,1,13,0.8699119719339488,4,136,0
4,0,18,0.8128150606588607,0,55,0
61,0,19,0.18487119465302518,10,101,0
14,1,5,0.9965416949584783,14,104,0
60,3,8,0.5199352514042574,2,151,0
40,3,5,0.6752609946009306,1,47,0
13,1,5,0.5627378322005542,6,173,0
17,3,23,0.1877284724349036,12,70,0
36,6,9,0.8017250467844941,6,123,0
29,4,1,1.0,4,131,0
41,5,7,0.7785721618373563,5,123,0
25,0,21,0.4405510856407084,12,86,0
37,7,5,0.4551325429698458,0,45,0
15,3,20,0.10773793837394774,15,5,0
12,3,13,0.4710067728724877,0,83,0
15,2,17,0.49611335124451905,6,132,0
51,2,13,0.9157376803297589,7,161,0
38,0,15,0.5677594064350415,9,163,0
5,2,15,0.1788815265618363,5,1,0
21,3,15,0.29993116295301603,7,128,0
52,4,7,0.06352585140617373,3,137,0
4,4,20,0.7976025628588377,4,25,0
11,0,19,0.8405941236030068,2,14,0
56,4,5,0.7492724123078706,0,180,0
60,0,18,0.7524104526098189,8,131,0
40,0,7,1.0,6,87,0
53,0,11,0.11003475809153203,10,58,0
43,2,20,0.8053688271929688,10,51,0
15,0,20,0.9894621197568466,0,1,0
13,7,12,0.971277396769136,13,30,0
17,6,9,0.6804201780936817,10,32,0
20,0,14,0.6783431707979847,7,26,0
35,1,18,0.23571760186856036,0,149,0
43,4,9,0.41847014294709367,11,123,0
50,7,9,0.6397388311796033,5,147,0
22,2,13,0.9228929485290175,16,17,0
23,2,21,0.7399790611285184,0,173,0
15,0,22,0.605303050744611,12,95,0
20,1,21,0.10588813261010196,5,4,0
20,1,7,0.4230102758375621,0,71,0
22,1,10,0.44656554018842276,3,153,0
12,4,11,0.6358448842571371,8,123,0
7,6,15,0.8715967216861444,1,64,0
13,6,8,0.2847761486970105,7,110,0
34,7,6,0.33530902094547055,4,25,0
58,4,7,0.34148523558413024,10,113,0
42,4,14,0.9512510639124604,13,103,0
41,7,3,0.27676837567524787,0,1,0
38,0,15,0.12653627420893965,0,143,0
38,6,5,0.26890556360887785,0,87,0
34,6,21,0.5422589194491105,6,99,0
23,3,21,0.07837460230231008,9,140,0
26,4,2,0.9237577230224846,6,133,0
41,1,7,0.8895241533259864,2,54,0
48,7,10,0.8865608396867753,6,57,0
44,6,8,0.1953493215893675,5,64,0
50,2,16,0.5799723442988296,3,54,0
47,1,4,0.310467671869719,4,176,0
34,2,13,0.9117845327480784,4,178,0
16,7,9,0.26505056707329444,6,176,0
32,4,12,0.15252693478619272,0,31,0
9,0,18,0.4126389725457142,0,121,0
52,0,13,0.9602460168970166,5,121,0
45,7,17,0.7548488561921879,17,151,0
40,3,18,0.7843476486311458,12,135,0
25,2,17,0.34131488987727887,2,187,0
48,3,16,0.31948848334413305,3,145,0
21,3,20,0.5265790071367079,4,120,0
37,2,11,0.5813143629553288,16,147,0
51,1,4,0.2641705836809452,10,143,0
36,5,8,0.4536632067258401,7,57,0
32,5,9,1.0,4,170,0
0,2,9,0.4676073767533788,0,54,0
42,0,20,0.9340599194662478,14,185,0
26,1,1,0.684409143746782,5,170,0
0,7,8,0.14795703216144188,0,78,0
53,2,14,0.6448318080622761,3,43,0
46,4,7,0.09504053330414547,11,52,0
47,0,9,0.5672840934960651,7,157,0
14,4,19,0.2608057461217561,14,34,0
8,0,18,0.4414674464040687,8,112,0
20,0,10,0.6239639536685313,6,61,0
15,2,21,0.14452934349522906,15,119,0
44,7,13,0.17576889852467625,14,42,0
33,7,2,0.8601980922475716,1,10,0
43,7,7,0.5817440439313741,5,76,0
47,7,7,0.5106640748180895,1,16,0
20,7,18,0.5694807128606889,15,45,0
13,0,12,0.3852413791067756,7,31,0
51,6,7,0.42069387560287097,0,28,0
15,3,11,0.38775933600995394,15,78,0
62,0,3,0.850768369935869,0,146,0
70,0,16,0.8925682031116702,3,123,0
0,0,18,0.47105702329326127,0,104,0
65,7,20,1.0,9,170,0
4,7,20,0.07690772992678126,4,62,1
16,1,10,0.27193842989207584,5,144,0
13,2,11,0.3262399176992455,13,11,0
63,0,5,0.5928728290693024,6,30,0
46,0,16,0.8581539938031291,10,45,0
56,6,13,0.3708726047000776,13,41,0
6,6,7,0.4326128913698738,5,63,0
26,0,18,0.22707777262040477,12,151,0
39,2,6,0.3113368093100496,9,163,0
16,0,21,0.608058186347293,7,104,0
41,4,16,0.7505388311611948,10,52,0
15,0,16,0.021945666990893314,5,22,0
60,4,4,0.2969821768650584,11,116,0
48,0,11,0.6137033455253378,4,163,0
0,7,12,0.694412364616247,0,32,0
16,7,17,0.9377881348251847,1,162,0
11,7,5,0.5192137813566777,9,64,0
63,4,6,0.9789951001397567,5,48,0
28,3,14,0.2337205453359636,3,89,0
25,4,8,0.4511447546915109,10,64,0
14,3,18,0.9543573267846003,7,41,0
47,1,21,0.7156249422998964,7,103,0
1,2,13,0.47228941191103324,0,81,0
27,7,8,0.6935221932158324,3,10,0
10,5,19,0.08555979399942715,5,20,0
20,0,19,0.11914129617422681,9,13,0
66,6,21,0.2235248466091673,7,10,0
5,5,14,1.0,5,50,0
33,4,7,0.8259887837434198,12,31,0
30,6,9,0.48483614903543154,10,77,0
45,7,20,0.24631031464166941,10,130,0
5,2,5,0.5661342992375837,4,20,0
8,6,19,0.4272942484563095,8,131,0
50,5,18,0.48257155492865444,4,91,0
5,2,13,0.08623134069818911,3,124,0
49,7,18,0.37257052011207636,14,118,0
25,4,9,0.40488183929222515,0,180,0
12,3,9,0.33960967069200043,12,152,0
59,3,21,0.8206785114580408,14,186,0
16,3,18,0.46998722878696,4,68,0
48,4,13,0.8010024603626824,11,160,0
12,0,21,0.007008978367027574,12,147,0
36,6,3,0.8303196638994249,1,23,0
19,2,15,0.9784215919666129,1,49,0
28,5,13,0.9038586207905218,2,127,0
33,5,11,0.6517546061031341,9,77,0
2,4,21,0.3300311429238906,2,92,0
4,0,18,0.8268894015821061,4,151,0
61,0,3,0.792394606596723,0,143,0
21,2,14,0.06607454229711686,0,70,0
27,1,21,0.433969599854338,11,88,0
48,3,23,0.30121925006483624,7,129,0
41,5,6,0.6667769425819533,10,127,0
16,1,16,0.34231882526535784,15,24,0
22,5,9,0.6094983283241739,10,40,0
39,3,9,0.21282949530000594,11,45,0
23,0,12,0.4988897922402872,8,20,0
25,0,5,0.9277976494683762,0,13,0
35,3,22,0.49683091082335124,7,116,0
10,1,21,0.25140815446915765,0,125,0
34,0,2,0.9536483316223435,2,128,0
1,2,13,0.3122908764060774,1,75,0
32,1,12,0.08546014226262282,0,58,0
54,0,7,0.8908627059978065,13,7,0
53,2,7,0.681270702012848,3,24,0
24,0,6,1.0,0,13,0
54,0,10,0.598509490376737,9,72,0
41,1,23,0.7796279740192089,2,110,0
42,5,7,0.8700902225789326,10,54,0
9,3,18,0.5093525343771655,3,12,0
56,0,15,0.46295555595295257,3,163,0
17,1,14,0.5013146637386579,2,65,0
41,1,21,0.7263629565810081,0,115,0
5,0,12,0.2535072968421268,2,146,0
13,7,8,0.50373995917301,9,159,0
18,0,21,0.6996172043285903,10,93,0
11,5,10,0.6441960722537626,0,70,0
34,0,10,0.4204362717598934,5,149,0
19,7,13,1.0,5,169,0
1,0,20,0.827255603371453,1,73,0
34,1,15,0.6504599573994689,13,41,0
8,1,11,0.6299742387935277,6,110,0
53,2,6,0.7471477868455029,16,38,0
42,2,11,0.48561932224323473,10,192,0
9,6,14,0.779025015731463,8,35,0
46,4,10,0.8415379968737384,14,161,0
9,2,20,0.47747678121999204,9,150,0
10,0,17,1.0,3,14,0
19,7,5,0.7228267642124379,8,54,0
36,3,23,0.7218355668607223,5,99,0
39,7,17,0.29728830049843386,5,112,0
37,4,11,0.3537020532809989,5,24,0
59,0,17,0.3322667925391447,13,114,0
40,6,14,0.26652811202572435,1,37,0
57,0,16,0.8429785952016502,11,21,0
34,0,20,0.40071782874356815,13,76,0
4,1,2,0.4877563084567118,2,16,0
52,0,5,0.12855702469685965,3,51,0
18,2,11,0.31077721252628704,10,20,0
9,0,20,0.9447917694775456,0,89,0
40,1,23,0.9849166153425939,2,119,0
23,1,23,0.835759668168195,3,21,0
13,7,19,0.5252831262394535,13,48,1
27,0,6,0.814530717435598,1,18,0
40,1,20,0.3858697793630643,3,148,0
13,3,21,0.5524526844692507,12,82,0
51,6,16,1.0,8,124,0
50,5,15,0.48046878294658407,4,17,0
57,6,14,1.0,9,99,0
57,0,10,0.6470177492629904,6,18,0
5,0,14,0.5927196074367886,2,62,0
7,5,6,0.1986345448698862,0,45,0
37,2,19,0.15081276133212126,6,113,0
22,3,6,0.9139409224498758,6,38,0
35,3,3,0.15734685660942738,6,156,0
25,0,22,0.5633664208392909,14,43,0
43,1,8,1.0,1,73,0
47,3,7,0.5478185553547972,0,148,0
35,5,4,0.2024645888218798,12,127,0
44,3,17,0.7557505220587122,10,59,0
38,1,4,0.8725948766209085,2,153,0
28,0,23,0.3393880315159076,6,67,0
65,7,23,0.8372994698063895,10,170,0
34,3,5,0.8343418311279865,6,141,0
0,2,8,0.350946289846344,0,97,0
5,3,9,0.5131704904146211,1,55,0
48,0,16,0.8128385965104692,4,138,0
57,1,11,0.1839208693846937,15,54,0
32,4,8,0.8216793956774613,13,45,0
6,4,10,0.7518676286990486,6,167,0
13,5,5,0.2505862107135787,13,102,0
46,3,7,0.5068470105455836,9,181,0
50,7,3,0.21456621768974204,1,169,0
11,6,11,0.6620254027037676,5,70,0
17,0,10,0.6812778960875389,0,45,0
0,2,13,0.7724649051155683,0,81,0
56,5,6,0.29406598554285984,10,55,0
53,3,18,0.5664161485721773,6,90,0
24,3,17,0.34802992320624754,13,40,0
7,0,7,0.5230169724127124,7,1,0
20,7,8,0.5027767233221467,7,65,0
46,6,2,0.43551921924778914,0,31,0
59,1,8,0.6683347309014248,4,30,0
19,0,13,0.8801926925984962,0,33,0
11,6,21,0.4634269499151927,11,56,0
22,0,19,0.9512240151862772,5,142,0
33,5,4,0.8754028487701095,11,42,0
31,1,19,0.33392390558241036,10,63,0
56,6,22,0.2297674312341313,7,18,0
43,4,6,0.15692737746903465,8,46,0
43,3,6,0.5370694421885935,1,150,0
52,0,21,0.15038994312215448,19,88,0
57,0,13,0.2845936929197036,11,58,0
29,6,18,1.0,10,162,0
16,2,5,0.1617618730874098,1,95,0
2,5,17,0.46036240930868244,2,43,0
60,0,16,0.8348617631324985,5,132,0
36,6,21,0.48265748661213365,7,137,0
59,0,7,0.8570813136894271,1,160,0
46,4,16,0.7647378414823214,8,133,0
18,0,4,0.5849901237269737,11,179,0
22,0,21,0.8313716912145039,14,45,0
26,0,20,0.6285971155714876,14,37,0
47,3,7,0.7569957759753745,5,142,0
9,0,9,0.5736807811901108,9,167,0
5,3,21,0.19055987292845827,4,114,0
12,0,6,0.5940319038902034,6,5,0
29,7,6,0.02854461732926422,7,165,0
42,6,7,0.9347029253626781,5,29,0
13,1,15,0.8513162411026801,0,51,0
9,7,22,0.7305080072829004,0,162,0
66,0,21,0.016446362647096757,12,100,0
54,2,23,0.08292031575691647,13,71,0
56,2,19,0.37504299793716384,15,92,0
59,3,16,0.9486076014103222,3,33,0
46,6,6,0.5575078119464915,7,33,0
24,7,13,0.5952638343760844,11,60,0
69,0,8,0.35738863518025277,7,65,0
28,5,6,0.9512489687447232,5,133,0
18,4,11,0.47885537683104185,5,149,0
65,2,13,0.9353577307191493,11,20,0
13,1,23,0.6013813987846849,6,145,0
30,0,23,0.24116522006572355,11,143,0
14,1,20,0.32404597276483804,14,137,0
36,0,4,0.1122020066532621,2,98,0
40,2,19,0.5429303111486736,13,52,0
41,2,21,0.706670884724737,6,104,0
22,2,17,0.728540576297931,8,39,0
45,5,10,0.08796418092350422,3,162,0
16,0,22,0.26834542517910914,6,62,0
32,2,6,0.8731375696949453,9,66,0
10,2,10,0.5757406490284265,6,166,0
68,6,22,0.2949603125856083,5,27,0
5,7,18,0.6476672189044117,3,53,0
13,3,14,0.859016040116434,0,49,0
7,0,6,0.4694397264223057,4,12,0
59,0,16,0.3067567231318711,10,96,0
14,0,5,0.9144569682420243,14,113,0
44,0,7,0.6761198576727423,3,71,0
21,2,16,0.6395697324983345,3,29,0
25,0,19,0.9226760702853282,13,43,0
34,1,18,0.7548498969426494,10,43,0
47,4,6,0.4633158425249555,1,162,0
38,5,3,0.9741223006625909,1,47,0
35,1,21,0.42265538806477954,10,86,0
1,2,19,0.8940608061384013,0,80,0
6,6,13,0.6165237535213538,1,37,0
12,3,19,0.797924508910617,12,45,0
17,0,20,0.9952687083316898,5,136,0
35,6,9,0.7742383542697879,2,29,0
43,6,5,0.8491117202145942,0,157,0
0,0,16,1.0,0,124,0
39,4,11,1.0,3,159,0
6,2,6,0.5133171812301456,1,104,0
62,3,9,0.5443805397610374,0,161,0
57,4,8,0.5290892431512486,3,134,0
6,1,21,0.3272332968076448,6,134,0
33,2,16,0.6593544559869927,11,36,0
61,2,15,0.8337620486520438,6,122,0
0,5,7,0.5694997589365548,0,67,0
20,7,8,0.7917848293796906,10,40,0
17,7,13,0.668188950273473,8,156,0
52,7,16,1.0,7,114,0
10,4,4,0.5442533410924899,10,121,0
38,1,16,0.8342037294188374,9,174,0
2,5,6,0.3445314013192592,0,59,0
52,6,14,0.9815122213979519,10,112,0
6,0,6,0.5386089116685965,6,4,0
32,7,18,0.506046711365867,9,33,0
21,2,17,0.7503711642582113,0,153,0
36,6,0,0.18370063980087473,11,156,0
46,5,18,0.33827283231656147,9,109,0
62,2,4,0.3510733115298322,12,115,0
60,4,13,1.0,3,6,0
16,0,5,0.9932566078230919,16,119,0
3,4,16,0.6760406702611214,3,58,0
5,7,15,0.1793178361216649,2,153,0
23,0,10,0.6377407302842951,3,70,0
61,2,14,0.1698398465788048,13,81,0
61,7,23,0.8082578814006458,8,162,0
15,1,8,0.33216345087474275,2,83,0
10,6,18,0.2681268317004301,4,25,0
61,3,9,0.7638751982942107,3,159,0
11,0,3,0.8594521369827007,3,17,0
16,2,4,0.5464366889616777,11,167,0
31,5,19,0.895745384420233,11,162,0
8,3,20,0.16122631604561816,8,149,0
36,2,21,0.35429778347767127,5,92,0
60,0,3,0.4635321649472799,1,151,0
56,1,19,0.27442714848278116,8,151,0
11,2,17,0.05110138529700911,11,12,0
46,2,4,0.210918037458793,11,138,0
32,0,2,0.7871318413806475,5,129,0
35,4,9,0.39704902800354397,9,149,0
30,3,14,0.35901350766517903,7,120,0
38,4,6,0.08367675508276347,7,76,0
22,6,16,0.6500176438044222,9,70,0
32,2,6,0.841417473166294,3,134,0
2,4,19,1.0,2,22,0
23,1,10,0.5554730587899022,5,127,0
37,6,6,0.827160191736296,15,21,0
5,7,20,0.10091151825222082,5,63,1
4,7,11,0.7194657756655221,2,63,0
24,1,18,0.7170564322820145,14,41,0
12,3,12,0.3145544996055831,12,81,0
7,4,13,0.8034708440262752,7,52,0
26,2,5,1.0,12,31,0
24,4,5,0.5269887262305548,6,142,0
18,6,19,0.5836590020083889,14,53,0
18,0,15,0.8743517109975357,14,91,0
29,6,8,0.17110804483081593,9,167,0
11,3,18,0.9543549440232639,1,170,0
23,6,10,0.994460848945891,0,119,0
20,2,23,0.8476695663880788,2,147,0
25,0,14,0.834075650278572,12,18,0
40,5,6,0.8713165296112515,2,35,0
29,2,23,0.379004803381796,8,91,0
3,7,2,0.10664387012624742,3,54,0
2,0,13,0.7742946496537918,0,87,0
17,2,12,0.2698823182045409,7,87,0
23,4,20,0.4905090732049376,11,78,0
14,7,9,0.7755624472095961,14,129,0
37,5,12,0.0648454970964446,1,36,0
30,6,6,0.8710484468207479,8,23,0
16,5,13,0.878211696006581,6,121,0
56,6,18,0.6342382909507456,5,83,0
10,2,23,0.2285218712105303,10,21,0
41,3,12,0.716011138278525,8,58,0
20,4,20,0.3683202886456498,10,10,0
58,0,11,0.9502511979840449,11,139,0
53,7,15,0.5451752528367978,5,23,0
64,3,7,0.15704602115852634,15,110,0
50,3,13,0.14416461192359747,10,41,0
15,7,21,0.5233166422514899,15,34,1
39,6,12,0.7869851329447117,8,9,0
9,7,4,0.06359383835857299,9,73,1
10,7,7,0.8445801574917564,10,36,0
30,6,11,0.2872988604131335,4,187,0
15,0,14,0.9734190129854782,4,16,0
35,7,4,0.07055029236734467,10,26,0
45,5,20,0.3427534019951198,6,113,0
24,0,19,0.4414337668417773,3,160,0
43,0,13,0.9029945843688054,5,97,0
24,0,23,0.5775748480171125,7,106,0
43,6,5,0.270642473164346,7,65,0
34,4,5,0.7378918214518133,13,25,0
60,4,15,0.5821746618408964,7,1,0
29,0,23,0.3673340018462996,11,86,0
34,1,21,0.13659750977585014,12,114,0
58,0,0,0.8986286650521575,0,141,0
28,3,19,0.8646091326159344,8,50,0
53,1,23,0.34218356303330455,15,86,0
20,0,6,1.0,0,22,0
14,0,8,0.5988291474760157,7,117,0
31,0,18,0.6198365327440668,12,50,0
56,1,20,0.4409568893556023,7,96,0
25,0,19,0.5155406736402286,0,81,0
43,6,18,0.6862637100342834,8,130,0
54,7,9,0.8704430559050745,6,127,0
43,5,7,0.5804060562745328,5,115,0
44,0,20,1.0,15,160,0
50,1,10,0.4553200577367523,5,143,0
23,0,20,0.974299594371813,10,29,0
12,5,8,0.17274048348206122,8,152,0
14,3,23,0.5141328984299489,4,97,0
4,6,11,1.0,4,142,0
7,3,18,0.7402337659118611,3,131,0
44,2,7,0.6694221615883507,0,157,0
31,5,4,1.0,8,145,0
49,4,6,0.4052186900371439,9,192,0
41,3,7,0.9505454408904275,7,39,0
10,0,17,0.3602223030857506,10,150,0
59,1,8,0.7910665354655133,2,39,0
17,2,22,0.7748536744196375,6,1,0
42,0,15,0.5840887927159257,9,49,0
46,2,12,0.5797547183390934,8,67,0
32,4,2,0.0,9,129,0
14,7,19,0.6861159921994144,11,41,0
54,0,20,0.5548988803151423,7,103,0
51,4,7,0.9720480665673158,0,46,0
32,1,8,0.5570736169807118,10,53,0
41,3,4,1.0,8,73,0
37,6,6,0.2180034431444903,0,4,0
18,3,19,0.8093867377886745,0,150,0
16,1,22,0.7374519559221374,3,81,0
62,2,17,0.4801992448750335,7,5,0
29,4,2,0.9090959468752556,11,21,0
47,1,20,0.3212264048956513,6,88,0
10,6,10,0.5198257497098598,5,192,0
11,3,8,1.0,11,23,0
14,0,14,0.9827957420552295,14,42,0
22,6,10,0.0455829279958582,0,104,0
59,0,2,0.8270103316099189,3,125,0
28,5,15,0.6800612838938737,7,69,0
53,0,5,0.2922066339404954,1,69,0
55,0,13,0.38575643469073323,9,165,0
39,6,8,0.03556265086094823,16,29,0
27,1,5,0.7027074720117261,5,122,0
55,5,7,0.47147534107338146,8,128,0
22,6,18,0.8097891749242471,0,156,0
49,5,9,0.4190614699085266,5,133,0
58,1,11,0.870011026896489,8,125,0
43,2,16,0.5312674358553557,11,150,0
31,0,19,0.3315746080285704,3,108,0
22,4,16,0.811183851764832,3,123,0
51,4,7,0.2956323818909391,4,71,0
42,4,4,0.7186850351263149,5,126,0
11,0,12,0.2713619983703327,2,143,0
31,0,20,0.9994240441455038,0,108,0
30,3,18,0.41417610925433657,0,183,0
10,0,21,0.7548522420667695,0,96,0
8,3,10,0.6170046515749281,8,35,0
61,0,9,0.46403515407444323,13,58,0
49,2,12,0.5334076563634929,14,141,0
36,1,15,0.37750641140949415,0,159,0
37,2,23,0.22417922086067416,6,131,0
38,3,16,0.5954189936145838,13,58,0
33,7,11,0.8212885265079326,2,22,0
33,0,22,0.510385977270127,12,80,0
7,7,6,0.7254148129798875,5,62,0
6,0,5,0.1837616078978973,6,84,0
35,0,8,0.7748149394437247,4,37,0
6,2,13,1.0,3,172,0
49,0,14,1.0,6,124,0
8,7,15,0.7161474626979896,2,38,0
53,3,6,1.0,3,73,0
56,6,14,0.08388835522990265,14,82,0
46,0,7,1.0,1,55,0
18,2,21,0.9068338261105721,5,5,0
58,0,5,0.13162078551923534,4,63,0
8,3,3,1.0,8,41,0
18,0,6,0.6349250425581942,11,157,0
33,6,8,0.6665220631427198,3,99,0
70,3,6,0.4352960596006812,6,51,0
35,6,5,0.6466067835156637,8,77,0
50,6,14,0.36567990955890595,10,45,0
22,0,16,0.30661278762053823,10,13,0
60,2,11,0.8117342704038899,1,6,0
34,6,3,0.0,12,26,0
1,0,15,0.9223013252654273,1,123,0
22,5,21,0.36227696119239394,7,82,0
4,7,16,0.3582739467580383,1,27,0
14,4,8,0.7422481152808393,14,118,0
48,4,12,0.6308898704051176,2,49,0
25,5,22,0.39786466609106946,9,61,0
52,7,4,0.6311963517572641,0,164,0
30,5,5,0.22084160812334697,14,51,0
48,7,8,0.8982595539566302,12,155,0
39,3,21,0.08545918487789314,15,89,0
36,4,19,0.8911465342450549,13,150,0
29,0,18,0.6966364842857192,11,27,0
44,4,18,0.2474613252464946,7,144,0
5,0,12,0.8471504554035842,5,67,0
9,4,8,1.0,9,51,0
45,4,9,0.46956081468695937,3,128,0
43,5,5,0.38738157114979666,0,21,0
5,4,10,1.0,5,181,0
45,4,4,0.7410666525905886,0,72,0
39,1,4,0.71412139362941,8,126,0
33,3,2,0.5992119224947848,9,49,0
8,3,2,0.5535054653754671,6,93,0
19,0,8,0.4860221898652695,6,175,0
21,0,9,0.6698005277599139,7,10,0
1,2,18,0.9727911322091243,1,80,0
21,4,19,0.42016744007851564,1,169,0
29,3,6,0.40080556629890896,9,53,0
10,0,9,0.5172884419703493,9,8,0
10,7,16,0.4320798087434924,0,11,0
4,3,15,1.0,4,24,0
33,3,0,1.0,2,135,0
51,5,4,0.7356613516404102,1,160,0
42,0,10,0.5167013734334415,9,150,0
31,0,7,0.7073378931700836,5,159,0
8,0,20,0.4739431625824973,2,125,0
61,2,20,0.2450081085553527,9,93,0
26,1,19,0.4814669605654858,11,119,0
26,6,15,0.8902385172965916,2,146,0
66,0,13,0.13565757319576013,14,64,0
30,2,10,0.5343509580956038,17,131,0
5,5,14,0.7789625224487802,5,52,0
13,3,19,0.09134351220353289,13,7,0
62,4,16,0.4976823482569423,6,6,0
8,0,7,0.704353296752761,8,106,0
47,3,7,0.9383035308448652,0,75,0
21,1,17,0.2085232597866202,5,129,0
8,0,16,0.6609575741537703,7,111,0
18,0,22,0.7480431871285027,15,21,0
48,2,5,0.24588507898957374,11,52,0
5,0,8,0.3212373699912993,5,21,0
20,4,10,0.15790432282519287,0,100,0
29,7,18,0.39490150866755425,5,117,0
31,0,14,0.5073942005438167,13,113,0
14,0,14,0.37288709224272737,2,130,0
23,0,14,0.6694535540528155,14,45,0
29,1,13,0.011868951452882748,5,69,0
28,2,19,0.0,12,95,0
24,4,21,0.2063368668558975,9,67,0
46,3,13,0.702161383991298,14,162,0
15,1,20,0.22151275516526303,8,30,0
27,3,21,0.9676458964219957,1,164,0
36,2,22,0.8101979710894376,1,96,0
0,2,13,0.41002650902096033,0,80,0
14,6,17,0.5989467637004029,0,116,0
44,1,20,0.9112932974298602,6,25,0
41,1,20,0.896283725463869,8,185,0
64,4,19,0.3567989877206607,7,28,0
11,0,5,0.5048323825350174,2,17,0
12,5,11,0.6642952159122655,10,34,0
22,0,23,0.25901894229465006,11,159,0
34,2,22,0.4106820428384777,14,71,0
58,3,3,0.4793688827013536,9,42,0
52,1,5,0.7668113237567933,1,66,0
27,0,13,0.5582941373352573,10,90,0
12,4,15,0.8733025294351558,0,50,0
12,5,9,0.5342060011053045,8,59,0
20,7,10,0.7309834294574135,12,121,0
31,0,7,0.26870757304626275,8,181,0
48,5,3,0.15185431472413005,7,86,0
14,1,6,0.45730845941822407,6,21,0
34,3,21,0.6653168226663648,7,91,0
42,5,15,0.024022577621867366,6,164,0
38,7,9,0.8321713143520595,3,41,0
53,7,4,0.7438085131825602,2,143,0
31,1,15,0.7262658942137291,12,112,0
4,0,11,0.11988012739585374,2,150,0
40,5,10,0.8415646149760152,12,145,0
48,3,14,1.0,10,155,0
8,0,17,0.9970480533100047,0,20,0
52,3,4,0.6614230980403004,0,64,0
3,1,8,0.5257375298360831,3,33,0
4,7,13,0.17811263678992278,3,158,0
15,6,18,0.34419286075447164,15,46,1
31,2,16,0.2822916211735206,9,118,0
57,4,6,0.2331987802047356,14,108,0
43,7,2,0.46354436306542157,1,22,0
31,5,5,0.3998608978553858,2,170,0
44,5,20,0.4579761745972396,0,123,0
10,0,20,0.20704509025223247,5,25,0
50,3,9,0.2105868034415627,7,165,0
0,0,23,0.9885023149679866,0,77,0
22,6,19,0.8508362159381202,10,39,0
38,7,7,1.0,5,44,0
58,0,7,0.5457294748952798,4,45,0
10,2,15,0.30094789347833234,10,18,0
29,2,15,0.28218890994990936,0,144,0
37,3,3,0.2081755859729102,0,73,0
4,7,18,0.6775499053793157,2,30,0
45,0,12,0.4581411338445094,7,161,0
20,5,13,0.9886980264190622,7,113,0
10,6,9,0.6260252766459856,6,84,0
23,0,21,0.7936876512413082,0,18,0
15,2,3,0.6878525622184144,12,30,0
53,1,8,0.3366140314885314,1,150,0
43,5,6,0.218576341954976,9,23,0
50,1,13,0.373749208807179,4,150,0
46,1,22,0.0664916599955217,13,60,0
26,0,18,0.5447261763800028,12,67,0
42,0,14,0.4543281914424415,3,69,0
14,1,20,0.20464286055526745,12,9,0
61,0,0,0.7889017819513079,2,134,0
22,0,20,0.8664306428336925,14,36,0
50,1,19,0.9537415998021802,14,153,0
60,0,20,0.8108403595210536,10,154,0
14,0,12,0.9216180568522818,5,20,0
12,2,8,0.14172032520495867,9,71,0
63,3,16,1.0,3,22,0
18,4,23,0.8009609313617208,4,20,0
55,0,3,0.6066164292827546,2,149,0
61,3,13,0.22256633787940877,11,69,0
12,2,4,0.6502643063990773,12,122,0
30,0,14,0.6156806441880541,12,113,0
45,3,5,0.8470518701519477,0,58,0
41,1,15,0.7449461904427643,5,70,0
32,5,8,0.6707621534135041,14,14,0
25,7,13,0.5331387878371863,5,117,0
47,5,21,0.36918564727961994,7,101,0
37,7,7,0.9861954406694531,3,32,0
56,1,16,0.8244702992248013,4,129,0
24,3,8,0.31819318233354343,0,69,0
32,0,15,0.21798436778551672,13,91,0
11,1,23,0.5373148617045227,11,156,0
36,1,7,0.7110961466705225,0,151,0
39,6,15,0.13951187430330994,7,167,0
42,3,19,0.042224664315177185,11,79,0
21,4,15,0.15093293210584888,9,115,0
20,5,20,0.5647122134815403,11,32,0
62,0,4,0.3172396165026698,2,73,0
20,2,20,0.8793678872950681,0,1,0
43,4,5,0.9289248820141881,9,68,0
62,1,9,0.46748320829967643,10,49,0
23,3,19,1.0,3,158,0
22,1,19,0.593206578019124,0,171,0
6,5,23,0.6418569117900754,6,83,0
50,7,20,0.2643769797328399,7,120,0
27,7,6,0.9026768181977334,12,38,0
19,2,13,0.4291647009842711,5,85,0
32,6,10,0.8795817343230012,4,112,0
9,1,16,0.4493935407331518,5,113,0
11,1,3,0.38404510163048583,7,147,0
20,7,14,0.4021840951229235,12,55,0
66,3,10,0.5189117603522304,5,158,0
26,1,23,0.6881708895111064,15,44,0
56,1,11,0.7557054001487127,8,157,0
59,6,18,0.5584648855259502,7,20,0
35,7,11,0.35113928968928365,4,67,0
29,2,15,0.6744465613258359,10,26,0
52,0,13,0.023925838222826956,13,76,0
45,3,6,0.21999928664076393,7,175,0
52,0,12,0.5755296288199804,3,87,0
25,7,15,0.5397889736653276,3,111,0
57,7,21,1.0,12,188,0
23,3,16,0.6088035552974206,10,52,0
13,4,11,0.7849378183385746,13,26,0
64,7,23,0.9009291539092157,10,159,0
49,6,16,0.45228382959060537,5,102,0
41,6,5,0.38523375187349657,3,9,0
23,0,19,0.6263198343309615,2,96,0
22,2,17,0.5315414228853315,14,13,0
4,0,21,0.628912799728058,4,114,0
41,2,23,0.9452388505510891,6,120,0
14,5,15,0.6830414144352855,5,163,0
40,6,12,0.7412574912641917,3,64,0
5,6,12,0.10188373702662197,5,157,0
43,1,21,0.34517683397029564,4,138,0
29,0,7,0.3833184668060645,4,113,0
41,4,11,0.6924772346370827,6,36,0
47,3,6,0.5618077367608252,1,119,0
36,4,7,1.0,5,36,0
27,3,12,0.4332325256369273,6,53,0
9,4,16,0.8352068741547949,4,171,0
18,1,16,0.7132837122631408,18,65,0
14,5,22,0.59946336808369,2,108,0
25,1,21,0.6354808649833711,2,18,0
25,1,6,0.5646939423955488,5,133,0
38,7,7,0.5567490603729313,6,71,0
13,6,13,0.13884946363291387,13,6,1
49,6,5,0.30911822357892094,2,171,0
40,3,7,0.9019272848725739,9,164,0
23,2,6,0.0711729046345542,5,98,0
52,0,10,0.6297449545503753,7,76,0
41,7,2,0.3071847878674252,0,35,0
40,6,19,0.0859169947051916,0,77,0
28,4,16,0.5405476571059418,8,53,0
40,5,4,0.008788362062658372,14,32,0
33,0,14,0.33660144507441886,12,117,0
25,5,4,0.2327580678049562,9,97,0
13,4,10,0.5807642200781349,4,54,0
18,0,6,0.25732228711779803,5,159,0
17,5,23,0.5138566249358867,9,108,0
12,5,20,0.6301897324516486,12,114,0
19,0,23,0.5520765237444274,7,95,0
46,4,22,0.8385007017865617,9,55,0
53,3,5,0.48952272849710876,15,53,0
32,2,10,0.6578903497109891,15,152,0
50,4,19,0.7176269657985269,4,127,0
27,3,8,0.26755552143329525,6,161,0
50,0,19,0.780510366065408,5,65,0
11,7,7,0.805224566227214,7,44,0
61,3,20,0.21491151694789395,11,98,0
28,3,3,0.6689979365359119,10,40,0
4,0,6,0.5486661460286664,4,17,0
52,5,6,0.7208657000684845,0,67,0
14,0,22,0.24104965084366703,8,54,0
4,2,15,0.11264710075375847,4,147,0
47,6,4,0.5137927897774933,1,159,0
32,7,6,0.2525404656653562,1,40,0
29,6,9,0.8354335718633122,0,37,0
36,2,20,0.337171193637912,1,139,0
26,0,10,0.8137819516088591,0,37,0
42,6,18,0.2909822123427861,10,112,0
62,2,5,0.992028311094561,3,44,0
11,0,15,0.9181849485158682,11,42,0
36,7,3,1.0,5,120,0
16,1,14,0.39349865174805965,10,14,0
25,0,23,0.410003729408409,12,72,0
30,2,9,0.6212219869211373,0,125,0
19,3,18,0.696245419760072,5,139,0
17,0,14,0.9949558756306456,14,43,0
22,7,14,0.6608818559744072,9,67,0
15,3,18,0.16271648257355406,15,9,0
17,2,13,1.0,14,26,0
20,1,23,0.5826912207166733,11,104,0
47,6,6,0.7838751399731981,0,79,0
5,0,18,1.0,0,79,0
15,0,14,0.5078420332047782,2,163,0
16,1,22,0.16189245416113585,11,143,0
21,0,19,0.9372616665677993,14,63,0
10,5,7,0.5826174434298682,10,116,0
4,0,17,0.7953456132883849,4,121,0
5,1,19,0.5697052597274148,0,141,0
37,2,4,0.25346922756766854,9,115,0
53,1,3,0.0,0,68,0
16,0,7,0.7074405793188288,5,187,0
11,5,9,0.4494847279080554,6,63,0
38,4,6,0.9293263059881278,0,164,0
14,6,10,0.8307344734250593,6,57,0
50,7,12,0.8419602380711566,14,101,0
21,0,18,0.6783740995118418,11,109,0
28,6,10,0.365377841453173,3,170,0
16,3,22,0.4332995398926815,0,13,0
19,0,13,0.9300078723559035,17,12,0
44,3,5,0.9101335697777071,2,116,0
14,2,13,0.8629118171739378,1,42,0
59,0,19,0.38679797174452424,5,158,0
17,1,12,0.6754089850519471,14,51,0
3,2,14,0.3540439606065937,1,65,0
10,0,22,0.5705387387018429,7,139,0
66,0,11,0.5986763476045116,5,140,0
15,7,11,0.814371163053304,3,170,0
32,0,16,0.15484832823550032,0,152,0
12,2,15,0.8762834532354016,0,1,0
34,4,16,0.45716976635553397,10,110,0
5,1,20,0.41155409043661656,5,94,0
9,1,22,1.0,9,49,0
55,6,10,0.9236725125194308,4,45,0
23,3,10,0.4336498286690222,6,158,0
50,6,11,0.11563940567655721,6,149,0
7,7,8,0.6070070675131755,7,76,0
47,6,10,1.0,14,155,0
53,5,5,0.03783922740377388,0,161,0
33,5,7,0.2803358959387632,10,60,0
52,5,8,0.8080445282452927,1,32,0
20,0,10,0.8210447172559743,10,178,0
33,2,3,0.20981463757253915,13,45,0
52,6,9,0.8997777564092866,16,154,0
55,1,17,0.21778747040816918,5,147,0
14,3,18,0.5630393866110923,4,126,0
38,4,5,0.2750751019789299,12,59,0
51,2,14,0.6724708644719144,4,158,0
17,6,7,0.6470346652362617,4,77,0
25,0,21,0.7907284505569774,2,69,0
41,5,7,0.3226003686183845,13,112,0
11,7,7,0.6128844466600656,5,76,0
7,1,18,0.155934316010442,6,116,0
28,6,4,0.7155472286151474,4,122,0
54,2,10,0.49305278772975747,7,60,0
12,5,20,0.46416685061456703,3,19,0
51,7,11,0.9389611763920117,9,152,0
10,1,18,0.6376129208156341,3,126,0
14,1,22,0.5884306115633541,5,5,0
26,7,9,0.8969997899018831,12,98,0
49,5,8,0.8769333392700727,0,79,0
61,6,23,0.9959968798786334,10,192,0
65,4,16,0.06566980654826216,13,89,0
28,0,4,0.11905014150390195,4,97,0
6,1,10,0.6019084550707992,6,120,0
24,7,15,0.62311764330783,4,101,0
29,2,12,0.7202842536355026,10,70,0
7,2,17,1.0,4,174,0
43,7,7,0.3149291575396462,9,45,0
4,2,21,0.9789033278044639,4,21,0
40,7,5,0.2285326501670139,10,51,0
14,4,17,0.8235820447803662,0,140,0
26,2,19,0.490163289804451,11,85,0
59,0,17,0.06785914899726311,12,88,0
39,3,21,1.0,3,104,0
26,4,17,0.29094443365255446,9,108,0
8,5,17,0.4773571154635005,8,126,0
7,3,17,0.5424649687397585,3,116,0
56,2,21,0.5931240262522911,12,153,0
3,2,17,0.19296575984495362,3,5,0
7,5,23,0.6449222509494725,7,95,0
20,0,18,0.7176256068885629,14,111,0
55,1,20,0.8589102159353709,2,154,0
62,5,8,0.9234558845886883,0,64,0
56,7,7,0.22866162406773496,0,160,0
0,3,10,0.6906714799323677,0,69,0
38,4,1,0.28758281099693994,2,11,0
65,0,10,0.5164851694560768,7,40,0
51,2,10,0.7925882408169653,4,53,0
35,4,11,0.6906529184162371,12,146,0
6,4,12,1.0,6,143,0
4,3,13,0.30356499618173916,4,155,0
42,6,12,0.7788994362164179,10,29,0
28,0,13,0.6449763349580641,1,57,0
34,3,6,0.29985812604894024,0,166,0
57,0,17,0.23709752603647027,10,56,0
3,7,12,0.612077091295995,3,27,0
10,0,13,0.8819860592752656,4,93,0
17,4,21,0.3801398615691283,12,156,0
41,3,22,0.4796146661431396,2,200,0
31,0,19,0.20105957471273223,7,102,0
46,3,16,0.28710865546490905,11,44,0
57,0,10,0.3834546278197329,13,46,0
9,3,7,0.7301118217032021,7,52,0
24,1,6,0.2621298456675367,11,44,0
45,0,20,0.5400619285910401,7,84,0
28,0,17,0.5440977087896086,9,125,0
57,0,16,0.797397729769253,4,121,0
14,4,10,0.5134631050565321,1,70,0
12,7,18,0.5279113981759278,12,44,0
38,4,1,0.5862025925309415,6,59,0
17,2,22,0.8606548650179968,4,123,0
32,3,10,0.39947354291176507,1,169,0
5,4,20,0.975102774640295,5,41,0
9,6,8,0.4238116694827193,9,53,0
55,3,9,0.8618824718665886,4,59,0
23,7,20,0.7771746957642415,1,166,0
42,1,21,0.7969393913160061,13,27,0
19,7,13,0.6168004585775311,9,51,0
32,0,10,0.25118971083708086,12,130,0
32,3,13,0.7561031040403938,1,130,0
14,0,23,0.7554097284980804,12,152,0
43,6,10,0.31682539214642796,11,130,0
58,4,17,1.0,4,17,0
6,2,21,0.9264954677853372,2,33,0
36,1,9,0.20668064981405115,0,69,0
26,4,10,0.3966024752036979,1,194,0
5,2,13,0.5159195776746989,0,98,0
45,6,23,0.17861845525438963,17,88,0
36,7,8,0.33618609099207364,3,35,0
9,4,6,0.7785129750493232,9,28,0
8,6,17,0.8651560505182557,5,39,0
7,7,23,0.05201442433101339,4,47,0
57,0,11,0.9840526244378817,13,23,0
49,3,22,0.9333829708030716,9,123,0
38,2,18,0.9621112153298088,7,60,0
22,0,23,0.9042431619391333,3,139,0
13,0,18,0.17839014927013797,7,161,0
69,1,15,1.0,14,44,0
39,1,19,0.47111142611251366,10,110,0
18,0,20,0.1088760830238589,8,19,0
11,0,10,0.9627334010436241,0,10,0
44,5,6,0.9116854527799936,2,46,0
56,0,6,0.8854977788696956,11,9,0
11,3,19,0.41604254313651007,3,142,0
26,2,22,0.6704177454805282,9,118,0
51,6,18,0.8163050206832996,14,154,0
37,5,9,0.6171310845214228,11,13,0
39,2,7,0.5473875704078599,9,180,0
32,3,23,0.763960627739656,1,175,0
43,0,22,0.509261660688311,3,99,0
12,3,18,0.4849935972717598,0,134,0
12,5,13,0.5864074791431416,5,92,0
8,2,22,0.3641421334743229,7,125,0
54,4,3,0.8246312668802744,0,58,0
17,0,11,0.17145467549882037,1,143,0
22,0,16,0.7706403859754363,12,45,0
42,6,15,0.7083527552712549,14,165,0
6,2,16,0.6809522615904735,6,140,0
46,3,15,0.6322364752971923,6,91,0
40,7,4,0.9148277231645496,5,120,0
8,6,2,0.695835123941317,5,65,0
5,4,10,0.5952833032205205,0,65,0
19,5,6,0.30951729874007083,8,169,0
47,3,23,0.2612371625103145,17,89,0
13,3,21,0.1462080199729123,13,1,0
40,5,7,0.9840422635589492,2,50,0
10,7,9,0.33815118885394674,9,103,0
30,0,11,0.2553311236284125,4,144,0
43,6,7,0.806145000524076,5,88,0
37,7,23,0.22400662072922395,0,78,0
5,2,15,0.2596607739874421,5,1,0
26,6,14,0.8182936929627465,7,114,0
53,3,23,0.5513267447312724,3,134,0
68,6,17,0.6981139935079715,14,162,0
61,0,19,0.04396797865298854,11,98,0
26,2,20,0.3171261367616335,11,24,0
3,0,10,0.4915894481826555,3,29,0
13,6,10,0.5078973374348735,5,66,0
14,2,4,0.5361357966826867,8,155,0
11,7,6,1.0,11,35,0
61,3,17,0.45293328462421706,6,20,0
64,0,10,0.8574482313233968,11,22,0
34,5,2,0.7758491073139374,12,27,0
6,6,11,0.37444760413934713,6,75,0
18,7,14,0.748560775723586,5,181,0
39,3,2,0.39345999687529293,10,133,0
31,0,12,0.2458489886726947,3,146,0
58,1,7,1.0,12,4,0
51,4,20,0.24309175393542337,8,6,0
0,0,21,0.629501111847721,0,111,0
7,0,21,0.7648242595100986,0,79,0
13,3,23,0.250439528928334,8,57,0
45,5,9,0.27321406976665275,13,31,0
33,6,7,0.3055439579279007,1,44,0
15,3,20,0.7024179639341702,4,125,0
8,3,12,0.8245754333399902,1,49,0
37,2,22,0.5565502251651766,5,173,0
30,0,21,0.6393464426782649,11,55,0
33,6,11,0.8261819392636884,9,1,0
54,5,11,0.9526778061022664,11,141,0
13,2,8,1.0,0,58,0
32,0,7,0.44816320710782065,4,126,0
58,3,23,0.81633089979376,2,151,0
27,4,7,0.25397283954521854,5,62,0
41,4,23,0.8673248130114157,9,132,0
32,2,4,0.6189678441203301,10,39,0
15,0,6,0.8914971822563195,15,104,0
63,1,15,0.6613132084430566,9,121,0
30,4,5,0.8994353932410848,0,24,0
19,4,11,0.01502442251184033,10,82,0
36,2,23,0.6549347060184695,10,92,0
13,0,9,0.4813093175991537,10,117,0
20,2,8,0.4225406611396325,11,136,0
57,4,7,0.947671317989387,0,33,0
17,0,18,0.09554413689012195,10,9,0
18,0,20,0.3873667506621053,11,63,0
19,5,23,1.0,1,144,0
44,2,21,0.24654713113491364,12,88,0
17,6,16,0.5311622132489666,11,13,0
11,1,9,0.6974052212399635,9,76,0
29,1,22,0.05849788354016808,13,162,0
49,2,16,0.7547106669076424,4,141,0
21,7,20,0.3716875281217601,10,38,0
12,7,7,0.7971984142984112,12,39,0
9,3,20,0.5326089766166754,9,104,0
13,4,13,0.5766173309722717,12,86,0
18,6,9,0.6072545756597958,18,109,0
40,1,17,0.9341754925854461,15,178,0
48,1,5,0.5172483475000683,9,180,0
21,4,20,0.4300964435345627,3,60,0
5,0,12,0.8652451878423604,0,108,0
50,2,8,0.8159879353118473,1,53,0
46,1,3,0.21303882494384357,8,131,0
9,1,20,0.8296736349566635,9,36,0
4,0,10,0.3612174045780806,0,30,0
51,5,9,0.991011562348221,6,75,0
52,3,10,0.6202005286877913,12,41,0
56,7,9,0.975777389956012,12,152,0
17,1,15,0.26715700404805515,13,31,0
60,6,16,0.5439235721614426,4,103,0
33,1,21,1.0,12,169,0
43,0,9,0.9148424881089793,4,125,0
36,4,13,0.6398372941335062,10,147,0
3,3,13,0.4675102960533813,2,75,0
42,7,10,0.7915568395265785,11,1,0
16,1,15,0.8863427544635116,12,33,0
41,0,10,1.0,8,102,0
11,1,10,0.2600204532685107,7,168,0
2,4,9,0.7044684099964341,2,79,0
13,2,5,0.9345641797523012,13,7,0
47,0,18,0.9304893568450427,10,38,0
4,4,9,0.720788809618557,0,77,0
20,6,19,0.09261513567947754,11,163,0
24,3,22,0.8571952390720958,10,44,0
14,1,21,0.2933535774791888,14,7,0
42,5,5,0.9084045311144084,8,141,0
10,4,18,0.9333881425017623,10,45,0
20,0,6,0.8041124293303009,0,24,0
53,0,20,0.6835347356959774,1,136,0
55,6,14,0.8371212640806549,13,111,0
24,7,8,0.9984066667280951,2,34,0
41,5,13,0.6949205935804875,14,147,0
40,4,8,0.4212155174735166,10,187,0
22,3,15,0.8095595894440925,12,29,0
59,7,21,0.22480784322617517,7,1,0
60,1,17,0.16496120378906154,10,70,0
2,0,15,0.4741656625645723,0,38,0
14,4,12,0.9334271527779031,2,33,0
48,0,11,0.65529112561452,4,174,0
56,4,15,1.0,2,13,0
3,5,9,0.715354722516189,3,66,0
7,6,15,0.2909713777028267,4,140,0
26,4,21,0.7421725116041553,0,161,0
49,1,13,0.6084665759771627,9,159,0
11,1,23,0.6214125771854466,9,94,0
14,1,11,0.198707428049424,0,88,0
57,3,5,0.00759150939620673,0,149,0
11,7,4,0.24514407305913136,11,61,1
16,1,14,0.7799563026497754,13,35,0
48,2,18,0.7100968908274579,13,41,0
7,7,9,0.13104923548974728,7,163,1
44,2,2,0.5733446400613355,2,121,0
56,7,5,0.27350696030947097,1,159,0
11,2,10,0.8804195574156503,1,2,0
60,0,20,0.4358563791889146,6,86,0
16,2,20,0.5538598596141662,13,88,0
16,7,19,0.8253529322966171,2,167,0
46,1,9,0.7099869849908439,12,153,0
16,5,7,0.4046121320537235,12,69,0
41,3,3,0.24626375777381185,11,153,0
37,1,18,0.8013245277704012,8,50,0
9,6,15,1.0,9,171,0
2,0,18,1.0,0,79,0
15,0,7,0.08837071378277561,8,159,0
37,2,10,0.24329077237201407,1,75,0
14,0,19,0.2885305751480195,14,145,0
32,3,18,1.0,6,163,0
2,0,18,0.5731851302627968,2,109,0
23,2,6,0.9018614587847276,3,23,0
62,0,16,0.7069340638652221,6,101,0
24,4,9,0.6651023177171618,10,97,0
22,6,13,0.6545711423353457,10,64,0
25,3,18,0.942752171620406,8,54,0
2,7,11,0.7449686604519369,1,42,0
34,5,10,0.42805322910096505,0,50,0
12,0,3,0.872530039727476,12,100,0
6,7,13,0.7844773884951968,5,52,0
26,6,2,0.800963431245791,15,60,0
28,2,20,0.9067327800829718,13,182,0
8,4,13,1.0,8,165,0
48,7,10,0.7214642223785397,4,74,0
50,6,17,0.244245426374541,12,106,0
32,4,6,0.7478938836897603,5,110,0
61,0,6,0.7722372224489829,0,153,0
1,2,12,0.315064435449926,0,80,0
35,1,23,0.7182160636705268,12,39,0
66,5,23,1.0,11,161,0
15,5,6,0.7898777878543954,14,109,0
58,0,20,0.23482277297395335,8,90,0
47,5,12,0.773463677142774,2,46,0
48,0,6,0.8902634293413945,12,9,0
10,7,5,0.8902295720206768,6,39,0
44,2,14,0.03506154217750994,8,159,0
9,0,4,0.5536333802067911,7,162,0
50,3,15,1.0,12,150,0
36,0,16,0.47112197966156205,8,140,0
12,4,8,0.654879785950134,6,83,0
63,0,12,0.49670091298077507,9,151,0
32,0,14,0.5280708818027983,12,146,0
19,1,19,0.7127895378906391,0,10,0
52,0,17,0.8083734411329306,4,154,0
16,7,16,0.6250906628391397,3,127,0
32,5,3,0.14478907140116423,13,43,0
59,0,18,0.6467128538703479,4,143,0
42,3,15,0.8794064551990712,18,159,0
37,7,8,0.7227321413092263,1,115,0
42,3,19,0.7760550664271556,12,53,0
58,0,8,0.4512244416111991,8,48,0
8,6,6,0.3802480816594757,4,54,0
57,5,19,0.08890154933654597,8,43,0
55,2,14,0.9238660009428736,0,13,0
31,5,3,0.8996929519959895,9,164,0
48,5,23,0.367148863521797,6,95,0
16,1,14,0.89276363563737,15,28,0
45,3,14,0.34380448141473297,8,170,0
37,2,11,0.13334657685383292,4,82,0
5,1,18,1.0,0,93,0
14,7,19,0.9196197255857806,0,165,0
3,0,14,0.12331232998008132,3,11,0
49,2,20,0.06471729594532621,15,89,0
17,1,22,0.19253327827644995,15,117,0
7,7,12,0.7887099096373379,7,48,0
40,3,9,0.6430067005755282,0,140,0
52,7,22,0.18327292615810517,5,4,0
22,6,15,0.5773839428918254,9,54,0
42,5,5,0.2399957770171451,13,21,0
44,2,7,0.9103190293786132,11,70,0
11,0,11,0.4079309323152229,9,175,0
25,5,6,0.2957089279656759,3,172,0
45,0,18,0.8405285222034842,11,27,0
14,6,7,0.5052939370611502,8,76,0
27,4,4,0.8256055997906622,11,39,0
50,0,17,0.8313964930050569,12,17,0
16,0,14,0.27314343260039375,2,153,0
31,7,10,0.7831604168847214,4,102,0
60,7,20,0.08740800493072402,9,29,0
45,6,4,0.2797867972046056,5,71,0
16,3,14,0.4906734529298919,16,79,0
58,0,5,0.616151909259131,5,59,0
39,1,5,0.19337975769785368,3,82,0
15,3,20,0.9494528735580468,7,48,0
56,0,11,0.6973548569719675,0,150,0
8,1,13,0.40002367975788333,2,65,0
18,0,15,0.9414175916115669,10,42,0
23,2,9,0.24948677264126112,0,104,0
10,6,6,0.19727540382680755,10,107,1
25,0,14,0.3632675361831563,11,113,0
43,0,12,0.6685706926528786,10,59,0
29,3,4,0.1657282015717883,12,47,0
58,1,21,0.7389716981127755,11,151,0
14,2,8,0.25185638374948854,6,149,0
26,3,6,0.8877205119373908,7,159,0
61,0,4,0.39411095197124146,9,56,0
55,0,11,0.6024957404940952,4,152,0
12,3,16,0.1127456360476492,12,31,0
25,6,18,0.5370130799163079,0,70,0
8,5,12,0.35799852430945633,4,82,0
37,6,6,0.510679763883167,1,2,0
16,7,17,0.2730518168974594,13,108,0
27,3,6,0.19439224327317323,6,54,0
27,0,11,0.4211103559711471,0,74,0
18,0,15,1.0,13,24,0
46,2,18,0.9913157801919869,14,181,0
2,4,19,0.4605898022162173,1,113,0
32,4,13,0.5609376292126727,10,22,0
42,2,23,0.3978980865629447,3,92,0
65,4,18,0.5727390588902153,7,10,0
12,2,9,0.0,9,91,0
56,7,23,0.982779745939422,6,168,0
1,0,19,0.5761200668852428,1,128,0
29,7,10,0.8465183043642117,4,115,0
46,7,4,0.26042690468011487,3,13,0
27,4,6,0.3565867811064335,15,11,0
52,2,3,0.964731313693862,1,56,0
7,2,19,0.5924380483615989,1,66,0
5,1,18,0.14399448319739483,5,7,0
6,0,16,1.0,6,16,0
24,4,9,0.5594982965826228,3,159,0
38,1,23,0.5031732046924396,8,96,0
21,4,20,1.0,6,165,0
33,2,14,0.6314106300165522,10,97,0
29,2,9,0.008587162237305435,0,96,0
5,6,19,0.4665059496041956,1,15,0
6,6,9,0.6058054889242976,6,66,0
9,5,22,0.49929658928946574,8,109,0
24,2,17,0.32135809307979846,5,93,0
27,2,9,0.6365240007601635,8,57,0
30,0,17,0.3379725691406643,8,53,0
14,6,19,0.4887101651806624,14,28,0
45,3,6,0.2053598173720361,0,60,0
28,1,8,0.16959162157937877,4,84,0
49,2,15,0.038206930053200486,12,75,0
8,1,18,0.17351550131169993,1,137,0
7,7,9,0.20184098929633304,7,75,1
23,0,17,0.9051699252387094,6,113,0
53,0,8,0.7964132921589344,8,21,0
2,0,15,1.0,1,120,0
10,5,7,0.666829587284199,10,64,0
11,7,9,0.010390019708793052,7,93,0
50,0,14,0.0700062830502708,10,80,0
14,5,13,0.7099303055301166,12,114,0
9,7,6,0.8016830822201587,8,28,0
52,0,12,0.5827640242882095,5,171,0
9,5,12,0.9349791378211477,9,30,0
25,0,17,0.446663807216637,0,177,0
31,4,17,0.34611485475029047,10,98,0
9,2,19,0.5090066364386246,6,131,0
3,0,6,0.7662312342016445,3,1,0
23,0,16,0.6099692201498554,13,109,0
43,3,13,0.34260640846639007,5,150,0
58,0,17,0.11310689421149267,15,68,0
22,0,11,0.9778713908213409,1,8,0
28,1,8,0.2497452186240466,4,97,0
28,2,23,0.22557073095442276,13,66,0
19,4,4,0.13326532280222547,11,81,0
10,3,7,0.111141201510637,10,78,0
39,7,6,0.8878328045512475,2,47,0
50,3,8,0.11174694531812893,12,35,0
62,1,7,0.5817972317068334,5,160,0
31,6,4,0.20487411057229582,10,49,0
17,4,9,0.9124495223527539,12,12,0
21,0,21,0.7987009129398988,6,78,0
53,1,9,0.629711768929579,0,33,0
9,5,9,0.9990958424178511,9,50,0
24,0,23,0.12363496970048785,17,161,0
13,6,17,0.3507409691454625,13,91,0
62,3,5,0.7328938313178038,6,156,0
2,7,6,0.22801922671003436,2,65,0
19,1,14,0.7211408349307872,8,25,0
55,6,8,0.17589713794945225,1,158,0
25,6,20,0.7998936854194643,0,155,0
63,7,23,0.19314806131224796,6,12,0
32,4,17,1.0,10,143,0
29,2,9,0.4298941997601926,2,44,0
59,3,11,0.2322959339011149,12,96,0
45,0,9,0.6408099890084522,8,68,0
38,0,13,0.5715164306888677,9,122,0
20,2,13,0.849928115037983,13,43,0
32,0,23,0.18239925518419312,13,150,0
25,5,6,0.0921405897724597,11,51,0
23,4,16,0.4283579190385298,6,46,0
48,5,17,0.6262046366553914,5,92,0
42,6,15,0.07240224046250661,9,172,0
17,1,5,1.0,17,120,0
10,6,8,0.07992761385026059,10,94,1
42,2,6,0.7102743895823634,1,120,0
12,4,10,0.0,10,97,0
45,0,16,0.48785144032785005,1,48,0
17,0,23,0.4194970322446837,9,82,0
52,0,22,0.0047171822973655075,14,120,0
10,7,10,1.0,10,32,0
51,2,15,0.7894142479335917,0,134,0
42,0,5,0.8869063260761127,5,141,0
18,1,21,0.9556276521809272,3,143,0
35,1,6,1.0,5,159,0
41,3,20,0.7056746312445162,4,33,0
13,7,15,0.11949867829653221,13,119,1
1,4,12,0.6256458497270729,0,67,0
63,1,20,0.6289507005779793,6,96,0
51,7,16,0.13793534810949523,8,160,0
56,2,23,0.2078071082437549,11,91,0
21,6,20,1.0,8,172,0
50,6,17,0.8743039514999649,14,155,0
51,3,19,0.4287289979905791,8,156,0
23,1,21,0.45389268941828775,9,81,0
7,1,11,0.49010965245586047,7,83,0
18,5,12,0.6436168336510106,2,63,0
25,0,18,0.9055347911864264,5,133,0
27,4,13,0.27271050906843347,7,134,0
43,5,11,0.9714777460915238,12,97,0
12,0,11,1.0,2,44,0
37,0,20,0.6617149155255753,7,168,0
13,0,15,0.9986774245105834,13,30,0
8,0,11,0.5497079934343876,1,28,0
18,1,8,0.0,8,104,0
25,3,10,0.5015866324456445,10,63,0
31,5,4,0.14013408332437102,14,39,0
10,4,7,0.23628095697581666,10,77,0
11,0,22,0.3769509048138783,11,142,0
6,1,18,0.3928792471882108,6,117,0
7,7,6,0.8052046468122512,7,55,0
19,1,18,1.0,1,161,0
46,0,9,0.7225994334481325,6,91,0
30,2,16,0.5714187694913366,13,30,0
26,5,11,0.8531185441631965,13,104,0
63,0,11,0.9559711474023682,13,39,0
16,7,21,0.36228490653420714,15,41,1
23,3,18,0.4431287357374766,11,23,0
32,7,14,0.8202352535879153,4,112,0
33,6,13,0.0110230281862371,0,42,0
51,0,4,0.15675402840737465,3,69,0
52,3,8,0.450853659590351,5,192,0
5,7,14,0.7787472503758439,5,55,0
17,2,22,0.2481611209084318,10,64,0
46,5,2,0.13651954937079666,0,89,0
54,5,10,0.8213692005369162,11,160,0
40,0,21,0.5258800603508684,10,65,0
11,4,8,0.9157841782999183,11,41,0
39,2,22,0.34470741960074947,3,86,0
58,0,17,0.5929385081240934,8,166,0
26,3,18,0.26582466455802617,5,144,0
27,3,17,1.0,1,150,0
34,0,23,0.7047297513680649,5,181,0
24,1,17,0.49675227138012623,0,179,0
35,0,12,0.3548305608870653,1,139,0
23,4,0,1.0,3,123,0
52,7,12,1.0,11,113,0
13,3,16,0.5058793016190213,0,165,0
55,4,12,0.861005834906313,12,110,0
21,7,18,0.9295399419508377,10,127,0
15,4,17,0.865924521462959,3,114,0
9,0,12,0.9460317151398949,2,6,0
42,7,7,0.36004930496064846,0,40,0
0,3,16,0.5452492256912023,0,69,0
15,1,22,0.27597816340902614,5,68,0
49,6,5,0.20321872322001805,8,158,0
62,3,9,0.923611932899901,2,42,0
2,7,14,0.3191647247826953,1,155,0
18,7,18,0.6598780863967775,5,67,0
47,0,13,0.5108195873597287,7,153,0
32,4,3,0.8835890027979342,8,141,0
23,0,7,0.6819186353073634,10,41,0
46,7,6,0.9069263480558912,0,160,0
27,4,23,0.4026184927813298,13,142,0
1,4,10,0.8496359316558879,1,70,0
23,3,19,0.43819257216550295,11,17,0
44,6,12,0.6278535850152741,8,71,0
41,3,8,0.8016108659951199,6,81,0
16,6,19,0.3773245096117182,7,131,0
63,2,4,0.44556058317260827,11,99,0
3,1,21,0.44793641963048225,2,142,0
26,1,22,0.21424870191868112,9,80,0
16,4,9,0.8729329160113892,16,99,0
45,0,18,0.6637313258510333,11,32,0
2,0,14,0.882947270308631,2,106,0
52,4,16,0.1760078694118853,11,49,0
15,2,20,0.6645885473875568,12,164,0
44,7,3,0.36997427065161204,0,22,0
62,7,23,0.10991745756181233,7,21,0
50,0,14,0.4471463725598152,7,163,0
21,7,16,0.5939037511147811,1,84,0
57,3,3,0.24116660641781065,11,92,0
58,0,18,0.9410729189609585,5,127,0
41,1,20,0.8305341833540181,3,114,0
17,0,8,0.1416113914966009,5,99,0
64,3,16,0.14865798302988253,12,74,0
49,0,12,0.5918878006144327,9,72,0
40,0,23,0.5274261918030846,1,199,0
37,7,8,0.8056084767744274,4,47,0
58,2,18,0.5629814724464148,6,50,0
19,4,22,0.5374559970380006,15,77,0
16,1,14,0.6687066137080573,13,35,0
25,0,17,0.4530287560953846,9,67,0
17,0,20,0.3011049160681648,13,150,0
7,4,9,0.9672363625508414,6,32,0
16,7,14,0.7885650665546454,5,167,0
37,3,20,0.47024695063727423,7,140,0
56,2,7,0.5271867811630306,2,159,0
18,7,12,0.6577560906721847,8,69,0
22,0,6,0.888740085309601,1,21,0
55,6,6,0.0632729076184195,0,165,0
6,6,2,0.14641822932856435,6,101,0
48,0,9,0.5646989663881843,6,76,0
8,7,6,0.9908509035566392,7,35,0
17,2,3,0.5970673465950278,12,159,0
37,0,18,0.20059707896440793,2,137,0
6,7,14,0.8244057774741518,4,70,0
26,2,3,0.434415968074693,4,106,0
14,6,14,0.2781243629868738,14,114,1
17,5,11,0.531583436860734,1,160,0
59,2,15,0.8286436725156681,15,41,0
53,0,11,0.5807637460954729,14,41,0
20,2,19,0.5012036615422546,0,167,0
20,4,11,0.45626962920295666,3,164,0
35,7,20,0.26373243631351545,0,73,0
52,4,5,0.16378378475392247,1,133,0
12,7,19,0.47633181766482213,12,33,1
18,2,6,0.07972981818275357,8,168,0
52,0,13,0.608146202850598,5,177,0
3,1,23,0.23901942123069853,0,93,0
14,4,17,0.8139867701317811,7,108,0
62,7,16,0.46525293560300046,6,25,0
63,7,11,0.9495567733372038,9,161,0
12,0,13,0.4255230958198729,6,108,0
44,3,20,0.9855854578075189,8,56,0
18,4,22,0.6103117009032601,3,60,0
65,1,11,0.19153095449160046,16,61,0
67,3,12,0.18336639794582316,11,72,0
6,6,23,0.0383643149150005,6,70,0
28,0,19,0.875345304642934,11,175,0
40,1,10,0.9301344641424374,8,107,0
39,4,7,0.5311206619750297,6,81,0
33,1,16,0.08792104640317376,4,23,0
41,3,20,0.7323829933039219,10,142,0
22,0,18,0.6359775559810019,0,74,0
53,2,16,0.6711195862446453,14,149,0
4,2,23,0.12654767628343233,4,120,0
37,3,17,0.18339309187677466,7,156,0
28,1,4,0.5998916307317456,8,50,0
41,5,14,0.31424925421234146,10,123,0
39,6,13,0.32199893751918185,8,162,0
51,5,13,1.0,1,15,0
14,1,4,0.33113977729774774,10,169,0
40,7,16,0.35530335245410016,9,98,0
42,0,16,0.9932687820625262,5,22,0
48,3,9,0.642543622657066,3,140,0
33,1,5,0.9139587040361307,6,106,0
47,0,8,1.0,2,45,0
43,4,11,0.8302153960315319,0,51,0
53,7,13,0.9232878771205282,12,156,0
8,6,10,0.5077482553872388,6,74,0
39,0,13,0.6637491090125255,13,153,0
25,0,9,0.18563353517610512,0,56,0
43,1,5,0.8677425102618378,6,72,0
57,3,18,0.8219943009440233,7,89,0
24,4,4,0.4363171304527404,12,61,0
67,7,18,0.10234661105974978,5,16,0
55,1,8,0.8654388091957389,12,1,0
20,1,13,0.10444021004054618,1,63,0
10,7,5,0.2837550382761592,10,81,1
15,5,13,0.11439459399551394,15,8,1
6,2,20,0.49831063209963405,6,139,0
14,0,16,1.0,14,31,0
28,0,14,0.8606030885741145,13,30,0
17,5,3,0.893185273447862,5,45,0
51,2,20,0.8240420708790095,1,143,0
44,3,4,0.7171499671803371,5,116,0
48,4,15,0.022839125196138774,9,165,0
12,3,8,0.5583831719478313,7,68,0
42,3,21,0.40781357394344603,6,106,0
48,0,5,0.6168932552479962,1,154,0
50,4,18,0.7212828026497893,8,145,0
60,2,12,0.3398770947987929,12,66,0
40,6,4,0.14902785884769565,13,54,0
33,3,6,0.19258562942435017,1,84,0
51,3,4,0.5395206056114705,0,148,0
39,5,13,0.09387980999043559,0,30,0
41,4,23,0.21987756122043528,0,107,0
16,1,18,1.0,3,166,0
18,1,4,0.4888034066153958,9,168,0
44,2,22,0.7535987194162634,1,134,0
10,7,6,0.25669744217303275,10,104,1
57,4,5,0.5087093678397415,2,155,0
29,4,10,0.3630976342142723,5,52,0
31,0,19,0.0,10,98,0
6,2,16,0.16132705326404562,4,123,0
60,2,6,0.343076705496635,11,114,0
7,0,17,0.42269866820482926,5,125,0
12,1,19,0.30478575453157675,8,131,0
17,4,3,0.11797200565524527,6,175,0
25,3,22,0.7243621595348828,13,41,0
16,7,20,0.4498180932093924,14,157,0
7,7,23,0.021971875702992166,5,63,0
29,0,18,0.3558022066541717,0,151,0
25,1,13,0.36331103320972735,5,58,0
60,6,16,0.9006333910495643,8,114,0
21,4,22,0.461047055716594,14,20,0
28,5,23,0.5684017409195252,9,168,0
18,3,5,0.3266375478067285,10,80,0
29,1,8,0.4533958440459037,10,57,0
3,4,21,0.3614956471783749,3,116,0
10,0,23,0.8879527540676779,8,59,0
10,6,23,0.9026334781456886,10,46,0
21,0,14,0.5386999886242314,13,105,0
63,4,16,0.43861470039309663,7,14,0
37,3,16,0.08304397008087863,10,123,0
12,6,10,0.6385299767982884,12,44,0
45,0,15,0.43176705364571566,9,161,0
67,4,11,0.7503586799524014,7,161,0
38,1,23,0.6211937581193329,5,97,0
49,1,9,0.9385441695796236,0,67,0
22,1,23,0.9955558823668228,7,157,0
34,2,18,0.9245407682949177,11,39,0
57,3,13,0.08787647946438572,16,81,0
24,3,15,0.6542052310053349,1,75,0
38,5,23,0.24791274079296532,4,91,0
46,6,3,0.6462582856512938,9,41,0
13,5,6,0.18299613887490507,9,80,0
14,0,20,0.9013600522315309,0,83,0
15,2,9,0.43784854981851645,15,43,0
25,7,14,0.6140534130027804,8,66,0
21,2,8,0.5068816179838834,4,70,0
3,5,8,0.23692500026449428,0,50,0
52,5,21,0.03644182592127476,2,18,0
34,4,18,1.0,12,148,0
39,5,11,0.7459035542508023,9,24,0
26,5,6,0.18868665815652066,4,159,0
35,4,7,0.5486005924916477,0,149,0
10,6,8,0.6414312138517336,3,58,0
53,3,18,0.5082529790877752,3,82,0
59,0,6,0.7932435619707509,0,166,0
21,1,20,0.8645499027412208,1,69,0
19,1,18,0.7681974395706423,14,51,0
18,7,23,0.4324967780673165,10,164,0
22,1,20,0.331334325598801,14,9,0
37,1,18,0.9326404471036365,14,162,0
39,0,15,0.684423881765943,18,83,0
15,3,9,0.6819535144453162,15,30,0
31,3,21,0.8906572194907754,14,165,0
31,4,4,0.596747579908241,10,40,0
6,2,14,0.6306033735594041,0,76,0
21,1,5,0.2582022204616343,1,55,0
53,4,7,0.7447417354626302,6,76,0
31,3,12,0.7895088515104722,0,31,0
52,0,14,0.0,12,64,0
43,3,4,1.0,5,125,0
13,6,9,0.7669904080392592,13,108,0
24,0,23,0.35460157888346233,12,68,0
51,6,6,0.6583651870132009,2,180,0
25,7,20,0.595913827362964,11,17,0
30,5,6,0.19793867124960887,9,166,0
30,7,8,0.38786058771386606,1,26,0
40,2,2,0.2573414033643502,8,130,0
25,6,9,0.7203411771736439,13,83,0
26,1,8,0.4313154998209782,3,129,0
39,2,16,0.9252562854061257,12,172,0
45,5,10,0.39471609605790564,14,113,0
24,3,21,0.9372774353751352,6,149,0
20,2,23,0.2488577097600474,11,59,0
57,0,15,0.3114282571117932,5,156,0
35,2,5,0.2831662184218806,0,98,0
47,4,2,0.13610676422200743,6,158,0
19,1,7,0.45512470721456133,13,67,0
11,4,17,0.9481542573030002,0,17,0
45,6,0,0.8696172767331469,2,157,0
7,3,6,0.0,7,181,0
18,0,19,0.11400065676985825,10,1,0
34,2,12,0.04816667476835754,2,68,0
58,4,18,0.6378072275030592,5,89,0
34,1,20,0.8314265059306479,4,113,0
7,1,9,0.4602092682373785,7,182,0
39,1,17,1.0,7,15,0
18,4,21,0.6847572966344412,12,71,0
39,0,9,0.9410044522647677,7,112,0
23,0,23,0.6226531533993006,11,153,0
47,2,8,0.0,0,149,0
16,6,9,0.7309774771403711,15,120,0
27,2,19,0.4271820878967191,12,100,0
32,6,13,0.2657120061816507,0,37,0
64,2,13,0.6430547565504054,5,136,0
38,7,7,0.8932661255545129,0,162,0
28,3,11,0.03521191107576695,3,94,0
23,7,22,0.5807517529365984,10,166,0
27,4,2,0.6350245319664737,6,28,0
7,6,14,0.7378938980762232,2,34,0
54,0,22,0.38106675534636264,6,101,0
32,2,7,0.9624408333238869,6,136,0
15,0,12,0.6929777613887468,9,110,0
47,7,16,0.9082657266386238,10,107,0
35,4,17,0.031230553360943977,7,99,0
41,1,18,0.7673637939856218,9,142,0
11,0,22,0.09743935861320477,5,20,0
26,0,22,0.3664523568780054,9,85,0
25,4,7,0.2918534603084636,10,163,0
26,2,10,0.0,2,89,0
25,2,22,0.18115853742818205,4,64,0
50,6,11,1.0,8,114,0
47,0,15,0.6154189050520866,9,78,0
42,4,5,0.5754598935156647,0,61,0
34,3,21,0.45936056360801064,8,106,0
55,4,23,0.7300273840708722,12,178,0
50,4,6,1.0,7,149,0
46,6,6,0.09200764180850249,9,45,0
52,0,19,0.36141992093986586,15,75,0
40,2,23,0.9314539225301215,1,111,0
35,4,3,0.5395879002781767,4,69,0
42,1,22,0.5055730969729517,5,102,0
25,5,8,0.3504326135800554,5,169,0
53,0,23,0.3699448091510218,8,80,0
41,5,9,0.5042222786205193,9,124,0
26,2,7,0.34630917820639523,6,116,0
23,0,20,1.0,9,123,0
32,6,7,0.918730044661978,3,145,0
4,7,5,0.17432675037100198,4,60,0
42,0,12,0.7934657001583374,12,44,0
24,1,16,1.0,4,150,0
30,3,17,0.6341065642020653,3,81,0
44,0,7,0.6563056580023008,0,148,0
61,7,19,0.1615004589013542,8,15,0
14,4,11,0.8713361246117646,10,150,0
9,2,8,0.7951863174768434,6,60,0
24,0,20,0.7716115578360262,2,115,0
5,0,5,0.4369053683149176,5,91,0
1,7,10,0.24135158685203623,1,44,0
47,4,19,0.6208759894213475,7,27,0
22,7,11,0.8202352406694094,6,160,0
41,7,8,0.809841626106672,2,30,0
34,0,2,0.24229638243461987,0,71,0
44,2,16,0.8201928135417991,9,138,0
21,6,11,0.6637049733841612,6,55,0
18,7,16,0.7517953126300885,5,106,0
12,2,9,0.5770097220332796,11,96,0
50,0,13,0.4776106770397713,5,168,0
10,5,12,0.7582757122558493,10,176,0
11,2,13,0.7244419625707821,11,25,0
14,2,16,0.117350373267528,7,3,0
8,0,14,0.6488760447361435,8,90,0
57,4,12,0.9955598592201987,2,7,0
18,7,19,0.29441417508480594,18,115,1
9,0,10,0.6703348279592277,6,121,0
12,2,19,0.2963760206069271,0,85,0
61,4,15,0.43321884068263955,8,8,0
46,0,8,0.8831172856585435,17,9,0
33,0,17,0.3566935196553439,0,143,0
25,0,21,0.678282412313463,9,98,0
51,7,22,0.5676034120983215,9,113,0
47,0,20,0.9358958743390093,8,174,0
42,0,4,0.552934553755128,9,158,0
20,3,21,0.7471046152486649,7,24,0
49,2,6,0.25371867503899515,2,150,0
45,0,4,0.7735824280323491,4,147,0
64,3,15,1.0,10,150,0
40,0,16,0.6013277077095844,12,56,0
48,4,10,0.5975203459624407,3,137,0
33,4,5,0.2870990828830989,7,70,0
8,1,10,0.4909670822370286,0,55,0
45,0,7,0.8742185908761143,9,94,0
64,0,17,0.804487691228825,6,116,0
13,0,5,1.0,13,108,0
18,2,10,0.38719428847557813,4,164,0
59,6,9,0.6336073445954715,2,168,0
41,7,23,0.3641045454571362,12,101,0
18,1,18,0.5486897096427328,1,184,0
33,3,21,0.36020381084671743,1,148,0
13,1,20,0.727786017171941,3,15,0
42,6,8,0.819294661589049,1,44,0
3,1,15,0.43576134118939186,0,115,0
50,2,17,0.8645217953720108,3,159,0
12,1,3,0.24771464264400914,12,165,0
16,1,23,0.02484414725201542,10,86,0
31,0,22,0.298732776645405,8,100,0
53,5,5,0.8586058038326492,0,173,0
17,1,8,0.26685889843052374,9,175,0
53,6,6,0.8047872274606569,8,72,0
38,6,9,0.7523563398080714,0,64,0
10,1,19,0.5252129650121441,1,120,0
57,0,22,0.2118021085437359,7,119,0
31,0,10,0.3782195504147921,7,118,0
41,3,8,0.3186958474409813,6,39,0
26,3,21,0.9344741968993099,4,158,0
32,0,23,0.2525362671616491,14,157,0
8,3,15,0.8293680904591386,6,165,0
10,2,18,0.5339293234215166,2,3,0
34,2,16,1.0,8,54,0
44,3,20,0.7784632485172888,11,53,0
38,7,10,0.10324435587369603,1,10,0
42,1,18,1.0,13,53,0
60,2,23,0.9779031058350292,0,145,0
50,3,16,0.6414768648421894,1,149,0
42,5,7,0.6379067715412899,0,148,0
15,1,12,0.4984113955100482,12,165,0
65,0,1,0.3122939043757492,4,52,0
28,6,8,0.5218946409572218,2,45,0
62,7,20,0.9844080890344225,12,186,0
16,0,19,0.2611175959667836,14,143,0
12,0,13,1.0,12,22,0
44,5,5,0.18418906806232144,12,29,0
32,2,21,0.8644364989257135,2,109,0
65,5,11,0.23684439500693116,16,70,0
66,3,18,1.0,2,14,0
40,2,2,0.22490149971323573,10,146,0
13,3,7,0.13437499728969268,5,106,0
6,4,18,1.0,4,11,0
0,1,11,0.5386159930935159,0,45,0
61,0,6,0.5150505538493695,4,17,0
21,0,22,0.800787900354394,0,17,0
25,7,13,0.8374960913997844,10,36,0
16,5,12,0.22972433548591192,12,19,0
31,1,3,0.6352925413585503,8,46,0
11,4,5,0.7912987452268093,11,24,0
41,0,23,0.4836077843769809,4,108,0
46,0,3,0.6228525320707967,2,131,0
20,3,18,0.2081026421062463,10,118,0
57,3,9,0.5220051549811343,7,121,0
24,0,23,0.4346507635570646,7,85,0
15,0,21,0.8947221106219561,0,90,0
4,0,19,0.779217280729869,1,25,0
22,2,21,0.39577101363620737,8,49,0
61,0,11,0.8939950405385001,11,147,0
38,0,21,0.21900240942405985,7,157,0
41,4,17,0.6229445502227741,4,140,0
44,0,13,0.33775675152087914,10,140,0
62,0,13,0.9699950371834084,11,135,0
9,1,14,1.0,2,180,0
54,6,8,1.0,0,47,0
28,1,19,0.47526229591591085,4,170,0
22,3,12,0.19140041121444423,5,103,0
54,5,8,0.9486496925011106,8,81,0
5,5,16,0.3012990238550205,2,171,0
22,1,14,0.51988552022289,12,16,0
48,0,4,0.07630529048191255,0,51,0
18,0,17,0.9781333424333325,14,43,0
40,2,9,0.5428421761567914,11,55,0
10,1,9,0.6972456258300205,1,48,0
47,0,14,0.597011735216364,6,61,0
13,0,11,0.06764841625713894,0,140,0
23,3,12,0.5924210443821208,5,66,0
15,0,22,0.047081135797412924,7,1,0
40,1,21,0.31832156134018647,5,133,0
19,4,6,0.3194738085049281,5,151,0
9,3,23,0.29820191036009935,3,106,0
22,2,21,0.7447557647021023,11,150,0
10,4,7,0.6729986369971495,7,65,0
18,1,10,0.5901584433021868,6,113,0
13,0,15,0.9705420641736319,13,32,0
8,4,9,0.8048956780022243,8,44,0
19,7,9,0.6080696985177603,6,82,0
37,0,18,0.0638696127040949,11,77,0
7,1,19,0.845579052682526,4,10,0
44,5,15,0.7496268681603633,13,141,0
45,5,5,0.9724288309124908,0,49,0
21,0,15,0.3885451318623596,2,187,0
33,4,7,0.15316323646901775,10,161,0
40,3,10,0.681188794407913,2,63,0
53,4,8,0.5793504758635015,8,161,0
15,4,15,0.3831486029464584,15,128,0
44,5,20,0.6804580896332911,6,69,0
56,0,9,0.894330820583827,10,129,0
26,0,13,0.5377017465916765,13,104,0
10,4,13,1.0,6,158,0
36,3,22,0.6334654890137044,9,91,0
47,2,8,0.8679529759408745,0,156,0
2,0,16,0.904756594549467,2,128,0
12,3,16,0.4063047595657195,1,82,0
33,2,6,0.040796457669266095,1,107,0
37,5,13,0.8828917469172931,10,13,0
16,3,13,0.8651662193892232,7,172,0
17,6,5,0.9737320584183631,8,46,0
28,0,23,0.5148334796283234,13,101,0
12,1,19,0.44704479382738693,5,140,0
60,0,8,0.7171013773179887,4,34,0
12,4,4,0.8192671730158704,12,16,0
61,3,7,0.9405662007701155,1,46,0
27,6,11,0.7938784535200875,7,53,0
12,0,20,0.6393458270072994,9,93,0
24,0,10,0.9248681872524682,0,26,0
9,1,10,0.06919003353680446,8,80,0
65,1,7,0.6183837360416884,2,164,0
42,3,6,0.8209209092527692,7,130,0
14,1,8,0.4981558359479312,3,67,0
37,5,3,1.0,6,148,0
24,0,20,0.627774513214479,13,88,0
35,7,13,0.7023893970084146,2,100,0
16,7,21,0.7676302598222121,11,80,0
39,6,23,0.9125175812013169,7,98,0
18,2,10,0.42469653321909595,4,157,0
13,6,4,0.8387158511744243,5,29,0
15,7,18,0.3190904463707122,15,38,1
40,5,18,0.8558096856205524,7,149,0
9,0,15,0.9254358187374665,5,97,0
31,6,7,0.18112412036465564,5,164,0
21,7,8,0.015117674374916817,7,160,0
51,0,9,0.9835493091720148,15,36,0
55,5,15,0.3817216449413854,5,6,0
29,4,21,0.42933973648672624,8,79,0
39,0,23,0.6229389872574284,2,84,0
55,2,13,0.6085420146070679,6,159,0
12,2,23,0.11751034913297444,12,71,0
56,3,20,0.6097310286223083,2,134,0
26,0,17,0.5212277576773867,9,117,0
7,6,7,1.0,7,43,0
5,0,10,0.7882768325713346,2,2,0
48,7,23,0.9643347432916446,7,177,0
62,4,6,0.6855872727757147,6,169,0
32,3,16,0.8952180258861233,8,54,0
8,1,22,0.26776216854122603,3,119,0
51,7,14,0.9254778025015196,12,103,0
32,0,14,0.367509552777871,11,155,0
43,0,8,0.9516378438699183,5,85,0
8,6,16,0.30063027137675713,1,34,0
44,0,17,0.35743587862293463,3,150,0
21,0,19,0.5408025240857286,14,95,0
60,2,12,0.7602672083981957,12,139,0
26,7,13,0.5831236057954046,12,61,0
34,2,20,0.9899035145248251,12,194,0
1,5,9,0.7454030739916755,0,74,0
18,7,15,0.33626962674639727,18,132,1
8,0,18,0.3434857630273261,8,121,0
38,5,9,1.0,6,31,0
42,7,3,0.01946123977014519,0,176,0
49,5,7,0.18954540954880006,13,91,0
18,3,22,0.8164277225151543,12,76,0
19,0,14,1.0,14,50,0
35,5,9,0.26062496752197883,3,159,0
23,6,4,1.0,15,58,0
16,2,11,0.6968845605824046,10,25,0
21,6,2,0.7482815350325949,13,59,0
12,0,22,0.5116510814978896,11,96,0
38,5,10,0.5411449531630806,12,65,0
34,2,23,0.5479574455746786,6,163,0
10,7,8,0.8577853192472613,10,29,0
4,2,16,0.6282199603446839,4,85,0
62,7,13,0.9300228164877707,11,120,0
43,4,4,0.2933789755933918,9,163,0
33,6,20,0.2678271367450312,4,97,0
17,4,23,0.5686144926480461,8,100,0
33,7,9,0.8143856008936768,3,102,0
46,3,16,0.9697820662021641,9,36,0
38,3,6,0.6178832094438159,5,169,0
31,1,19,0.4917499485448633,14,88,0
40,0,5,0.36515849978972087,12,162,0
16,0,20,0.6988685920990186,2,1,0
15,1,4,0.7661249985576447,15,2,0
12,0,10,0.5507934749722334,12,178,0
26,6,7,0.1509191944747726,9,39,0
42,6,4,0.17649350667288183,3,178,0
6,3,9,0.9023916743799825,6,162,0
23,3,11,0.32183832250832745,3,56,0
16,1,21,0.0,16,11,0
67,5,6,1.0,3,47,0
33,6,15,0.6118930738969044,10,43,0
14,0,20,0.7425629028559072,9,104,0
33,6,4,0.6833908315155203,6,73,0
57,0,4,1.0,1,63,0
0,2,14,0.5441748932662414,0,97,0
23,0,23,0.5990248720426107,5,101,0
19,0,23,0.8388258508469163,15,51,0
54,7,10,1.0,13,114,0
52,2,16,0.4650514718852485,8,1,0
25,0,21,0.9514696977072666,13,38,0
23,4,23,0.8553345822549531,5,137,0
18,0,4,0.9831282818356124,0,29,0
42,4,8,1.0,7,171,0
13,7,3,0.8966830124045023,7,51,0
24,0,4,0.5683007489680634,8,115,0
40,7,3,0.8242329084790572,4,43,0
25,3,5,0.13544658417408362,0,84,0
61,1,9,0.6891797165999094,7,59,0
6,2,7,0.480140138608703,2,94,0
64,0,15,0.8010896395566328,17,29,0
39,2,6,1.0,10,87,0
14,4,10,0.9188555001448472,10,64,0
31,6,5,0.2730880088754728,11,124,0
40,6,3,0.7659000606963443,10,38,0
22,3,4,0.8531218831267088,12,111,0
53,5,8,0.8365007689075483,1,77,0
41,0,1,0.5589526855089528,0,156,0
24,7,22,0.38055533022010957,11,179,0
63,3,12,0.21675806754606733,8,78,0
28,5,16,0.5335678658409597,0,137,0
54,0,7,0.2592254881817046,3,77,0
9,0,13,0.6641285685579494,5,72,0
19,2,20,1.0,1,164,0
23,0,18,0.9245672289567151,13,37,0
20,5,4,0.9219909781379236,11,54,0
31,0,7,0.3911922233365973,6,126,0
59,6,19,0.310056107433621,10,1,0
63,5,13,0.23023358412442033,15,85,0
23,2,18,0.4541246661849343,3,176,0
0,0,10,0.32974408343924666,0,71,0
21,0,13,0.9274374234602182,17,35,0
53,5,16,0.9084784256144772,10,129,0
3,7,7,0.20636265374911414,3,76,0
46,4,21,0.19673149269759735,9,88,0
47,0,10,0.5935750530293727,10,82,0
15,3,3,1.0,13,126,0
8,1,15,0.4429088420722702,7,103,0
28,4,12,0.32733608293381244,3,160,0
30,2,9,1.0,10,146,0
38,0,23,0.5071301828662717,10,79,0
49,0,9,0.5324741942811988,6,63,0
59,0,18,0.7130629152220427,6,125,0
69,2,7,0.900256694027588,3,46,0
0,4,17,0.47193968190452157,0,79,0
35,6,5,0.8838568111817678,4,107,0
55,2,5,0.40510848365298324,8,42,0
55,3,16,0.15115607571831857,15,60,0
41,2,6,0.4635807457142289,1,122,0
54,3,5,0.9238206506628917,0,50,0
55,0,8,0.4010140532267539,2,172,0
14,0,17,0.8401723012754061,14,33,0
53,1,9,0.6779257004822842,15,136,0
57,0,12,0.8677728292138329,8,114,0
42,4,14,0.7020669675546907,18,157,0
62,0,18,0.9804898051587803,6,113,0
60,6,8,1.0,11,168,0
16,3,15,0.8240522149837123,1,131,0
36,2,17,1.0,11,149,0
2,0,20,0.44186487744971514,2,113,0
15,0,17,0.1973001627673548,6,35,0
35,5,5,0.8079902730047045,2,56,0
6,2,15,0.5462752027558555,5,69,0
34,6,21,0.48020172118900084,14,166,0
11,0,6,0.5395151797161808,11,115,0
42,5,4,0.35411261016892576,10,123,0
4,1,16,0.5258128647051237,1,125,0
43,2,4,0.8910067455859962,7,141,0
50,7,15,0.559527180296401,6,120,0
3,1,15,0.39522544927664666,3,124,0
12,0,20,0.7894904681278943,9,61,0
7,7,9,0.2457034297338125,7,109,1
23,0,16,0.5125933621768802,14,102,0
35,0,7,1.0,4,110,0
18,4,22,1.0,5,169,0
55,0,9,0.5512515432806572,8,140,0
47,2,18,0.35774027631505156,16,73,0
41,2,6,0.4075471989194575,5,179,0
23,3,18,0.4329290715560078,13,92,0
44,7,15,0.4599702555464729,5,93,0
36,5,5,0.2956361224660203,14,48,0
20,4,15,0.1835447811213215,11,122,0
37,1,20,0.2468568009415197,10,160,0
3,2,13,0.7447329062142665,3,123,0
62,0,5,0.67500749384958,6,151,0
29,3,4,1.0,6,119,0
43,7,4,0.10377916756975647,4,159,0
28,0,20,0.2569127372036245,6,125,0
41,5,17,0.9833967284707675,10,159,0
53,0,11,0.6158436409789335,9,158,0
13,5,6,0.31239051462518475,8,81,0
22,4,5,0.653012424667185,10,43,0
32,2,21,0.5102952626336044,10,75,0
58,3,16,1.0,4,14,0
11,2,14,0.19989779806308589,9,6,0
20,7,7,0.6221461358883211,10,46,0
35,5,16,0.8934727675136689,12,154,0
67,4,18,0.39528182739490214,6,6,0
22,0,16,0.8712963744649493,8,108,0
19,1,5,0.23958152817951425,6,165,0
3,1,10,0.3647988907246867,0,151,0
42,2,10,0.7477453640703481,11,149,0
30,0,13,0.2578935691560714,0,152,0
62,5,6,0.3478866255100487,14,125,0
50,5,11,0.8511665187235053,6,85,0
10,7,6,1.0,5,43,0
22,1,2,0.5666624891244336,4,178,0
36,5,3,0.686368055541795,10,37,0
6,1,8,0.5728777511883787,1,106,0
6,7,22,0.09071990358646817,4,50,0
33,0,20,0.21240625721462086,16,140,0
16,0,20,0.04925976943604961,9,2,0
50,0,7,0.8243829386664691,11,7,0
66,0,11,1.0,13,30,0
17,2,9,0.16230583712454327,9,163,0
20,5,4,1.0,8,46,0
38,5,15,0.6121833859675901,10,161,0
35,0,7,1.0,2,85,0
27,4,23,0.8931714275578799,9,113,0
36,1,23,0.9431315549054143,9,128,0
42,0,14,0.42898525834237355,6,149,0
33,0,15,0.8203475038031446,10,45,0
24,1,18,0.7069895139216049,1,54,0
36,2,17,0.3601139137665573,7,90,0
34,2,13,0.1258995616918619,0,58,0
35,5,4,0.18034528606513123,1,98,0
57,0,4,0.1618406688172456,3,78,0
17,5,22,0.47121506401797475,17,29,0
40,2,3,0.898232274863089,10,145,0
24,4,17,0.5728776467220528,4,68,0
29,7,4,0.9412316897034109,12,42,0
59,3,18,0.5421204391915336,4,89,0
8,7,4,0.3569974624872553,8,96,0
42,7,13,0.3821405739314162,8,106,0
44,4,20,0.9928422643145406,12,129,0
26,2,17,0.9464390616372165,4,167,0
33,6,19,0.3901380738801393,11,102,0
59,1,12,0.5766773017606028,8,48,0
16,0,8,0.5338836959495432,8,157,0
27,1,20,0.6668651819129219,5,185,0
41,7,9,0.909058941818718,4,51,0
24,1,23,0.33851204198265605,6,91,0
14,3,14,0.25290989949931225,9,142,0
11,0,12,0.18441049250753808,4,155,0
22,4,20,0.916170115350268,2,143,0
15,4,18,0.7785573402189646,0,157,0
44,6,16,0.03900676491020984,5,146,0
11,4,6,0.5253439237665318,3,106,0
46,7,21,0.3804124111103375,11,104,0
58,1,10,0.9279450075046858,12,51,0
10,7,9,0.5037971173320348,7,69,0
14,1,6,0.10373019464418588,14,88,0
18,6,23,0.8396684441230937,12,73,0
30,3,7,0.25671972041670466,2,35,0
35,4,5,0.8420315103053541,9,81,0
54,1,17,0.4996286799291924,1,150,0
23,4,11,0.3960076942256041,8,73,0
16,2,18,0.14869335979429682,16,7,0
44,3,3,0.25585228907931845,6,182,0
40,1,21,0.8350439796156724,3,43,0
24,5,18,0.8744672836959148,13,66,0
40,4,7,0.6270539708684452,1,148,0
8,0,8,0.6738780461735647,2,18,0
32,0,5,0.7109385321016082,4,124,0
56,0,17,0.3959649031224491,13,100,0
10,2,20,0.21107865304125772,2,92,0
15,2,5,0.8573222045544622,12,113,0
37,0,3,0.6132863434706957,1,110,0
29,0,23,0.26350146220177195,7,154,0
69,3,20,0.9166261410374066,18,161,0
16,0,17,0.6509406821057903,14,104,0
18,7,20,0.7351563890687343,0,146,0
42,4,13,0.897765441473624,10,156,0
43,4,5,0.8363640446662226,0,170,0
33,4,22,0.8840175910982118,4,151,0
62,6,23,0.8436362093657812,14,173,0
40,4,17,0.7514316715349902,8,137,0
50,6,14,0.1734921286393946,13,53,0
59,0,13,1.0,7,134,0
25,6,17,0.6817561564522955,0,84,0
49,1,17,0.37642747957380246,6,153,0
33,0,23,0.6731391538734308,7,95,0
29,7,15,0.9892115394012388,3,106,0
34,2,9,0.5817533282996209,9,51,0
45,7,8,0.7002306672773191,7,72,0
23,4,7,0.8379337935427074,11,105,0
38,4,6,0.15731763190500606,11,149,0
38,3,4,0.7552122195022022,12,32,0
26,0,19,0.49051644841827313,7,48,0
9,4,11,1.0,9,52,0
38,5,19,0.7777636793968958,16,37,0
2,0,20,0.7929562458541115,1,83,0
19,4,7,0.12612670731124545,6,66,0
17,7,7,0.5907068182887939,13,119,0
26,2,7,0.16802656610760064,4,96,0
9,4,20,0.6556726366341207,9,117,0
14,2,14,0.6788074780629478,9,10,0
43,2,23,0.7781533364360415,4,125,0
18,0,3,0.6034118782786603,9,177,0
13,5,9,0.17537047368393271,13,67,0
4,5,23,0.5853180264634913,0,30,0
10,2,22,0.18541429860626446,3,112,0
70,0,15,1.0,9,149,0
37,5,20,0.7450837230787107,12,59,0
8,5,5,0.069893732542617,8,85,0
7,6,6,0.420569537640481,7,59,0
50,3,15,0.20293492406739488,1,170,0
21,1,15,0.8026779188935619,1,140,0
39,3,17,0.9027875935155232,6,31,0
26,0,15,0.7389317539229888,8,51,0
2,0,13,0.9825861525108172,2,127,0
13,6,17,0.4806259659700435,13,99,0
22,1,17,0.2845030396604283,15,131,0
45,3,8,0.7335623740281755,0,77,0
38,2,18,0.983731006199885,9,150,0
54,3,7,0.9591839084059375,13,47,0
14,1,6,0.12699081871786552,11,83,0
55,5,5,0.8173960876750039,1,72,0
9,3,9,0.29616905466117743,0,138,0
47,4,22,0.18079127899694658,12,77,0
33,4,9,0.8132981025420845,15,74,0
5,3,20,0.6173610846066675,1,96,0
27,5,12,0.17730246142345948,0,40,0
3,7,21,0.0,3,66,1
11,0,22,0.6478763245833083,1,8,0
52,0,17,0.9794364307352458,4,136,0
25,2,8,0.5206213854383308,2,59,0
4,0,19,0.7542900171413911,4,67,0
31,6,17,0.9543339045407045,14,63,0
6,4,7,0.7486668306455256,4,64,0
16,6,20,0.26203036180500594,16,110,1
36,4,13,0.33791474084503564,14,120,0
35,0,16,0.5776573148314958,11,145,0
42,3,7,0.7412913497891809,0,62,0
13,4,19,0.4194632462103772,11,104,0
23,0,17,0.860451741044267,17,34,0
38,2,7,0.2863490360478953,0,73,0
44,3,12,0.9130420324177978,6,47,0
28,0,22,0.878132950947368,1,65,0
19,0,18,0.31949426186559926,0,185,0
9,4,19,0.45236919036019796,7,119,0
8,4,12,0.7243762043285007,8,22,0
18,0,4,0.13552776539389555,1,88,0
53,3,8,0.8288204813657257,7,130,0
12,0,4,0.41139863212761774,9,168,0
35,4,20,0.8712756845241278,14,35,0
42,1,21,0.4585843230638225,7,97,0
15,0,15,0.6993876329410031,0,57,0
20,1,14,0.5031523828848048,7,24,0
40,0,12,0.5950829102770214,9,67,0
17,3,17,0.7165660019599642,12,83,0
13,0,20,0.167882442241071,13,1,0
22,6,16,0.8640375531933856,6,121,0
19,1,3,1.0,11,117,0
7,0,19,0.11329788780164779,2,1,0
35,3,17,0.8602364436010081,14,151,0
6,1,23,0.8418192462811402,2,71,0
22,0,13,0.1099701256128705,0,61,0
8,1,8,0.6383048804953124,7,152,0
14,7,8,0.5980583636060325,13,28,0
42,7,10,0.9800460330260776,14,150,0
35,0,22,0.2919369070028112,15,134,0
48,7,5,0.9126816448665448,0,151,0
23,0,23,0.8846515436817515,2,140,0
14,0,15,0.5133676122027334,9,112,0
20,0,12,0.7485409661103186,0,35,0
12,0,0,0.6967438977576093,12,14,0
7,0,17,0.2476352211583061,7,3,0
13,7,19,0.4596175977032474,13,43,1
52,1,9,0.3792890072757432,5,157,0
2,4,9,0.6894009262682929,1,84,0
22,6,19,0.7880709823550397,0,185,0
51,1,17,0.8728811207205832,6,26,0
4,4,11,0.6921941669090472,4,56,0
6,0,20,0.9757798684323874,0,101,0
42,7,12,1.0,10,123,0
26,1,21,0.4384740048720832,10,17,0
15,3,9,0.707730823335303,14,101,0
48,4,14,0.9146341245294556,4,53,0
43,5,4,0.9860714073103772,10,168,0
35,3,8,0.10542883135227467,10,144,0
14,7,21,0.4561504998613065,14,177,1
42,2,6,0.0736683671506022,2,79,0
13,4,6,0.5900891013789302,6,167,0
28,1,12,0.1740700628634732,0,67,0
46,2,22,0.0480857014009787,18,80,0
61,0,6,0.09522658128242861,0,67,0
14,1,7,0.7985219806777815,14,20,0
6,7,11,0.2118994394139616,1,133,0
28,1,5,0.8426351927798942,11,41,0
11,4,23,0.09128800481088398,8,74,0
18,7,12,0.7809537682926986,6,173,0
16,6,16,0.38230872143002137,11,40,0
13,1,23,0.8828610824171088,13,38,0
12,4,8,0.569698687571279,12,119,0
35,1,19,0.9641955989218102,11,157,0
63,5,15,0.6539052842261425,3,92,0
19,0,18,0.7028514528625125,1,173,0
37,6,22,0.38942176593713507,10,105,0
34,2,6,0.41531810190288343,4,178,0
45,4,4,0.8968980374256197,6,160,0
3,1,18,0.6405753353267992,3,90,0
45,0,16,0.10535592718993492,12,96,0
59,2,5,0.6477836020476702,5,159,0
52,2,14,0.3234156379359585,5,154,0
35,1,8,0.9510881913747719,5,116,0
49,4,15,0.029716753723852518,8,42,0
39,7,9,0.7869017516565866,8,32,0
58,0,5,0.7165314793369492,2,165,0
51,7,19,0.5364050420100305,4,96,0
24,5,16,0.33225622287488515,9,156,0
47,0,17,1.0,12,161,0
36,1,5,0.7115634847331307,1,49,0
9,0,10,0.9053220395670722,1,1,0
55,1,20,0.5784582707861569,12,174,0
6,7,14,0.20886719785683538,6,170,0
33,1,22,1.0,8,134,0
12,5,16,0.5614583483651642,12,15,0
40,1,10,0.6012115743354626,12,150,0
6,0,9,0.8175011848151466,6,122,0
27,2,10,0.2394430020253509,2,65,0
42,0,17,0.9601394573853642,16,169,0
38,7,5,0.6297962993810492,8,68,0
11,5,7,0.5506976042848151,10,82,0
14,1,18,0.257556413463413,14,18,0
40,4,3,0.3762774721541298,0,76,0
55,0,20,0.12310918119265374,11,107,0
29,0,7,0.359137465403691,2,113,0
34,0,20,0.7282338114679512,12,183,0
41,2,23,0.8466348274031383,9,127,0
30,1,22,0.8681516669427544,1,115,0
31,1,18,0.6128586072282023,7,176,0
57,0,18,0.8147109795782178,6,127,0
31,2,21,1.0,6,159,0
14,3,20,0.1116743207420634,14,10,0
28,3,2,0.6414538619667443,11,37,0
11,0,9,0.5881310158488825,11,125,0
35,3,20,0.7588120588111766,5,62,0
9,4,8,0.10459162962374437,9,81,0
47,3,21,0.661410934102422,2,153,0
59,0,20,0.1715847938708575,11,108,0
11,7,17,0.36663672519228774,11,106,1
21,6,22,0.4560482868054303,10,177,0
14,4,21,0.8069624773570903,0,1,0
18,0,20,0.23989557302152015,5,9,0
22,0,23,0.35075044817623435,10,77,0
17,7,17,0.6647190769762485,2,172,0
42,2,20,0.9167003720522054,10,53,0
30,2,17,0.8178179137840781,7,47,0
43,6,12,1.0,12,107,0
14,2,10,0.580375337787472,8,21,0
12,5,15,0.8401098407867766,4,4,0
22,7,13,0.5953594329852072,8,56,0
35,1,17,0.2794741913795479,12,87,0
20,2,17,0.8523928814089022,1,131,0
40,4,5,0.12843726476064193,5,73,0
20,5,12,0.468675099111658,4,86,0
55,7,10,1.0,12,162,0
12,2,12,1.0,12,29,0
40,5,6,0.23503179722943165,16,33,0
10,5,6,0.06361630269895685,10,79,0
61,2,5,0.6085457964442151,7,56,0
61,2,10,0.2899911315241691,12,119,0
11,2,20,0.15813886960857407,9,68,0
14,5,8,0.730586510772395,7,147,0
47,5,7,0.3497049212513783,5,147,0
33,2,18,0.5667813962654598,14,50,0
59,0,20,0.1357905308921536,15,107,0
53,2,21,0.7903932149702396,11,149,0
36,5,7,0.9449906235481809,7,144,0
19,3,5,0.49553475107838785,6,180,0
37,7,7,0.08565417892621985,15,53,0
11,3,9,0.6126870258676478,11,58,0
17,1,4,0.4390835452436983,5,109,0
19,0,9,0.9387052127501819,6,22,0
20,4,20,0.9069707684595367,0,167,0
15,0,23,0.6185833444128184,12,149,0
29,2,11,0.28849006487578166,0,62,0
16,7,8,0.7654335605532588,12,46,0
54,7,4,0.2569492006701728,1,142,0
64,0,13,0.9395014376185268,9,123,0
23,0,20,0.07878914240262604,8,15,0
36,5,11,0.7001011074305447,6,16,0
45,1,8,0.5635606447048652,12,130,0
14,2,16,0.4393046976031115,14,135,0
57,2,17,0.7726984360455339,5,149,0
21,5,8,0.7601136355104731,11,104,0
45,0,19,0.8112501665439917,15,181,0
15,6,15,0.15947628701791813,15,12,1
56,3,6,0.451350922937304,4,146,0
14,0,4,1.0,14,121,0
9,7,11,0.9794490483647101,8,34,0
64,0,18,0.462631484250727,6,20,0
45,4,18,0.26582567718966454,15,84,0
14,0,23,0.8421661124303862,10,28,0
42,4,3,0.8542392204754685,4,130,0
17,0,23,0.657814397893426,8,103,0
46,3,9,0.31570171543268355,12,109,0
29,6,10,0.31233087325064013,0,31,0
32,5,5,0.20169566730666005,16,48,0
22,6,14,0.9579699684351382,8,124,0
28,0,4,1.0,0,20,0
61,2,9,0.13420708335974457,13,82,0
13,0,21,0.19906724488593128,13,130,0
62,3,5,0.2514216228400476,11,115,0
9,2,7,0.26152928507584045,9,140,0
16,3,20,1.0,4,129,0
57,1,21,0.0,11,88,0
15,0,2,1.0,13,121,0
48,5,17,0.6307657507587774,16,141,0
37,0,8,0.6839307493397435,13,163,0
23,5,21,0.9059304478418756,5,133,0
21,2,6,0.55965580267476,3,55,0
11,1,19,0.47812152642310335,3,134,0
37,5,14,0.08811571670299656,8,156,0
15,1,21,0.44423087432749647,9,65,0
14,2,18,0.8996252605763684,5,139,0
51,3,8,0.41374145293130304,8,181,0
3,0,15,0.9486023507355986,3,123,0
20,4,23,0.46611658609240236,7,120,0
32,1,21,0.4172663035564063,8,93,0
18,3,6,0.7495711325584407,9,168,0
13,0,6,0.31893390477258643,9,167,0
48,4,6,1.0,9,156,0
50,4,3,1.0,4,30,0
45,4,7,1.0,5,77,0
41,6,6,0.20795591191328736,8,49,0
7,5,16,0.8896286053613234,7,125,0
37,3,21,0.9188257499142733,0,120,0
48,7,10,1.0,15,103,0
22,2,20,0.5954221980811056,12,116,0
58,2,16,0.670210430446267,7,73,0
54,3,13,0.8834726045219176,12,110,0
32,0,16,0.12699620218814306,9,106,0
19,2,17,0.19774732140778786,8,139,0
13,3,6,0.5218016048543077,4,114,0
18,5,14,0.6169400085543442,7,173,0
38,3,23,0.9172657808217248,0,120,0
11,4,0,0.24307917758496525,10,97,0
17,6,14,0.883787387219138,4,162,0
29,0,4,0.8634113850812045,5,141,0
36,6,0,1.0,5,103,0
70,2,11,0.5648109838834634,10,48,0
22,7,2,0.8211475921097131,15,61,0
28,7,20,0.5963104593550599,13,25,0
31,2,20,0.6350982046541621,7,112,0
28,2,13,0.2129831325691491,2,92,0
20,1,17,0.0284628408591302,13,1,0
38,5,12,0.8203240624522872,5,170,0
8,5,12,0.9945727105453841,8,159,0
19,3,5,0.3482053630860056,10,137,0
11,3,7,0.5304691550632724,8,157,0
2,1,16,0.39894124361936234,0,74,0
59,0,13,0.8746808497419689,13,19,0
29,3,5,0.06818350193039618,16,58,0
6,5,5,0.16217364169966397,6,98,0
25,7,4,1.0,15,41,0
52,5,7,1.0,1,85,0
18,0,6,0.5800633656174891,7,169,0
16,0,5,0.3005260979617506,1,85,0
38,4,23,0.7388157164659693,6,131,0
1,6,7,0.09047293784728096,0,63,0
34,6,8,0.2964709518836057,0,46,0
8,0,17,0.741818472020008,8,141,0
17,6,8,0.6507917782528913,7,39,0
59,2,10,0.5351936867609587,5,144,0
23,2,11,0.9247544600334995,1,63,0
18,0,5,0.616316450273061,9,164,0
12,1,18,1.0,12,23,0
39,6,5,0.18928489461174108,6,146,0
45,3,18,0.6172730678949744,2,153,0
49,2,6,0.8450624216077508,0,69,0
50,4,4,0.04270963820501686,0,147,0
37,3,23,0.32712101667065724,4,152,0
45,5,5,0.8591562571875043,6,125,0
60,0,10,0.87616380124001,17,65,0
54,5,14,1.0,7,113,0
52,2,15,0.5049710421586957,10,117,0
48,2,14,0.46932598034558165,1,67,0
18,1,23,0.6794478048677877,11,160,0
19,1,12,0.8666166979724409,14,32,0
43,6,6,0.13237295170854368,15,32,0
50,0,16,0.7733914009870055,12,67,0
13,5,7,0.7800318496183919,12,128,0
41,0,17,0.2714268084802445,1,150,0
54,2,11,0.5437249233677166,6,173,0
18,5,19,0.6262862663555506,13,22,0
29,6,14,0.48327983245178,12,72,0
8,5,5,1.0,8,110,0
46,4,6,1.0,5,157,0
33,7,9,0.3542814367261973,14,38,0
5,2,8,0.33156180682867076,2,108,0
25,7,22,0.26552751124114193,11,180,0
29,6,13,0.5465247729465534,12,47,0
6,1,11,0.8267163892585143,6,166,0
11,4,7,0.9708406587655893,5,155,0
56,2,16,0.8428598113122124,6,14,0
22,0,18,0.3674904691887235,12,88,0
45,7,16,0.9930111849052913,5,114,0
50,4,17,0.6919567772885478,14,139,0
24,2,14,0.8065397395399353,0,63,0
11,3,13,0.9265534360466613,5,160,0
25,5,3,0.4894688827164675,10,48,0
47,7,18,0.17977646295600846,13,109,0
16,0,23,0.07588602579685022,9,83,0
21,5,22,0.5182236199886981,11,91,0
30,2,23,0.4811744002689301,11,89,0
1,6,5,0.14300415119998494,1,48,0
6,4,8,0.1746633787264686,6,66,0
8,2,23,1.0,8,40,0
12,5,2,0.7025684969146535,8,63,0
50,4,10,0.640891650774799,0,140,0
19,7,8,0.8526847395251974,10,47,0
33,1,18,0.6883841488715903,6,174,0
55,3,7,0.13390628169051125,0,147,0
0,4,9,0.6877562500723685,0,84,0
55,6,23,0.03874922681107282,8,31,0
25,2,21,0.4751061516721875,16,95,0
19,2,7,0.7042203711185285,10,24,0
12,7,8,0.8720326502613018,12,40,0
37,3,9,0.6331332917363198,0,56,0
47,3,4,0.5482177746731862,8,188,0
42,6,23,0.7036571182794323,8,101,0
40,6,21,0.21039954538771474,0,84,0
5,6,13,0.8623017186697077,5,48,0
30,7,9,0.7482148310706191,9,8,0
4,0,23,0.044242335129879795,4,105,0
16,6,20,0.4928505700041616,5,24,0
9,4,19,0.9502036117905966,9,50,0
1,7,15,0.2948214895214127,1,63,0
68,2,10,0.6769062115622433,4,159,0
58,1,16,0.8135133037266047,14,134,0
16,0,19,0.5241549690350518,8,103,0
37,6,10,0.7189456480387219,10,27,0
44,7,3,0.9194319135162833,0,164,0
9,0,9,0.4167559188639708,9,131,0
56,4,8,0.5452430658993599,6,58,0
31,1,23,0.2514925114920159,8,96,0
31,0,8,0.945725532027649,6,99,0
19,2,19,0.8847132158453572,13,56,0
21,1,23,0.6826874227192131,13,34,0
34,4,23,1.0,8,116,0
25,5,3,0.3295875829147213,2,166,0
6,1,12,0.28266992275693476,6,10,0
57,2,12,0.7453951883346865,6,143,0
46,3,18,0.25732640668008144,2,146,0
14,2,23,0.7419730305798449,5,56,0
30,5,7,0.5950207330259781,3,169,0
33,2,18,0.10045667667529208,6,93,0
10,6,10,0.9872395774916657,10,41,0
18,0,18,0.1476115222296936,11,143,0
54,5,4,0.30836700983653376,3,172,0
24,1,11,0.05105859723620523,3,71,0
16,0,5,1.0,16,117,0
41,3,7,0.3288293134545329,13,142,0
46,7,14,0.6351017502756189,15,141,0
50,4,14,0.7470554852091502,2,77,0
52,0,11,0.9206639795287702,8,126,0
47,3,18,0.937123442529179,14,53,0
61,6,22,0.1519766290898844,6,8,0
6,7,23,0.20702620357087914,6,47,0
46,5,6,0.3278081181269631,4,177,0
7,0,10,0.5793802579908254,2,47,0
10,4,7,0.0625628713866361,10,90,0
42,0,18,0.9826240202059014,13,175,0
59,2,8,1.0,10,2,0
45,0,13,0.6035692186681527,8,143,0
17,6,15,0.7433340986060535,8,183,0
35,5,7,0.9926385892209352,6,151,0
56,4,22,0.8524947892134742,14,168,0
6,2,17,1.0,6,173,0
22,2,20,0.8422253903210628,3,163,0
42,3,11,0.8243892096733382,11,71,0
41,7,6,0.5879721724730067,8,80,0
44,0,15,0.5110025571511333,5,149,0
23,3,23,1.0,5,136,0
10,6,19,0.41250671536879596,10,106,0
44,6,7,0.2449036912274553,11,36,0
28,1,7,0.7376704979289401,3,104,0
56,1,18,0.8879951930062098,5,140,0
33,2,8,0.3580592261191248,5,55,0
61,0,14,1.0,18,34,0
8,7,6,0.5410815219087899,8,65,0
16,3,10,0.9734157972378623,12,131,0
30,2,21,0.4841110978121816,16,86,0
55,5,13,0.09030765590090846,16,102,0
43,2,5,0.3024699578644712,10,37,0
54,3,12,0.3288261385292758,13,118,0
49,3,16,0.9669205475671767,5,116,0
24,2,18,0.8685090984709782,1,155,0
32,6,9,0.8346652712386252,4,133,0
42,0,7,1.0,7,101,0
39,0,12,0.5258880331914213,4,97,0
38,6,19,0.8884253280065141,7,53,0
17,4,16,0.4827351147376445,10,108,0
19,2,7,0.36602117510753074,4,103,0
53,7,5,0.14968637376665672,5,72,0
24,7,13,0.5559432793470602,11,68,0
15,5,23,0.6445960282090608,9,99,0
44,5,10,0.23127625798593524,0,23,0
36,7,8,0.5624479259297454,5,82,0
50,4,17,0.25882275279933425,7,14,0
40,7,7,0.950643382382788,4,56,0
41,4,4,0.023251985708690026,0,85,0
34,3,16,0.5643571129969971,14,49,0
39,1,19,0.9383751862263882,9,68,0
54,7,3,0.44944223239647885,1,160,0
9,7,6,0.6552633332760773,9,52,0
37,4,6,0.9879645377032829,8,151,0
14,0,6,0.22756901421044157,2,98,0
51,3,10,0.6146923245694166,13,53,0
63,2,10,0.7431130366045949,0,163,0
11,7,6,0.5911741596788487,5,80,0
15,0,18,1.0,15,33,0
12,0,12,0.5397915086178481,0,41,0
9,3,12,0.8755789625837802,5,156,0
35,5,21,0.12553214299013,0,106,0
36,7,19,0.1818432176444259,2,72,0
7,2,14,0.9496252316064435,4,174,0
29,7,5,0.20842731869784464,8,166,0
17,3,15,0.29527109971734905,13,10,0
14,4,10,0.3858625176328543,4,165,0
40,0,9,0.650356799953647,4,137,0
52,1,6,0.4402163507814435,5,33,0
21,1,23,0.4704503527095183,13,25,0
37,0,4,1.0,1,52,0
54,6,18,0.4580961144690464,8,15,0
20,3,6,0.9627530953671442,12,103,0
38,7,7,1.0,0,29,0
10,2,20,0.7603844154650216,10,34,0
24,1,17,0.2870219685071692,1,172,0
6,6,14,0.9563796409290787,6,174,0
52,0,9,0.5633960651700384,6,155,0
10,6,17,0.6462850968413281,0,50,0
44,2,4,0.5240376067952848,8,165,0
33,1,13,0.24910458325813423,1,57,0
63,0,19,0.77344015613649,1,140,0
3,7,6,0.08511550665473384,3,48,0
34,4,10,0.49160928548328764,0,31,0
31,6,8,0.5555275418543233,7,76,0
52,6,7,0.6911034266551948,11,71,0
39,7,9,0.2228132182787153,12,60,0
68,0,6,0.8098003083913345,11,1,0
52,5,6,0.0,1,150,0
9,1,5,0.6556078672759849,4,18,0
9,0,12,0.41304709129923495,0,59,0
8,7,7,1.0,6,60,0
39,4,8,0.7542863414044808,18,147,0
27,5,15,0.9950297008806772,9,45,0
41,5,12,0.820530608169274,9,26,0
61,5,10,0.22773595645300512,14,86,0
35,4,9,1.0,6,42,0
11,3,8,0.4168187205799366,8,170,0
14,7,17,0.5279437176418471,14,43,1
8,0,5,0.4794995572090314,8,107,0
22,3,8,0.8059949823735689,5,162,0
53,0,15,0.7492313252788618,2,131,0
12,0,15,0.4856457077593628,4,116,0
32,3,17,1.0,10,152,0
37,4,3,0.9995323033392894,8,143,0
49,6,18,0.6708712290789887,15,156,0
30,0,21,0.02385193123401197,16,139,0
27,2,22,0.6776891494431458,13,98,0
49,7,15,0.9983090836930998,9,131,0
34,6,0,0.0,14,45,0
26,7,18,0.5098368166268433,12,42,0
57,0,12,0.5256970270051061,5,68,0
34,4,17,0.2928998187980215,8,116,0
1,6,21,0.31113947138254755,0,60,0
32,0,20,0.7104037946142995,11,50,0
49,3,12,0.6871778877663398,14,43,0
58,2,6,1.0,11,10,0
4,0,11,0.5471414828758175,4,45,0
45,4,5,0.5854006694247426,4,120,0
45,0,21,0.31373810544266834,3,128,0
8,7,8,0.11182585198681853,6,96,0
41,4,8,0.8031666140283544,0,71,0
63,0,5,0.7944829363445023,3,155,0
64,6,11,0.16386112959218538,8,103,0
41,7,8,0.5891460360577199,0,163,0
15,5,20,0.22525991953472763,12,122,0
53,2,16,0.8778604784499391,4,149,0
47,4,6,0.6063201693454918,2,136,0
34,4,2,0.9443684739122911,9,118,0
6,7,18,0.1542284216405254,6,58,1
30,0,9,0.0935481293853553,0,83,0
9,6,20,0.5930408488577251,4,136,0
21,0,3,0.9402671550345088,0,6,0
5,6,6,0.17671971587571222,5,45,0
13,6,17,0.4949882265014709,13,80,0
19,5,8,0.3978926936874411,4,167,0
35,5,7,1.0,5,148,0
10,1,19,0.9200228815077034,10,41,0
63,1,7,0.5717557148829062,13,52,0
8,3,9,0.6989393984242582,0,66,0
44,7,3,0.8034633221902799,0,21,0
43,0,12,0.3202867729140617,14,136,0
22,0,13,1.0,13,32,0
48,6,16,0.7125783603621371,6,130,0
57,1,16,0.1809215776433819,11,77,0
28,0,5,0.9149705153764974,5,127,0
20,5,17,1.0,2,145,0
55,0,6,0.1737628283117665,0,69,0
55,6,22,0.8993373973982212,7,169,0
30,7,6,1.0,1,125,0
3,1,23,0.24986467430274903,3,109,0
36,0,14,0.23323795469432984,0,141,0
46,2,7,0.0,7,147,0
15,2,23,0.48695352848234924,8,119,0
22,1,13,0.08634113715560876,2,144,0
49,2,8,0.16952263591858796,11,29,0
27,2,10,0.7153310304262177,2,159,0
13,0,3,0.9757939432028614,13,103,0
69,0,11,0.9499722903350186,11,32,0
6,4,17,0.05635952031238119,6,2,0
11,3,21,0.21924929353206524,3,86,0
13,6,20,0.3828675792299349,10,113,0
53,0,22,0.39347973729473773,6,105,0
52,2,20,0.8320117999556411,6,117,0
65,4,20,0.22912241759683213,5,20,0
4,0,12,0.7844340879499107,0,109,0
30,1,17,0.7981589065510122,7,65,0
14,4,8,0.5686123784552838,9,150,0
16,5,16,0.2655975884392966,12,110,0
30,5,9,0.3440679906955191,1,53,0
18,4,10,0.701336544053589,2,75,0
41,3,21,0.796856958993112,7,59,0
53,5,23,0.12615620627122334,15,86,0
36,5,7,0.8135877563546808,5,126,0
35,2,21,0.5064566154097304,7,160,0
43,0,6,0.5989397826845697,7,92,0
12,1,19,0.25108382950811997,12,3,0
41,4,0,0.2058956258273737,7,156,0
8,7,13,1.0,8,70,0
17,1,15,0.8062186545060223,14,112,0
0,4,15,0.9050781086225965,0,24,0
47,0,12,0.6586113948951655,10,137,0
44,6,6,0.7060904806521212,0,68,0
17,0,7,0.9998588914601196,14,128,0
14,6,20,0.31482855954547745,14,47,1
6,2,17,0.6380421891802005,6,159,0
13,0,6,0.16517217366482,13,80,0
39,2,9,0.850195216255107,8,92,0
27,5,9,1.0,1,36,0
17,7,15,0.760628017297352,9,67,0
25,2,22,0.7573944826603554,11,156,0
14,7,10,1.0,4,187,0
31,6,4,0.17057473300567888,12,34,0
22,2,12,0.1362327715389465,1,24,0
46,0,20,0.8837058398164759,7,21,0
52,6,13,1.0,1,26,0
14,0,19,0.20919143254614408,5,17,0
29,6,4,0.9419653383755234,1,136,0
32,7,4,0.9900342260530683,0,147,0
13,0,19,0.05825703372378854,9,7,0
34,0,22,0.9817423145438149,3,121,0
43,5,6,0.9871779662516086,1,4,0
49,3,10,0.7075082041853453,4,139,0
19,4,7,0.5336374060277186,15,50,0
24,4,21,0.4491386530629398,8,54,0
35,0,22,0.15646608891619435,15,148,0
37,0,5,0.9784364227337389,7,180,0
13,0,19,0.2609502040399559,13,136,0
57,2,19,0.08900241883114035,9,91,0
18,2,5,0.8304832413006336,9,121,0
6,0,8,0.6171854075084441,3,13,0
11,1,17,1.0,1,72,0
3,7,14,0.7381222961251778,3,178,0
20,1,22,0.6006279751696944,0,86,0
61,5,18,0.6789525769861446,4,97,0
27,0,12,0.2077496665541465,3,76,0
9,3,7,0.5219187850724247,3,150,0
43,6,6,0.1571259244615223,11,40,0
16,7,18,0.39545124127079145,16,44,1
36,5,7,0.5374595793071111,6,86,0
14,2,3,0.7268355883675705,14,9,0
47,0,12,0.5607575822344657,5,177,0
7,6,7,0.3197138333474381,7,92,0
38,4,3,0.09639678561157028,10,142,0
25,6,3,0.9495375555356661,13,57,0
10,5,23,0.3335489253196084,4,21,0
17,4,20,0.6549241989486801,9,32,0
39,6,18,0.2345562715075155,0,101,0
10,6,19,0.9543304198407454,0,156,0
53,5,6,0.04273351691536979,0,151,0
33,6,11,0.33001886812123127,0,40,0
49,5,9,1.0,13,156,0
9,5,15,0.7087077493264917,9,61,0
17,6,23,0.6298399575692846,13,67,0
44,5,19,0.3249552976326771,12,102,0
54,2,13,0.10144343790271995,12,77,0
5,0,12,0.35126447680337985,5,122,0
49,3,14,0.3423570772899007,2,148,0
8,0,11,0.9344790383537744,2,21,0
32,7,12,0.9806595922802965,3,90,0
11,6,3,0.15829500550294656,11,77,1
38,0,13,0.8094744446973909,14,95,0
24,5,17,0.5413982108032931,0,181,0
15,4,12,0.41959433310325334,15,70,0
28,0,4,0.7025214020449784,4,148,0
30,0,16,1.0,13,169,0
25,0,23,0.3822427214338767,7,80,0
2,4,22,0.47907589385026594,2,106,0
22,6,16,0.3912637104983371,0,128,0
33,0,22,0.22250927755244262,10,142,0
45,0,16,0.7582829630896691,12,46,0
25,2,11,0.623969257258368,3,21,0
8,7,4,0.9175553608264307,7,39,0
1,0,16,0.7030116546181098,1,114,0
67,0,15,0.6763589669660701,5,126,0
8,6,23,0.21414221637138192,5,67,0
48,1,9,0.5203702276595592,11,41,0
8,6,22,0.35801221084717333,5,63,0
4,6,11,0.7158298660643638,1,42,0
19,4,3,0.19397114471836724,13,86,0
45,0,11,0.6967106602609452,5,82,0
8,6,6,0.9035104525310474,8,32,0
18,0,22,0.22046913297980975,4,14,0
27,0,9,0.24111655659363715,3,106,0
28,0,4,0.9848613407694602,1,128,0
3,1,17,0.7293690228201716,3,134,0
32,4,17,0.891235155314913,10,147,0
13,5,18,0.5308311045834702,11,77,0
10,3,16,0.5131350962669481,1,78,0
9,0,10,0.4553149525427966,9,191,0
44,3,14,0.7880765116416161,6,46,0
54,0,12,0.11835229678846963,10,49,0
17,4,16,0.30302726012006376,4,135,0
14,0,9,0.7471543271622852,11,156,0
14,3,19,0.4728435185347154,11,23,0
46,3,18,0.7637762400601263,4,136,0
42,3,12,0.8342389215929189,2,33,0
23,2,7,0.5402814842048843,13,49,0
10,4,12,0.4102368422558068,0,81,0
5,3,15,0.1424205828934232,5,1,0
55,3,7,0.3421151674311166,4,148,0
46,7,20,0.3886220199542707,1,86,0
53,4,8,0.4318188033856189,7,162,0
50,4,5,0.7440250318771064,1,86,0
20,6,20,0.7130374570613925,0,162,0
29,4,20,0.3319167168607669,7,91,0
8,7,15,0.41116628945846917,1,66,0
11,7,13,0.710252839887014,1,47,0
28,4,8,0.4044265468335635,1,96,0
18,2,17,0.7908981320353287,14,112,0
62,7,20,0.13206968694320834,4,10,0
2,2,23,0.24452031175972272,2,99,0
51,6,6,0.8028918248916133,0,53,0
23,1,7,0.27025480967512194,2,78,0
60,0,6,0.9088242557168179,15,1,0
39,5,6,0.392951435177211,1,16,0
59,4,13,0.16560852355489936,10,89,0
7,3,16,0.8100961030860394,1,44,0
11,0,16,0.8455756396562073,1,47,0
13,4,21,0.4076057559796573,10,84,0
34,7,14,0.8692290739821674,3,121,0
15,0,19,0.8200121000552413,10,27,0
26,3,8,0.42094587309328246,4,49,0
8,6,14,0.7332845992251752,8,26,0
30,3,5,0.2976494593131283,9,151,0
43,7,6,0.017995790404832512,8,75,0
33,2,4,1.0,7,149,0
44,4,6,0.47838470690468904,8,177,0
6,5,8,0.6443321237640955,6,73,0
32,0,9,0.29441945356067123,0,53,0
39,2,23,0.19326680682395622,0,151,0
38,6,16,0.8524962518560605,13,140,0
16,3,16,0.1448928644942327,7,108,0
17,2,22,0.6427312672654926,14,51,0
63,1,6,0.3998299694441596,4,40,0
40,2,5,0.42491883926164364,8,126,0
35,3,17,0.8464501316932731,3,47,0
32,5,18,0.7720669596321009,4,127,0
56,0,13,0.9835460295389462,13,28,0
12,1,20,0.1836003828676288,3,113,0
14,3,17,1.0,5,36,0
55,2,18,0.8083770600917131,4,140,0
42,4,4,0.5101710203463277,0,74,0
38,4,4,0.586434566969409,10,68,0
47,2,16,0.20667108046441615,5,166,0
17,4,6,0.34728997203999845,8,163,0
28,0,18,0.7892515310509213,9,44,0
2,0,11,0.6251604078787522,2,77,0
9,5,14,0.8964556949561556,4,50,0
18,7,23,0.6498198433464957,5,118,0
26,5,19,0.9078989956062011,4,158,0
32,6,7,0.20976449136590847,10,51,0
26,7,9,0.11180704965449909,6,157,0
20,2,19,0.8051694316643622,12,40,0
16,0,14,0.8979085855633958,16,16,0
40,2,15,0.7642823410178033,11,48,0
12,1,16,0.8964374038413165,12,28,0
59,0,10,0.8420667113432854,12,42,0
8,2,23,0.12632389961610846,0,106,0
16,0,5,1.0,12,102,0
19,7,15,0.8126570979190569,4,186,0
37,6,10,0.7484983613742914,0,13,0
54,7,21,0.8188104773138722,11,187,0
20,2,7,0.9346163535548366,11,97,0
29,2,16,0.31736313503577657,0,31,0
8,6,9,0.35536163463621484,7,105,0
47,0,12,0.7385458101131653,6,155,0
16,0,12,0.5305440885258551,11,156,0
53,6,6,0.03924806070034406,3,156,0
58,3,15,0.17114808256364725,15,99,0
49,4,8,0.9789308100697497,9,78,0
19,7,10,0.5504226999321868,11,47,0
10,2,15,0.7941080092089249,7,178,0
0,3,13,0.43276694881321615,0,77,0
20,2,23,0.8877782409951046,1,144,0
41,7,8,0.8793448179626318,11,158,0
28,7,5,0.22754097506406695,17,21,0
19,0,22,0.2678275858725237,5,11,0
9,2,11,0.4704122504951159,1,65,0
4,3,23,0.2030815200388613,4,100,0
59,0,13,0.8115364356968309,12,41,0
13,5,11,0.7388915872143103,13,119,0
35,3,18,0.23721191343387488,8,110,0
67,0,11,0.8641508126841021,10,140,0
43,0,13,0.6501260471668968,4,70,0
27,5,18,0.29975102630415484,2,168,0
33,1,21,0.39496725179565284,2,151,0
29,0,9,0.3097208283423473,3,77,0
51,6,4,0.452894088961156,3,29,0
41,1,23,0.9640087371152427,8,156,0
25,3,19,0.2133372768565418,9,131,0
4,0,15,0.40395977373612857,4,124,0
24,0,18,0.7333516242843326,13,106,0
52,5,9,0.7022746200032608,0,165,0
53,2,10,0.516157154196,5,148,0
18,0,21,0.6088766200751624,5,1,0
42,0,12,0.6542700076064167,15,140,0
33,6,20,0.6060323138630863,14,31,0
23,0,19,0.7802351218050333,0,74,0
42,3,11,0.6248207051693389,12,56,0
37,2,9,0.7705990551395835,14,139,0
10,7,4,0.16181307780807466,7,90,0
43,2,8,0.2999598039314658,9,172,0
53,2,11,0.6589320851207557,5,28,0
11,5,16,0.8298796962605539,5,159,0
24,0,17,0.06881289788816733,8,18,0
55,2,17,0.42276895616590354,6,167,0
44,3,16,0.38520347022947776,7,151,0
44,3,7,0.24262847423351458,2,68,0
51,6,7,0.18350336014746305,11,55,0
51,2,3,0.9965507379766031,0,66,0
16,0,23,0.2845861184920927,13,160,0
27,5,17,0.2629989106806834,8,122,0
22,3,22,0.838337023024848,3,146,0
41,7,5,0.3785513709547949,10,48,0
6,0,13,0.3391970974458056,6,117,0
44,2,12,0.559576003147985,6,158,0
16,6,21,0.7337357000008982,6,91,0
40,4,15,0.26101748013578463,7,154,0
19,2,9,0.16086362180284472,1,85,0
44,0,9,0.4073702871838135,6,87,0
5,0,14,1.0,5,110,0
16,3,5,0.8511043009617518,8,2,0
37,4,23,0.9690070747123929,10,128,0
45,1,16,0.09235162035409084,3,129,0
15,3,16,0.6158606679369435,3,57,0
10,3,18,0.1805969798711682,8,138,0
40,5,6,0.9565706106763475,0,12,0
28,6,17,0.800494542572868,8,156,0
25,5,6,0.36935593955580687,4,180,0
16,4,12,0.3171467513721411,13,57,0
43,0,18,0.8078338677853105,3,28,0
28,5,21,0.7523581521506586,12,43,0
40,4,4,0.14973548431171219,1,149,0
12,7,22,0.37050650249757877,9,71,0
52,3,13,1.0,2,2,0
6,5,16,0.8547934317307481,6,171,0
19,6,18,0.38805401740938117,15,43,0
47,7,17,0.29431282322032226,10,111,0
42,5,19,0.3960371827070662,3,83,0
30,0,2,0.9365255319336108,2,36,0
12,3,20,0.5164319077009466,7,149,0
39,0,9,0.5958160781251101,8,80,0
36,0,11,1.0,4,124,0
55,4,18,0.5752894519960444,8,27,0
34,4,10,0.0,1,84,0
3,2,16,0.0,2,1,0
14,7,11,0.7588307227918237,8,36,0
17,3,9,0.3861852803862493,9,73,0
30,0,16,0.1258328827367526,2,153,0
39,7,22,0.2448781907832894,0,85,0
9,1,20,0.512192180776582,9,128,0
4,1,23,0.2456108920384109,4,96,0
72,0,21,0.645182550905754,7,120,0
45,7,17,0.6557739965107816,18,154,0
33,0,7,0.8227851608271916,7,51,0
62,2,8,0.7394892290137719,9,143,0
46,2,8,0.5932548021075712,0,152,0
37,2,21,0.5013184089321512,7,109,0
23,6,17,0.6021887326839466,12,47,0
42,0,8,0.8188470105348916,0,147,0
56,1,6,0.9884761048569809,2,48,0
9,0,18,0.4360513744364081,5,96,0
60,1,17,0.08709014500654362,11,64,0
18,1,9,0.18034337682557142,7,89,0
21,4,9,0.6044129201909033,15,118,0
9,6,9,0.8776371857808177,8,40,0
30,3,3,0.26632418428983706,10,130,0
13,7,17,0.16482852401021147,13,103,1
34,1,2,0.16732634830676374,8,132,0
25,5,16,0.20244701585576724,9,120,0
56,0,20,0.2696327282101964,4,135,0
55,0,4,0.8905494470602501,3,153,0
53,3,6,0.8302893659639751,2,36,0
47,5,3,0.21768754192003176,12,31,0
21,1,22,0.48303258135776217,10,163,0
16,3,23,0.8881890219794412,10,46,0
46,5,15,0.3438741455116293,8,165,0
46,5,9,0.482344766601578,14,125,0
36,7,9,0.5947843457836494,4,83,0
16,0,10,0.5320542496336074,2,64,0
28,5,22,0.4466835411696057,11,171,0
37,2,6,1.0,1,48,0
34,6,11,0.8236283640160165,1,89,0
43,4,5,0.8925759185298009,12,44,0
31,7,6,0.0,10,48,0
52,0,20,0.46240307697135513,5,59,0
10,5,17,0.3543230388131581,2,11,0
17,2,9,0.6398615713088948,7,136,0
5,6,6,0.683089354955063,4,78,0
49,5,20,0.7524531527746914,12,174,0
26,4,13,0.3016772466914289,3,129,0
33,3,23,0.43945662396847807,10,108,0
53,3,22,0.6605834740990746,0,142,0
7,0,18,0.9385893783498166,0,73,0
26,6,20,0.4018278484225703,10,165,0
15,3,11,0.3207345931372322,15,11,0
22,5,7,1.0,5,64,0
61,1,14,0.0338636669748944,13,57,0
52,1,19,0.7762592559176612,0,147,0
12,3,13,0.13221741277626142,12,19,0
33,0,15,0.7938043949551677,11,44,0
14,3,23,0.6273686816451177,7,109,0
63,5,19,0.17284160598489237,5,16,0
8,0,14,0.9355472424103454,3,145,0
31,0,20,0.5146840740960559,8,57,0
46,2,5,0.20977011465865936,9,165,0
7,0,17,0.4571321438787408,7,115,0
61,2,23,0.7543209566857787,11,163,0
15,4,23,0.28970957999747793,5,98,0
31,1,11,0.11962381149730547,0,79,0
20,3,21,0.8736476026522295,5,134,0
10,4,7,0.35880373380792124,1,72,0
31,3,5,0.24055197905744324,11,43,0
31,0,16,0.9599332649915087,7,121,0
34,0,23,0.2510046211088655,5,170,0
64,1,21,0.24200073068933306,15,89,0
14,0,9,0.41445164398413503,3,157,0
54,1,9,0.7527308113102054,13,3,0
11,2,23,0.32766616057175746,0,95,0
33,4,1,0.8924862480384966,12,49,0
42,7,5,0.21566831194788252,4,64,0
27,5,21,0.3790476283041687,10,172,0
35,1,23,0.995964146847084,3,119,0
47,7,12,0.8679613850552703,11,145,0
14,2,18,0.1628379579948887,6,128,0
24,6,7,0.9259544340297362,14,50,0
38,1,22,0.3171241398204121,11,78,0
24,5,22,0.5021320477294874,13,164,0
13,3,5,0.48570145230253614,4,84,0
3,0,12,0.8911684265140931,0,115,0
47,0,23,0.9688495539128364,1,90,0
43,6,8,0.24216322239923604,9,56,0
24,4,20,0.7846294268410889,2,144,0
21,0,20,0.772341962325901,15,28,0
27,7,23,0.3608251323182642,15,164,0
34,2,18,0.9892383361731039,1,150,0
15,3,8,0.18440067206374677,8,149,0
16,6,19,0.5954964348469738,11,171,0
23,0,20,0.07280352295647363,14,140,0
27,0,9,0.3349583017282476,5,132,0
39,3,20,1.0,11,49,0
56,0,14,0.5017816106495764,8,144,0
63,1,19,0.04189422582698615,13,108,0
24,4,17,0.1737884427808835,7,136,0
30,0,18,0.6926680386215596,4,177,0
40,5,4,0.23689325408345752,10,169,0
40,3,13,0.5092870271538619,9,144,0
29,3,2,0.12314013237762098,13,37,0
50,0,15,0.4025723521890096,7,163,0
19,1,18,0.7195791267228342,1,1,0
25,4,9,0.7037919982636527,12,103,0
5,7,23,0.21029180241020778,1,46,0
21,2,16,0.9351637427277948,10,49,0
23,0,18,0.34494077533667605,0,171,0
36,7,18,0.24324464665622494,0,75,0
46,4,6,0.5186565179779883,9,113,0
19,0,19,0.7528026095294185,0,9,0
36,3,7,1.0,7,71,0
42,5,3,0.7441493506529355,5,116,0
11,0,13,0.38703880504877564,0,159,0
22,7,19,0.6628887766502302,9,39,0
47,3,16,0.5624371859439719,5,169,0
71,0,12,0.7001321344752467,14,124,0
40,4,1,0.2029459849849559,0,69,0
40,1,20,0.8160946342315831,6,27,0
55,1,12,0.6315974191721291,5,135,0
64,4,20,0.7247157357401028,16,162,0
32,7,5,1.0,3,136,0
35,4,18,0.8171695564090375,13,50,0
1,0,18,0.4490938312840309,1,121,0
28,0,20,0.9944968728388112,5,121,0
18,1,21,0.09779123331600585,11,56,0
28,7,10,0.2667460788240528,0,44,0
43,6,5,0.5311655308428188,0,154,0
59,1,22,0.4873800370814642,6,113,0
46,4,4,0.759418574531525,0,72,0
34,0,18,0.9182027928363881,4,104,0
22,3,7,0.4253809850874594,0,170,0
27,4,21,1.0,6,140,0
51,5,7,0.11035218490855359,2,137,0
59,6,16,0.8523017389922967,9,119,0
27,5,19,0.9354340698229722,8,146,0
50,0,16,0.4621457954046075,4,60,0
28,6,18,0.4377841398704766,9,154,0
39,3,23,1.0,8,120,0
12,2,22,0.08410805701452714,12,72,0
23,7,23,0.3810924820022826,11,184,0
51,4,19,1.0,12,55,0
44,7,6,1.0,0,166,0
36,6,5,0.04510947032756485,0,41,0
19,1,10,0.8382701140802198,0,33,0
13,1,11,0.8544560893986498,0,29,0
12,5,5,0.8977152514952359,9,68,0
13,0,23,0.7950874733600567,3,88,0
26,4,22,0.24493075141148216,11,27,0
47,0,16,0.7825222005389109,11,42,0
30,3,22,0.3069716927868806,1,143,0
46,3,13,0.22459172551287976,2,36,0
51,2,16,0.3369083033543104,1,163,0
23,4,16,0.499949507932516,0,122,0
49,0,5,1.0,0,153,0
37,7,4,0.21639917874988615,17,54,0
42,1,12,0.5087710369176045,10,154,0
57,5,18,0.47282270389891734,6,1,0
59,0,14,0.22723681746483915,10,105,0
40,1,8,0.7335853000389984,4,56,0
4,4,11,0.478881204117659,0,73,0
22,1,12,0.20304058803888758,15,13,0
23,3,17,0.8465899510049526,15,44,0
57,0,10,0.6214548214115938,14,43,0
25,1,23,0.24748960098690825,11,132,0
28,5,8,0.8373576790159454,6,22,0
9,7,11,0.564680606319899,8,77,0
12,1,23,0.7438344895729696,5,75,0
33,5,9,0.8717424356281185,3,158,0
54,5,17,0.41790304482199814,5,8,0
5,0,13,0.20212638569179925,5,4,0
36,1,3,0.09535457684331544,0,83,0
36,3,18,0.05131646624023947,1,165,0
28,6,7,0.0744818901412683,8,170,0
43,5,6,0.9393147872400276,9,112,0
49,1,16,0.6688704907759383,2,61,0
14,6,10,0.9937125377050208,6,182,0
7,6,13,1.0,7,161,0
53,2,9,0.7396738359397612,14,55,0
31,4,21,0.9584938430979983,10,153,0
16,6,20,0.5078870246197472,4,122,0
31,7,19,0.5024418921726701,13,168,0
5,7,15,0.7813531951893964,5,33,0
25,6,2,0.9158097165052039,12,74,0
38,0,11,0.9496454966712585,7,105,0
20,7,6,0.5475401890948308,12,120,0
39,4,9,0.6538212092589227,5,116,0
39,0,9,0.5313086199487292,8,79,0
42,3,6,0.17690095816192808,2,89,0
33,0,18,0.7750507964681483,7,179,0
52,3,10,0.5374451108769126,4,62,0
11,0,9,0.5886621438104005,0,34,0
38,3,19,1.0,14,186,0
3,7,17,0.4104184685433491,3,64,0
19,0,19,0.11300940073285584,14,126,0
62,4,14,0.5978786756977653,8,19,0
49,4,12,0.5461167312846316,9,1,0
22,4,22,0.9489671601800316,6,139,0
22,5,14,0.17941777176534177,0,75,0
36,7,4,0.14059803962031708,4,76,0
47,1,18,0.8608884270827358,11,46,0
20,2,21,0.7923582479376026,14,32,0
22,3,14,0.23403734513239527,9,127,0
51,4,12,0.056874273087017035,13,63,0
63,2,16,0.7529113579092603,5,95,0
52,0,13,0.8472935429455887,4,115,0
13,0,12,0.3185375326892028,0,147,0
8,6,17,0.23293084221402022,8,99,0
47,1,12,0.31299431350084705,2,156,0
15,1,7,0.2516023759143418,0,77,0
40,6,15,0.46222507516350764,8,115,0
7,5,6,0.6565124723246871,7,65,0
41,4,4,0.9751825881408415,6,126,0
2,0,19,0.5915315473764101,2,98,0
49,0,18,0.9087474580397187,9,43,0
9,0,21,0.846625132053829,8,58,0
54,2,17,0.6714373422573315,0,156,0
32,0,7,0.8739778611701421,4,150,0
0,5,13,0.678194340618871,0,56,0
55,1,16,1.0,4,125,0
55,4,13,0.5177714462902263,13,31,0
55,1,20,0.7708641424531258,2,151,0
34,0,12,0.8020786924166396,0,45,0
47,5,16,0.12457812807420943,8,171,0
7,7,23,0.12112860810112105,7,50,1
73,0,3,0.8554793556799464,0,144,0
6,5,10,0.4835191819065123,4,175,0
13,0,21,0.5531085170883422,9,128,0
47,6,18,0.3519037694109268,6,95,0
31,1,9,0.5080092766788203,11,55,0
3,2,15,1.0,3,168,0
61,3,5,1.0,2,45,0
44,3,23,1.0,9,128,0
31,3,8,0.2332123017277336,4,82,0
64,2,20,0.674942077426506,11,160,0
28,6,6,1.0,10,153,0
18,2,4,0.2381242023421896,5,111,0
37,2,22,0.9279634468840093,4,99,0
27,6,7,0.25482509947777715,14,51,0
49,0,19,0.501147542981775,7,95,0
58,0,5,0.0,0,64,0
41,5,6,0.7703465730745999,7,149,0
29,3,21,0.6071255374626515,0,81,0
8,6,8,0.16506966826183023,8,85,0
4,1,12,0.31338698967421086,4,67,0
25,1,20,0.9400687717990932,16,34,0
28,4,8,0.6341610254545915,12,103,0
45,7,8,0.9037349654236634,0,33,0
58,4,12,0.9192805519224282,12,118,0
61,6,23,0.8478453835414737,12,189,0
22,1,20,0.7532818405287579,12,141,0
15,3,17,0.4262510041824277,3,120,0
54,3,5,0.9331502668533547,1,76,0
13,1,22,0.6436488005475721,1,81,0
42,0,8,0.9916622180724979,2,94,0
38,3,3,0.9365714312785318,4,129,0
31,7,20,0.26200200968951665,1,74,0
9,7,23,0.18809495556785913,9,49,1
10,4,9,0.4235731007650717,4,75,0
40,0,3,0.9817153143314696,7,129,0
33,7,16,0.27917239777094205,0,81,0
11,0,8,0.8355902777319907,6,17,0
22,6,17,0.8984661561991676,7,121,0
11,7,3,0.916209641357905,10,42,0
48,4,6,0.6739266866908602,2,78,0
20,7,19,0.8731263566163152,2,169,0
19,3,13,0.5516200641807889,4,51,0
39,5,23,1.0,10,130,0
25,0,10,0.9067820102259238,0,35,0
27,3,5,0.5612809615342298,14,60,0
26,7,21,0.7281377302357833,0,163,0
51,6,8,0.027182379755373645,2,159,0
17,0,7,0.4089167905230423,4,110,0
50,6,18,0.3029847997580983,6,95,0
53,6,15,0.36357229781623396,10,94,0
30,0,22,0.15814007813429964,10,143,0
52,4,12,0.2463617790157912,12,83,0
34,3,19,0.35186834656814014,0,154,0
40,0,18,0.655251734988457,5,46,0
61,0,16,0.9571535494664224,4,120,0
8,4,23,0.27084426520949906,6,52,0
4,1,16,0.9827948617248702,2,23,0
22,0,21,0.7410301767110724,13,168,0
30,3,9,0.27801452723521813,0,82,0
6,4,18,0.507242760094241,5,122,0
11,0,5,0.4504500755038371,2,92,0
49,1,11,1.0,11,28,0
8,1,14,0.6377295333191164,7,76,0
27,0,20,0.9857386368798925,4,117,0
8,7,11,0.39551281671858574,3,90,0
59,3,8,0.9003178646431349,3,48,0
6,0,8,0.48810618128203415,6,174,0
54,5,7,0.9715466585634824,1,71,0
42,7,4,1.0,0,159,0
31,3,5,0.9433408570829875,5,119,0
24,1,8,0.7387154361797619,10,56,0
27,4,4,0.6617420385876244,8,33,0
16,7,18,0.9710113547371603,0,164,0
31,0,10,0.7617161162786935,0,138,0
35,5,8,0.7668462064060221,5,15,0
26,3,23,0.6979217820711425,13,63,0
62,4,7,1.0,0,35,0
32,0,10,0.506431896822881,8,57,0
6,7,14,0.1076712020108476,3,139,0
39,3,20,1.0,5,134,0
71,7,18,0.19644127950269344,9,13,0
60,3,7,0.6162112656494958,0,165,0
35,2,8,0.8219186831783559,5,51,0
54,0,4,0.9648726022539277,12,1,0
15,6,17,0.8267339476983651,0,170,0
32,0,2,0.8189064666932415,1,34,0
52,7,17,0.42453258065156896,3,89,0
44,2,6,0.48179640219606373,9,190,0
31,2,22,0.9803211510955903,10,140,0
9,7,19,0.865774808445408,2,54,0
61,1,11,0.9703850876776472,10,125,0
47,2,8,0.03257210516350045,7,66,0
27,5,20,0.8325029933028191,13,57,0
13,5,6,0.9052175379628932,7,58,0
1,5,5,0.10708497355867429,1,59,0
42,6,13,0.7547501676641054,14,147,0
12,7,14,0.6269182763922179,3,80,0
8,1,9,0.5781252635449798,8,147,0
33,4,19,0.516386049150685,14,89,0
37,0,11,0.8094745751714244,14,130,0
31,4,19,0.5838646830435532,14,106,0
4,0,9,0.5433852822765742,0,62,0
54,4,11,0.5634956317208728,3,134,0
48,0,10,0.6469106041707489,15,50,0
15,4,23,0.8837164415632086,5,134,0
18,7,23,0.4242440276490397,7,100,0
66,4,22,0.3849363724964899,4,9,0
32,1,7,0.7940304827580233,10,49,0
26,0,13,0.8684338604688829,13,21,0
13,0,4,0.906040317939499,3,12,0
53,7,12,0.916949908659291,12,133,0
23,7,8,0.8087671723023602,13,105,0
26,3,8,0.20649192096397473,3,65,0
15,7,5,0.344462275407765,5,57,0
15,2,20,0.2849966204138775,15,1,0
35,5,5,0.3724687506776939,0,195,0
55,5,8,0.1836212110506545,1,157,0
15,0,19,0.5250987736488056,11,156,0
24,3,22,0.6208870025607931,13,12,0
8,3,17,0.563295941712986,8,110,0
22,7,8,0.15822982071850814,13,46,0
11,0,1,0.5452915883243623,6,13,0
53,0,18,0.9860223711831213,3,103,0
14,5,7,0.6766071754270298,8,51,0
10,6,11,0.9046639171436601,7,158,0
6,4,10,0.7049867781421199,3,60,0
62,1,14,0.0,14,68,0
39,4,18,0.7702791041132988,7,157,0
20,7,17,0.5947717897125657,10,35,0
25,0,21,0.2708970656060049,12,157,0
1,7,11,0.4172459547217537,1,65,0
32,6,21,0.3885710001222778,5,99,0
20,6,16,0.9317683356442987,0,154,0
1,7,12,0.6769301131240728,0,43,0
49,6,5,0.30323908269821126,2,36,0
9,1,19,0.11416358098164583,9,10,0
24,1,19,0.8005543430310886,12,50,0
50,7,21,0.14854415475853644,7,29,0
16,7,16,0.3461080000504739,13,110,0
48,7,10,0.4111889734602331,10,122,0
49,7,14,1.0,9,116,0
17,1,10,0.8107092920353886,3,13,0
16,6,15,0.49426735349148887,13,29,0
56,6,15,0.9604278225968215,11,144,0
8,5,12,0.5039160162675329,0,74,0
6,4,19,0.3125527713828745,6,126,0
20,3,23,0.8998862477524315,0,138,0
58,7,15,0.014658305288595908,15,85,0
30,3,16,0.5155920689009339,10,53,0
45,6,7,0.253010379847691,5,167,0
33,1,21,0.5473667854528728,3,184,0
44,6,4,0.3071408523653424,1,24,0
13,7,6,0.9895727957330944,8,48,0
55,1,12,0.7233579140020544,10,158,0
42,5,6,0.8110233783850308,1,48,0
55,7,5,0.6805884376580441,0,77,0
56,0,16,0.08514540172149063,11,99,0
52,1,17,0.12965993021154248,14,81,0
34,5,9,0.9450405678649192,4,103,0
32,7,2,1.0,6,139,0
52,2,21,0.7174774750320425,8,108,0
26,1,20,1.0,2,133,0
32,5,4,0.6842765339127088,1,158,0
50,0,13,0.3851168384046221,7,167,0
23,5,9,0.6178406459410097,10,112,0
46,4,5,0.005933504650398713,4,96,0
17,1,13,0.5864485210429897,11,71,0
36,0,19,0.8251591598617065,7,175,0
26,0,21,0.8359151223497853,10,162,0
59,0,10,0.9050138741157745,15,34,0
26,6,4,0.1169581662560782,1,180,0
54,5,21,0.6460771809330018,0,146,0
52,4,6,0.7970053640104254,0,63,0
12,1,19,0.9714110149789438,5,178,0
9,7,9,0.7126742759969239,6,67,0
34,3,7,0.7637105876365942,11,29,0
13,2,17,0.3844307874885003,6,143,0
19,0,15,0.16827618676935974,15,128,0
15,7,4,1.0,10,51,0
39,7,21,0.15562148853649,0,85,0
1,0,17,0.9432741024571879,1,144,0
41,0,13,0.5811212273679689,6,131,0
15,3,10,0.605241434750593,9,149,0
46,3,5,0.11784440568356447,10,162,0
51,6,15,0.07595512857729443,5,181,0
1,3,14,0.3888337487246747,1,65,0
50,7,11,0.8149992991582639,11,102,0
17,2,9,0.6071480636585446,7,18,0
40,7,21,0.249424790874735,0,70,0
14,0,14,0.9134774493180772,0,97,0
4,4,14,0.6108521254566525,0,64,0
20,0,11,0.9828704011040609,13,36,0
11,6,3,0.29923034413566185,10,100,0
40,3,11,0.6645351675857194,5,69,0
39,6,13,1.0,5,44,0
59,2,15,0.03410704558312791,15,82,0
56,5,14,1.0,8,124,0
24,5,15,0.5532741362569177,0,109,0
54,6,8,0.0,0,137,0
14,0,7,0.46271572618548135,6,63,0
13,5,14,0.37493453843638785,5,139,0
41,4,20,0.9056372515933457,12,134,0
9,4,21,0.6742877977773775,8,121,0
41,2,6,0.11422785305394734,11,44,0
12,2,6,0.8908028353755826,12,17,0
45,1,8,0.7641948366936973,0,138,0
48,2,6,0.6834853487090731,4,156,0
26,6,12,0.7549917942533624,8,1,0
29,2,3,0.6956721394455092,11,37,0
63,0,22,0.23829366989911574,14,92,0
30,2,17,0.0,9,87,0
10,1,20,0.5890788032037725,6,149,0
0,5,5,0.07534707987624742,0,46,0
25,2,14,1.0,0,54,0
32,5,11,0.46736327135976624,3,160,0
9,1,22,0.9489416546525182,0,1,0
4,0,7,0.6597118298831902,4,15,0
9,0,22,0.9694665633095866,9,32,0
43,2,7,0.3842911132382249,5,160,0
54,1,18,0.8536460457324401,3,129,0
18,2,8,0.2231317412787177,4,77,0
57,0,18,0.8686813451151101,2,123,0
39,3,3,0.06405607736652011,3,89,0
41,6,4,0.5029287714159687,0,150,0
34,3,5,0.9209968761459595,1,59,0
15,7,6,0.80424409003144,13,41,0
12,3,4,0.8658828846940956,12,9,0
20,0,20,0.9212482628085776,8,96,0
10,0,20,1.0,0,21,0
33,0,18,0.6870675390460499,4,177,0
21,0,20,0.2811832093416777,11,135,0
18,7,19,0.5491448346349027,12,33,0
36,7,21,0.4094707014703503,9,83,0
5,7,14,0.2881801792042684,3,169,0
25,1,17,0.4447067350069724,6,98,0
60,4,21,0.97466582920118,14,157,0
14,0,18,0.1775108306066414,14,3,0
18,0,8,0.0,2,99,0
32,2,13,0.6656822271336372,7,24,0
19,4,15,0.5695282474134908,2,120,0
29,0,5,0.37356009491770176,8,125,0
5,0,13,0.5971762445889975,0,41,0
57,2,15,1.0,2,9,0
59,0,11,0.9141888321807113,10,10,0
32,4,13,0.10077946775039236,0,46,0
47,2,6,0.5562249651185225,9,189,0
22,1,9,0.327659164601609,7,165,0
21,0,16,1.0,14,29,0
11,5,12,0.7565710188955508,10,165,0
7,7,8,0.9240992667659504,7,47,0
43,0,8,0.66458616315679,7,73,0
30,6,16,0.5541238237208306,11,126,0
3,0,6,0.7389381349265713,3,7,0
40,3,22,0.8328132191306719,3,109,0
23,3,18,0.2889189401953234,11,14,0
58,1,10,0.4652076668350041,7,148,0
21,5,16,0.8025737369243671,5,159,0
65,0,15,0.33142523941703816,10,79,0
41,0,23,0.8499005101511896,7,108,0
63,2,11,0.7943461112948819,7,140,0
50,4,7,0.2747737319889777,0,85,0
19,3,5,0.30402199645754985,5,193,0
13,7,20,0.562278458616871,11,37,0
22,2,9,0.19754814579070107,4,102,0
19,2,13,0.7332715703361082,1,51,0
22,2,5,0.9002858302453235,13,121,0
33,6,8,0.35218190874612426,0,37,0
56,0,14,1.0,9,126,0
52,1,10,0.9448113919901928,10,135,0
41,6,13,0.08790188195052961,0,32,0
25,2,19,0.3218077259433023,6,102,0
12,1,9,0.2049167925707665,6,163,0
22,2,3,0.6294539438404544,13,52,0
41,4,18,0.06723678081627552,0,72,0
34,1,17,0.5632850191270495,14,55,0
22,0,16,1.0,15,30,0
31,0,6,0.9640953541452054,7,143,0
45,3,23,0.5134493426654279,6,104,0
7,1,20,0.5148235313813715,7,106,0
22,4,10,0.38149267952667015,3,133,0
38,0,21,0.8639359185029079,0,122,0
51,4,10,0.8207372374630122,8,137,0
9,2,17,0.9448347156530581,2,17,0
25,2,20,0.3876242728639442,14,61,0
16,2,9,0.586369400572985,11,163,0
46,0,16,0.9864079421834033,8,65,0
46,2,15,0.5683652084945745,3,60,0
32,4,23,0.3534647742303001,7,109,0
45,6,10,1.0,14,111,0
62,7,21,0.03876303283578486,7,12,0
10,5,8,1.0,2,158,0
42,5,21,0.28588605785990234,0,82,0
36,1,9,0.688897587494173,0,147,0
13,0,19,0.5596406187723242,4,123,0
11,0,3,1.0,11,109,0
36,4,5,0.5104565118594763,4,119,0
46,5,5,0.10866680116029036,0,140,0
6,6,18,1.0,2,163,0
11,1,22,0.49855147801289845,3,122,0
0,5,20,0.274066954109877,0,60,0
15,5,7,0.48768421097376846,13,57,0
34,2,17,0.700882736951508,12,27,0
24,1,20,0.12310346510504643,4,8,0
19,0,20,0.9142715164290804,5,123,0
42,1,17,0.901500995125294,1,147,0
46,0,17,0.7725229414901819,13,53,0
35,3,17,0.5537097065417697,12,45,0
29,0,14,0.8257598187313854,11,59,0
39,1,4,0.12603712170305686,3,69,0
2,5,10,0.6449908706593523,1,92,0
14,5,18,0.39765523330264174,14,77,0
31,6,8,0.611697066537127,8,64,0
23,7,8,0.9140483698957148,2,53,0
26,0,18,0.9543160800568732,6,125,0
42,7,14,1.0,7,126,0
11,2,10,0.4917012041994757,11,77,0
51,0,14,0.49560744705321264,3,154,0
47,4,7,0.6795992326008652,7,72,0
43,2,19,0.6634620163541487,7,29,0
45,4,5,0.6466646221851663,2,161,0
30,1,14,0.7729238639485824,7,59,0
43,6,4,0.7673691492913371,10,83,0
10,2,20,0.9924596830826548,8,38,0
1,1,20,0.38681765923497197,0,147,0
6,2,10,0.7829956368224842,6,75,0
8,0,16,0.5094014622899588,5,117,0
60,2,16,0.4082294250486376,3,167,0
15,5,6,0.8513575109413104,13,114,0
48,7,3,0.3612946421219953,4,154,0
48,4,23,0.3252993876535584,15,82,0
32,2,15,0.2644593711381649,13,99,0
10,7,16,0.5636438328533453,0,47,0
41,7,6,0.9778606360487274,5,101,0
38,4,18,0.926555614451916,12,153,0
54,4,10,0.16519669077077487,8,41,0
20,1,5,0.8020225183608054,2,29,0
23,1,7,0.8005200560101126,3,107,0
53,3,18,0.7158756805119888,3,165,0
30,0,18,0.1835931726723442,4,135,0
68,4,14,0.23786275520852648,15,80,0
12,2,21,0.2199869297138881,12,16,0
5,1,13,0.9175159284672565,1,9,0
51,6,23,0.14269370966410108,7,31,0
27,2,21,0.3991299703257076,13,11,0
57,1,6,0.7509783703406999,2,142,0
13,7,6,0.7965052231710116,3,164,0
59,2,6,1.0,0,65,0
23,0,18,0.28449455086752684,10,26,0
39,1,9,0.7387224153415731,0,150,0
11,7,10,0.9829395090743931,4,151,0
23,0,18,0.8952000455330454,0,119,0
45,4,14,0.3512745025575353,9,101,0
55,7,17,0.4997025206975346,5,6,0
7,5,13,1.0,5,156,0
10,4,21,0.21761465405429728,4,18,0
45,0,21,0.934972669442284,10,189,0
33,7,3,0.17098121564236796,9,38,0
17,0,13,0.28103665942196077,0,155,0
53,6,8,0.7529067932087884,11,145,0
43,0,9,0.4332341473501062,9,104,0
16,0,12,0.8989903323075529,16,31,0
28,6,6,0.2215398517420691,7,175,0
10,1,8,0.6457510228010017,4,75,0
46,2,8,0.9626616758778601,6,103,0
34,5,2,0.9254111554911828,8,27,0
13,6,5,0.9121097829512521,8,51,0
5,1,20,0.4978087681302891,0,118,0
28,6,10,0.582910738041867,3,168,0
58,5,8,0.1163101500015546,13,68,0
19,7,22,0.7641177810676847,13,50,0
35,6,4,0.9742155533548711,8,147,0
16,3,18,0.42897583006332723,2,165,0
20,7,23,0.60125363194784,8,120,0
21,2,15,0.895182328324316,0,45,0
19,4,18,0.9508459736146239,0,143,0
44,7,4,0.3103737358081522,0,29,0
57,7,14,0.1250392592077792,13,67,0
50,2,10,0.5644820554090091,11,42,0
23,1,8,0.24722340137376161,4,89,0
24,0,23,0.6284958066455313,14,141,0
4,6,14,0.2488824040168603,0,171,0
44,4,1,0.984463778639601,0,165,0
40,4,6,0.8224946406085137,0,72,0
37,2,21,0.8285898470069941,0,99,0
46,3,8,1.0,2,58,0
41,4,6,0.17965877609358744,0,62,0
22,3,13,0.36453168464329316,2,153,0
12,7,14,0.1812041681473539,6,155,0
25,5,11,0.37406366046173556,7,159,0
27,1,3,0.3374260370162541,1,169,0
43,1,8,1.0,0,63,0
6,7,19,0.20689452722077595,4,64,0
56,0,3,0.8367057363957531,0,140,0
52,2,23,0.2128555667920046,12,76,0
66,4,10,0.6269960325411997,8,132,0
40,3,4,0.6035431808119461,12,51,0
37,4,20,0.7744316716635705,10,155,0
16,3,6,0.06172133003396038,16,69,0
53,4,3,0.44006382886582746,6,152,0
17,4,10,0.6482867364097448,7,13,0
30,4,5,1.0,10,154,0
18,0,0,1.0,16,97,0
24,3,10,0.3834049814323122,2,165,0
39,4,11,0.29731896083578385,0,44,0
4,0,20,0.8141686390012766,4,29,0
47,6,16,0.0,9,164,0
56,2,23,0.11109034354858163,9,99,0
30,3,10,0.4439038784533224,2,79,0
37,0,11,0.8517109152090778,3,49,0
61,0,4,0.9470483739211101,0,144,0
13,3,13,0.5577377436685003,11,60,0
5,2,12,0.3443737523057562,0,73,0
25,6,12,0.44537178468633243,6,158,0
13,1,13,0.6888414024952587,5,62,0
43,5,16,0.38833211012135793,9,105,0
10,5,16,0.7429738169263604,6,178,0
46,4,7,0.4540248301235479,13,129,0
27,4,13,0.3823096948907646,5,131,0
23,2,14,0.3263760587469112,6,131,0
45,4,21,0.20515886016853385,3,74,0
36,7,8,0.36516892336186657,0,30,0
50,4,6,0.3391071048405581,10,121,0
16,0,9,0.888828166826084,0,25,0
35,2,5,0.7753665594828066,2,57,0
17,0,6,0.37011553781349693,3,103,0
15,1,7,0.8285400148651967,15,20,0
29,0,21,0.23988067302914967,10,144,0
51,1,22,0.22235355049578195,11,60,0
37,0,20,0.5205472922344883,9,167,0
6,2,20,1.0,2,28,0
16,3,4,0.7117423791619689,10,93,0
36,0,10,1.0,3,108,0
18,0,7,0.5079911056141432,2,138,0
58,0,15,0.03529616170830066,9,57,0
8,6,11,0.5131010355040726,6,74,0
49,5,7,0.29066998381162723,8,31,0
26,3,7,0.6810870422372977,12,120,0
31,4,9,0.8174431559710397,5,39,0
37,3,8,0.12911198598914397,11,53,0
19,4,21,0.8617992094636553,14,152,0
35,1,4,0.268667204622353,6,128,0
59,4,12,0.2794030157555213,10,91,0
59,4,4,0.8862429950709085,1,52,0
49,0,7,0.9733474982016803,2,56,0
49,4,7,0.9118940867258418,6,43,0
31,0,13,0.5473123051605135,10,148,0
62,0,18,0.045094176368036726,14,108,0
51,3,18,0.9055538176786069,13,163,0
5,3,15,0.6815162078116705,2,67,0
54,1,10,0.0,0,147,0
48,1,22,0.7284588332285372,3,146,0
41,6,6,0.7451921944251727,0,30,0
7,2,19,0.3985573657127135,5,126,0
26,0,9,0.25934729254593136,5,126,0
9,5,14,0.725344651842581,4,169,0
30,0,21,0.1994461116095294,10,141,0
59,3,16,0.8393168257754721,3,1,0
30,0,18,0.5198673144688557,8,98,0
27,0,18,0.5896880038695622,5,185,0
3,0,18,1.0,2,25,0
19,1,23,0.09670101853582883,8,75,0
29,4,7,0.777474950345218,11,163,0
23,5,18,0.5724513750702356,0,70,0
27,0,12,0.12759395771091173,2,72,0
25,2,19,0.817001934177925,9,48,0
7,6,10,0.7359438622338852,0,72,0
7,0,19,0.700270894807786,1,75,0
32,4,18,0.660222164481955,2,79,0
14,3,18,1.0,0,3,0
42,1,23,0.8290008421936327,11,171,0
50,6,15,1.0,6,153,0
22,1,17,0.6964609409919958,12,57,0
16,0,13,0.030268876176102133,4,8,0
55,1,4,0.24751127260046335,1,63,0
63,0,8,0.6223396643379581,5,19,0
16,0,21,0.8163651271050554,3,86,0
25,4,6,0.319046390092772,7,86,0
13,4,4,0.9739700713224178,13,22,0
24,2,1,0.8527038028372349,1,27,0
54,3,10,0.09365166574637077,13,87,0
7,5,8,0.7029528985505621,7,50,0
4,3,13,0.7807716572655181,3,39,0
48,3,12,0.7787256242255749,0,53,0
12,7,4,0.8966651797214911,6,40,0
17,3,8,0.23676991270946396,0,98,0
11,0,6,0.32224630915985103,11,196,0
34,6,4,0.6903573824011038,1,1,0
1,4,21,0.0906856297898522,1,56,0
16,4,9,1.0,11,48,0
11,2,9,0.1633271969522108,2,75,0
0,7,17,0.5170055369331312,0,38,0
12,5,18,0.45311051734497876,3,46,0
58,7,15,0.054800212373319,12,91,0
18,5,9,0.12634214204466698,6,98,0
25,0,17,0.3090472218387622,0,144,0
10,2,19,0.5520164676226554,7,153,0
50,1,9,0.4813883097842946,8,77,0
42,4,15,0.0,0,51,0
39,1,22,0.2718624317041406,3,148,0
45,1,9,0.6137920480395357,15,155,0
17,7,8,0.6974839842086246,10,52,0
33,7,5,0.9421630489918201,5,129,0
43,6,10,1.0,12,154,0
24,4,9,0.2358831966980031,1,106,0
33,7,4,0.9102658023795109,2,40,0
48,3,14,1.0,11,105,0
47,6,18,0.24027961520246555,6,168,0
27,7,18,0.29862618211625636,7,117,0
36,5,10,0.7249810175771534,10,24,0
39,5,2,0.24620617714501353,14,34,0
41,4,8,0.4642678968926104,13,134,0
11,5,16,0.19762883494477848,6,150,0
19,6,10,0.7421113494641762,10,94,0
17,2,13,0.7034706629125049,4,87,0
36,0,22,0.9118355446755667,6,164,0
43,0,20,0.39161540704996745,8,146,0
12,0,14,0.9433778176200337,12,38,0
28,0,2,0.8577256772641211,5,128,0
27,0,17,0.7899703744227281,2,113,0
25,0,23,0.7518081529555342,16,42,0
59,7,21,0.23343675700305588,6,22,0
38,0,18,0.6148932428502993,10,41,0
29,2,21,0.3156226712314726,12,6,0
4,6,12,0.13912149533029822,4,142,0
58,2,7,0.5480070309684555,2,165,0
48,4,7,0.21828221361648603,2,60,0
40,7,7,1.0,0,163,0
16,4,11,0.5476348044805919,12,60,0
40,6,6,0.4943911094916172,7,89,0
46,4,9,0.5344890296980347,14,132,0
12,0,21,0.5259125240681162,1,146,0
39,0,8,0.8699561814150677,3,69,0
25,0,19,0.7748264100507203,11,185,0
14,4,22,0.7199311296280734,8,102,0
19,6,23,0.8380564545164595,11,51,0
22,0,7,1.0,1,19,0
4,5,17,0.7428003307358937,4,129,0
33,3,7,0.5931075845693697,9,46,0
5,0,20,0.4953749565202717,1,126,0
7,3,10,0.7764777036190031,7,124,0
64,4,12,0.16743488431049133,11,92,0
24,6,5,0.0,10,161,0
55,0,15,0.09248574214883853,16,55,0
14,0,21,0.9498675104106633,5,161,0
16,3,20,0.3891398099074167,3,160,0
60,0,8,1.0,14,61,0
9,0,14,0.5078104669171043,5,29,0
38,3,19,0.06316507679086317,10,89,0
16,0,6,0.6400695655146333,10,176,0
18,0,22,0.6744985115568973,10,94,0
13,6,17,0.7298815418837917,4,174,0
20,0,7,0.7316182964071536,9,122,0
29,5,13,0.5701224933604516,1,183,0
30,7,13,0.9731606432501656,5,98,0
8,3,17,0.6948813746043297,3,138,0
19,1,18,0.14204063465280609,6,18,0
12,4,22,0.4315367677508785,2,10,0
20,1,7,0.13602958105194457,2,100,0
23,1,19,0.3583970913497441,9,85,0
35,4,7,0.8226945194338753,9,163,0
51,5,11,0.9513780942405581,12,126,0
55,4,12,0.1660543729390357,10,54,0
53,0,13,0.5179772259943939,4,164,0
12,6,10,0.8771043429869114,3,178,0
24,4,13,0.8357239114207112,1,62,0
36,7,16,0.4068981734142262,8,105,0
55,1,9,0.3698336286286147,11,123,0
47,1,8,1.0,0,71,0
48,3,16,0.737654144309036,10,37,0
4,2,17,0.35081272427224286,4,139,0
19,5,4,0.9027512426178406,17,42,0
52,7,4,0.3206641315655496,3,156,0
16,6,12,0.7246948132901065,9,37,0
53,1,7,0.7292082109368978,5,20,0
14,0,18,0.6287007801015464,12,144,0
46,0,10,0.7592242928717142,5,69,0
6,7,9,0.4483953992631482,6,66,0
35,5,7,0.9116415581075291,7,125,0
61,2,5,0.4668756922499602,6,173,0
47,7,7,0.17058097525261945,13,29,0
24,1,23,0.5642435247387766,12,101,0
32,1,21,0.2618681713679395,7,64,0
8,7,14,0.8101807524415042,7,57,0
42,4,5,1.0,0,175,0
54,6,11,0.25875459050517674,10,77,0
35,3,8,0.3599710528881881,1,167,0
50,6,15,1.0,10,113,0
40,4,3,0.20064341350781864,0,84,0
8,3,14,0.7687309729091596,1,44,0
30,2,8,0.38273682365820405,10,50,0
55,1,7,1.0,1,46,0
27,0,20,0.21280740580204854,4,63,0
17,0,6,0.7984997682570062,3,2,0
13,0,11,0.9045237230424121,5,11,0
4,0,18,0.9714084602009762,4,85,0
38,5,22,0.8593235326924107,11,159,0
4,0,7,0.5855527244466282,4,10,0
24,0,16,0.5945815866219676,5,25,0
9,2,16,0.9073699414079811,5,25,0
6,2,19,1.0,6,28,0
32,4,10,0.21848937377032498,3,173,0
32,4,18,0.4059240143032527,6,76,0
5,3,16,1.0,1,105,0
12,2,5,0.23767147341748804,8,100,0
43,0,20,1.0,15,170,0
27,0,23,0.39989013246872374,6,53,0
16,4,8,0.6230332816245081,4,134,0
22,0,16,0.7093166796576451,13,29,0
10,3,21,0.06366546391323084,10,74,0
51,6,6,0.261168923076834,0,162,0
12,3,23,0.44512348033644533,11,106,0
35,3,20,0.35628671126434996,7,56,0
55,0,4,0.8038304326159406,13,13,0
40,3,23,1.0,8,122,0
52,5,11,0.8379892903982513,13,85,0
19,4,22,0.7336062630163703,16,68,0
46,6,11,0.4020068321171423,10,117,0
38,4,20,0.5399196636946588,9,132,0
7,4,14,0.9065732894134028,5,188,0
58,0,12,0.9416036088574414,8,138,0
53,5,19,0.3971852650428471,9,113,0
28,3,4,0.6936759794457359,12,49,0
54,5,3,0.12021342386871242,1,138,0
17,7,18,0.49722349987330383,17,40,1
4,5,9,0.16928079072483848,1,61,0
6,0,9,0.539516518911217,0,29,0
45,5,6,0.8501684475362549,0,181,0
55,1,11,0.43487484881543703,9,168,0
60,6,21,0.8381839224271875,6,174,0
53,2,9,0.2598168126583528,12,115,0
50,2,9,0.012190949816205804,0,136,0
22,0,19,0.5330068176112883,10,103,0
54,2,8,0.5444257242968571,7,147,0
16,4,7,0.027118653127870665,6,90,0
36,6,7,0.13819097338544392,11,21,0
10,2,8,0.021289569073343298,10,76,0
26,5,8,0.48528742216560994,1,158,0
25,0,8,0.35964694353100224,1,91,0
2,0,18,0.8286888399280007,1,92,0
42,2,1,0.875609522949704,5,66,0
8,3,18,0.2592871623220488,6,138,0
18,2,5,0.6100425080626272,10,175,0
20,4,13,0.6620653858957843,2,31,0
16,2,23,0.2538692087165674,12,1,0
49,6,20,0.3170179053363223,9,118,0
9,4,9,0.6256246166697306,9,72,0
39,5,5,0.4866761401167805,0,29,0
11,6,10,0.6282639595792271,8,55,0
65,1,11,0.5792116409148267,5,151,0
50,0,20,1.0,13,156,0
57,1,9,0.7601885294266814,6,114,0
17,1,10,0.3156853476140188,4,53,0
55,0,8,0.9484275950432214,9,13,0
21,0,14,0.7196308368703571,9,117,0
38,0,20,0.6737510871976337,6,175,0
20,4,15,0.0,4,90,0
12,0,5,0.6924360014506064,3,5,0
24,1,18,0.5363088182918586,16,32,0
9,4,5,0.3217363320575548,9,93,0
53,7,6,0.18335632894921716,5,170,0
19,7,9,0.9869349786580497,8,28,0
2,1,13,0.9969997290228525,2,127,0
32,1,23,0.2667232409576649,11,148,0
3,6,15,0.41045033269383757,0,58,0
54,6,17,0.4010627983701067,11,97,0
31,7,13,0.6752341444653703,3,117,0
3,0,19,1.0,3,9,0
8,1,23,0.5653715024991087,2,138,0
4,2,18,0.8089210079144509,4,149,0
46,7,9,1.0,7,121,0
63,3,11,0.9627917316949619,0,19,0
0,1,16,1.0,0,4,0
36,0,18,0.21247346806982886,10,109,0
29,0,1,0.8727382825722688,3,109,0
42,5,5,0.04737270112257563,16,58,0
14,3,16,0.5026392471259945,14,109,0
7,6,11,0.701840923709088,7,51,0
38,6,10,0.18922556431745674,1,24,0
4,0,15,0.9416332097291654,4,93,0
53,5,15,1.0,6,121,0
15,4,16,0.674289328668587,0,119,0
36,2,20,0.5653013982692776,9,121,0
41,4,6,0.7279068630204395,0,43,0
45,1,8,0.7271833036656303,0,55,0
45,4,17,0.5288757033769818,7,137,0
48,1,4,1.0,0,79,0
50,6,5,0.6289427485077825,0,59,0
38,4,6,0.929596094950083,10,116,0
15,6,7,0.45915341522226616,9,70,0
44,4,9,0.8198537454427411,6,177,0
32,5,5,0.7511824817592015,6,29,0
41,7,4,0.9183302681647831,0,165,0
35,0,6,0.932611298846488,6,132,0
12,0,4,0.7031104432530995,6,1,0
63,4,4,0.24520738684573068,12,134,0
4,0,3,0.6645908579048699,4,22,0
40,4,4,1.0,7,147,0
39,6,17,0.819100646765273,13,149,0
6,4,8,0.48456684221284074,6,54,0
33,4,7,0.7770006898846459,3,18,0
16,2,15,0.8846572482558466,12,35,0
25,4,12,0.30831215567650405,1,165,0
33,0,23,0.6396639300804915,6,95,0
34,3,13,0.18587695629422146,1,32,0
64,4,12,0.7082176220059625,10,135,0
7,2,15,0.848769796070517,7,175,0
24,1,23,0.6057093930777734,8,56,0
31,0,4,0.7991075297556246,6,135,0
32,3,23,0.9568189294772586,1,127,0
16,7,14,0.5285274241070297,2,117,0
35,1,8,0.5328289735599996,3,98,0
19,4,14,0.5404717485139603,14,66,0
7,0,19,0.34079796714539634,5,129,0
16,5,6,0.6210793215720646,9,63,0
27,2,22,0.28993572638063203,9,57,0
45,0,8,0.6109907527811508,4,122,0
13,3,21,1.0,10,62,0
38,1,5,0.32212442604726677,8,149,0
12,2,13,0.8817194479271676,12,53,0
7,1,6,0.7300814621209284,7,1,0
12,0,13,0.29455885441875473,0,152,0
50,4,8,0.4329188669907795,4,116,0
42,1,23,0.5185935069915335,6,90,0
42,2,8,0.28256896284171235,10,54,0
36,4,20,0.6002452879024629,2,104,0
15,4,2,0.7118042642240182,11,7,0
9,0,14,0.46325914319390676,0,143,0
32,0,13,0.4746521774054994,10,155,0
16,0,23,0.6902430808780678,0,92,0
14,4,14,0.30532475179850854,14,13,0
37,1,8,0.31903730072528724,6,194,0
49,4,7,0.22078414605435148,9,80,0
53,4,15,0.9551432430440389,0,1,0
25,0,15,0.8633200035816525,5,40,0
56,0,6,0.5540756089188191,2,20,0
18,7,9,0.7886815830305544,10,120,0
14,3,20,0.801325712712682,0,11,0
58,7,18,0.11581312066277949,8,22,0
8,2,20,0.26569000396905607,8,135,0
33,5,18,0.3959323434212219,14,185,0
12,0,17,0.9512432221393613,0,57,0
65,2,21,0.752028936214045,8,153,0
11,2,18,1.0,0,32,0
24,3,12,0.31039788424134707,0,87,0
9,0,6,0.5637352243654122,6,3,0
50,3,13,0.17220391611714198,3,157,0
45,2,6,0.009037411774572068,1,75,0
14,3,23,0.6425706168299363,13,154,0
5,6,7,0.05955703294061941,5,37,0
50,5,6,0.697154216755875,0,81,0
63,1,11,0.7559701472613543,10,157,0
15,0,23,0.6210523913918821,12,96,0
36,7,9,0.7810584683760048,3,43,0
32,0,23,0.08125962902433179,10,141,0
17,0,19,0.8618149137594999,0,85,0
8,7,7,0.506687262651158,7,55,0
16,1,19,0.7934042506957529,0,84,0
22,4,14,0.5359889327044842,1,127,0
22,0,20,0.25178503952798903,6,20,0
21,2,20,0.7727335181895353,4,77,0
6,2,23,0.40216527285805226,5,114,0
50,5,7,0.8433580088912809,8,83,0
32,6,23,0.387299997954249,0,68,0
7,6,12,0.8193908940592645,7,154,0
38,1,19,0.7564890259644794,7,31,0
14,6,17,0.4252106216335141,13,37,0
34,2,5,0.6470621511243936,6,48,0
14,7,16,0.3083604237261226,14,30,1
47,7,18,0.19959328226293405,12,98,0
42,4,21,0.8736621360861799,11,191,0
31,6,1,1.0,6,153,0
1,0,19,0.574182030850678,1,116,0
7,7,19,0.09082455976363937,2,52,0
43,3,19,0.8638671230155397,7,40,0
20,0,22,0.8091535887055008,15,55,0
23,3,16,0.21724407686460334,9,113,0
45,5,4,0.07430668361422182,1,130,0
50,0,18,0.18927201449552564,16,87,0
63,0,7,0.6211637391157533,7,37,0
4,4,23,0.23553659657135448,4,106,0
43,5,8,0.9544318358081878,11,71,0
34,2,18,0.6324491494960347,8,30,0
57,5,6,0.13780323536672856,0,150,0
62,3,9,1.0,16,4,0
59,7,7,0.2082395720170918,2,151,0
22,0,20,0.6224526187948116,15,100,0
52,0,14,0.08691830049771704,11,70,0
32,2,18,0.2337774429007398,8,124,0
17,4,18,0.5791029211400169,3,11,0
53,0,11,0.4893326741284317,7,150,0
53,1,14,0.08274055586927229,12,65,0
2,6,13,0.6940160722485098,2,38,0
34,0,7,0.7651084126011939,5,36,0
52,0,6,0.5788961247967404,8,62,0
43,1,15,0.4094943650121552,10,130,0
18,2,15,0.14098266453976535,13,21,0
3,2,9,0.7225586430799378,1,54,0
33,7,4,0.8148700116620633,2,3,0
17,5,14,0.3793151460580758,17,13,0
10,2,17,0.0,6,1,0
47,3,8,0.648051888541491,0,149,0
14,1,5,0.7358782085610991,14,21,0
7,5,6,0.31356437450810853,7,95,0
22,1,23,1.0,5,134,0
43,4,5,0.7579810977492858,8,119,0
9,6,6,0.13260816444071355,8,93,0
8,0,10,0.7788056103557284,2,18,0
34,2,16,0.27694302066049703,7,115,0
12,0,17,0.6041542031732924,3,74,0
2,1,23,0.5344539620693842,1,113,0
0,2,11,0.33427842120050444,0,93,0
37,6,19,0.386851318830382,9,95,0
9,3,12,0.21801490742350144,6,150,0
38,1,17,0.552109139679013,9,161,0
36,3,20,0.47276204180561526,7,109,0
49,6,16,0.39504671510382205,10,99,0
10,2,4,0.2791080929453052,7,165,0
55,7,20,0.183384284795588,9,27,0
28,1,8,0.32026630669750084,3,76,0
65,0,11,0.9631249707261083,8,112,0
37,1,4,0.7994032111360869,10,152,0
29,3,8,0.38748658856082563,4,65,0
47,4,19,0.6151909858483049,6,146,0
26,1,16,0.2910398962803574,7,97,0
6,1,14,0.5697256679902389,5,67,0
38,7,5,0.3423621348274222,11,40,0
32,4,20,0.8976429732357087,7,50,0
9,0,23,0.18951998508284434,5,112,0
37,5,13,0.8913252899388486,8,40,0
32,0,9,0.7739538686751856,11,44,0
6,0,15,0.6996558105692963,6,160,0
63,2,6,0.9506187833817489,0,30,0
49,5,17,0.1923608323121261,7,172,0
42,4,16,0.6203721781584369,0,32,0
12,4,14,0.9290009899850679,1,15,0
22,3,8,0.06274269073428966,10,88,0
15,3,6,0.7119543251538993,13,29,0
56,2,10,0.9619682362772045,10,159,0
30,1,10,0.16922268606971877,0,108,0
22,4,13,0.37920445971348893,6,108,0
28,7,14,0.7666121677257292,8,49,0
45,0,15,0.5578014042037102,9,152,0
35,6,21,0.09189448820774554,0,73,0
17,1,6,0.6355877678255952,11,37,0
24,5,5,0.4608052471524207,3,144,0
2,4,9,0.5491182454644531,0,73,0
29,4,12,0.15188028462037573,4,112,0
10,2,16,0.8659869543043824,2,33,0
36,7,5,0.7531926878585032,0,25,0
18,6,22,0.44835501560849816,10,169,0
7,2,20,0.7157113989933818,0,1,0
18,7,14,0.8363491960768911,9,68,0
46,0,20,0.37417834488319635,3,86,0
8,0,15,0.9608799973757451,0,124,0
56,7,16,0.6357669468503988,17,139,0
23,0,8,0.4344668245635919,4,127,0
32,4,23,0.8684101978016073,5,147,0
12,3,6,0.16267520910957034,9,93,0
12,4,21,0.34076891029104983,12,100,0
13,6,10,0.08900627913778755,0,55,0
6,1,19,0.31540815430023766,6,125,0
2,2,19,0.452990433558441,2,134,0
50,5,10,1.0,0,64,0
7,0,14,0.7038041651935347,6,61,0
48,3,18,0.8794807693304814,2,138,0
55,5,7,0.37777872270727014,12,111,0
12,7,9,0.616431274603248,12,38,0
4,7,16,0.7499071408917412,4,39,0
22,2,8,0.5503919939702682,15,77,0
33,5,4,0.1845315650275394,4,161,0
26,6,7,0.04847265192520789,6,179,0
61,2,5,1.0,4,67,0
31,0,4,0.9282080937418353,4,128,0
33,3,23,0.5359878450380574,16,88,0
40,4,17,0.22658753963109982,8,176,0
35,5,16,0.8832939275852122,9,175,0
26,7,7,1.0,1,28,0
44,1,21,0.44015631279573203,2,141,0
38,2,23,0.6525595421295297,9,96,0
10,1,12,0.9533642756209311,4,148,0
4,2,23,0.40747411154157326,0,141,0
51,7,14,0.5674087164554289,3,73,0
3,0,15,0.373479368317778,3,122,0
38,5,21,0.9201555071572075,9,100,0
26,0,5,0.8577501559027217,0,16,0
4,3,8,0.5715880158197151,4,81,0
7,5,6,0.20713592223095967,6,105,0
21,0,9,0.1795938168907452,2,72,0
13,6,9,1.0,8,38,0
46,1,22,0.9151375079264636,13,175,0
41,5,9,0.7229275117284655,4,164,0
21,5,11,0.17092076629050934,1,51,0
39,2,20,0.9814664727324243,9,119,0
18,6,9,0.12164643123369989,7,99,0
32,6,8,0.7844030541430297,12,35,0
52,0,12,1.0,9,135,0
50,5,3,0.1510442762831306,3,157,0
32,2,6,0.28505115316559826,1,92,0
12,0,11,0.8015772804458624,4,1,0
33,1,11,0.5547276572584156,9,90,0
41,4,16,0.6039300478695029,6,156,0
25,0,19,0.18104237776009535,6,12,0
59,2,13,0.9956817906136393,9,96,0
37,6,9,0.6847250448463182,0,154,0
45,2,7,0.8760786621733666,13,145,0
7,7,9,0.5714992139483313,3,67,0
40,4,17,0.8168318914907321,11,129,0
11,3,13,0.5965889638269962,2,56,0
69,2,10,0.7782303683220309,7,134,0
14,6,8,0.9539871857061946,10,43,0
12,0,20,0.8621264645934084,5,1,0
50,7,17,1.0,9,126,0
11,0,23,0.615830589711029,1,133,0
22,5,20,0.3205323599427381,11,82,0
21,1,21,0.6993271620649941,1,76,0
11,0,11,0.2639860709820669,3,143,0
32,1,18,0.18759573940602348,13,95,0
62,3,5,1.0,13,3,0
42,6,2,0.9096987594760597,1,55,0
18,4,17,0.9245832262108635,1,136,0
53,5,7,0.1924876407935336,0,135,0
27,2,7,0.3142896996436601,8,55,0
16,0,21,0.5726606134633091,14,93,0
53,1,6,0.5972208485647172,10,51,0
10,0,12,0.6488848392253204,8,178,0
65,5,10,1.0,0,40,0
21,7,21,0.38352962150030057,13,24,0
67,7,16,0.4330978340577474,3,7,0
4,3,21,0.612756379635698,3,101,0
48,7,10,0.732002707119005,0,36,0
13,3,4,0.9243320733221814,13,96,0
24,4,4,0.7163666717633655,9,49,0
3,4,12,1.0,3,149,0
22,7,15,0.5295475612646199,4,131,0
11,0,6,0.32093494033800485,4,143,0
43,5,9,0.8430402253763588,0,46,0
25,1,11,0.23102254776509681,2,88,0
48,4,8,0.7315705304656207,0,69,0
12,7,11,0.5527681184584564,12,114,0
45,5,14,0.23585459139842332,7,109,0
52,4,21,0.19320113177171974,13,100,0
11,4,13,0.7669151176599548,3,53,0
7,0,21,0.9271177478982248,0,77,0
22,6,12,0.7985508065614138,4,171,0
5,3,6,0.6367004988070243,0,70,0
44,6,6,0.6857401282241914,0,73,0
44,5,12,0.9511392170855529,9,153,0
36,5,5,0.27317762946496665,10,50,0
26,3,13,0.28671177877621334,4,67,0
21,3,18,0.9464593420930398,0,147,0
17,4,16,0.4076961913504107,8,63,0
25,7,19,0.6338026013568602,1,138,0
44,0,12,0.5350467739077542,6,170,0
27,4,23,0.4021645600692504,11,166,0
44,2,8,0.16440953554864624,9,133,0
41,1,16,0.8610750559611974,14,157,0
25,1,21,0.19594601719806382,11,143,0
51,7,9,0.8739843221386148,14,164,0
4,5,6,0.1173782544517511,4,50,0
34,3,5,0.7752924274673363,13,64,0
20,0,20,0.4368005396568808,12,13,0
21,4,8,0.2831764538018007,7,163,0
22,0,7,0.913694148430674,0,18,0
55,4,12,0.2616873593664924,3,160,0
48,7,17,0.7461041994268308,9,110,0
50,6,11,0.9463505867550054,7,134,0
63,0,7,1.0,2,39,0
56,7,18,0.26131986020739933,9,4,0
11,5,11,0.42829237767856576,10,161,0
16,0,6,0.7783079333585716,10,150,0
18,1,12,0.9275550782195234,0,37,0
9,7,21,0.8816650330307728,0,153,0
21,3,22,0.4335261305552822,12,100,0
76,2,7,0.4519880750420511,9,70,0
7,3,17,0.9999722261570833,1,1,0
12,6,2,0.6310323079645963,6,86,0
44,4,11,0.3717676473622972,12,128,0
16,6,9,0.7094477363539567,16,103,0
36,3,12,0.12215558355159331,4,31,0
47,4,13,0.7039428578474366,17,143,0
13,4,10,0.3636756718775533,9,163,0
19,0,9,0.38466723708998873,5,94,0
3,0,9,0.5188846924879381,1,47,0
46,6,2,0.9842406629099816,0,147,0
59,0,11,0.43909828457794253,1,151,0
16,7,3,0.9095155824240101,12,60,0
55,4,18,0.49205005019022463,6,94,0
39,7,6,0.33817955693852536,12,37,0
6,0,6,0.657369822873072,6,2,0
38,4,9,0.7142278238852732,0,160,0
9,0,21,0.8232693304692184,1,84,0
36,7,13,1.0,3,37,0
44,7,6,0.9107424274033656,0,160,0
17,1,12,0.399646227765396,15,65,0
21,4,14,0.658794495989975,2,76,0
12,4,22,0.614097798031752,12,79,0
38,7,5,0.9936556714110757,0,57,0
24,7,14,0.5577312189355698,10,47,0
39,2,18,0.5958677797302087,7,126,0
23,1,13,1.0,11,10,0
15,2,23,0.7366285977967014,14,37,0
11,1,11,0.7450701603792076,0,52,0
15,2,19,0.7015569329960784,4,75,0
8,3,23,0.5876176322560916,4,132,0
55,2,4,0.5114922566375552,12,105,0
46,3,3,0.3468505289025798,2,26,0
35,7,9,0.73643813005179,6,105,0
18,7,10,0.770401484324649,14,129,0
14,0,20,0.7623970438914073,1,88,0
53,3,8,0.7998060984228147,7,132,0
32,2,19,0.5858104373565837,2,184,0
52,0,20,1.0,12,168,0
5,0,18,0.6441296869475452,5,121,0
5,1,15,0.459402102434709,0,80,0
8,1,17,0.4556285309592694,0,113,0
29,6,12,0.665985925921046,8,83,0
48,4,16,0.08620122098847949,9,163,0
53,0,11,0.8819741987566724,11,154,0
29,1,9,0.09050698341886562,0,81,0
53,4,13,0.19144446281899757,1,157,0
48,2,16,0.9303817107028679,8,25,0
40,4,15,0.09809538863801204,9,164,0
41,0,8,0.7316445221816956,0,147,0
30,4,8,0.26054566736288215,5,167,0
54,0,13,0.507876799119976,5,166,0
31,0,17,0.1670290646754144,7,83,0
51,3,10,0.6005330209816129,3,20,0
15,0,15,0.8918759872442733,0,38,0
37,5,9,0.4206057814202479,7,187,0
15,0,16,0.9712066204334152,15,3,0
44,4,18,0.7923036501013843,11,62,0
38,4,6,0.6536417082078934,8,71,0
6,1,10,0.5815377952104309,1,39,0
13,4,5,0.6583480958844209,11,13,0
42,7,16,0.4417569783325658,11,114,0
20,7,22,0.5357767952565545,11,186,0
62,5,13,0.1995610168664394,15,71,0
7,0,14,0.9221238818771283,3,1,0
30,4,6,0.31144524132906626,6,170,0
15,3,13,0.32094175209172215,15,10,0
25,0,14,0.8983624578203573,5,18,0
63,1,14,0.9707451318025909,11,118,0
55,7,3,0.0,7,159,0
16,0,6,0.5906332063056164,8,172,0
26,3,10,0.4372347288606644,3,152,0
46,3,8,0.6632657656183019,0,149,0
10,0,18,0.7202392443796903,0,80,0
18,5,20,0.6707371952351671,0,155,0
7,6,8,0.7602867020012913,5,35,0
44,7,7,0.5491129695869573,3,148,0
12,5,23,0.41470096726519246,12,90,0
23,0,7,0.2831730737495061,5,104,0
21,0,22,0.8644011297264361,7,113,0
56,7,16,0.4903420481454919,9,1,0
37,5,7,0.20343813162730096,0,30,0
3,0,18,0.368250469467298,3,118,0
46,4,6,0.2779052580721718,3,31,0
35,6,5,0.8678402123877201,5,23,0
25,0,17,0.8258599803991642,5,101,0
31,0,13,0.6805544990701534,10,126,0
67,4,11,0.7579952273087183,9,145,0
52,5,12,0.017521014476003294,13,80,0
12,0,21,0.13362233002154725,6,34,0
32,2,4,0.12852857902661424,11,119,0
7,6,15,0.2849753161325913,7,168,0
13,4,5,0.14909294901872489,10,161,0
25,6,22,0.6309488316057628,7,58,0
42,5,12,0.0,10,172,0
21,5,14,0.24357576030884104,10,122,0
13,2,21,0.7681148132707997,13,47,0
49,4,8,1.0,14,105,0
39,6,8,0.46258202924871006,9,75,0
11,2,4,0.5545240617322202,9,159,0
10,2,10,0.2000959614410797,10,75,0
13,3,23,0.7215921477603058,7,95,0
48,6,12,0.9051724050592863,12,168,0
4,2,17,0.1884128946998016,4,14,0
14,3,10,0.6657062197025585,6,72,0
62,1,13,0.2297610647710881,13,63,0
36,1,7,0.9140193642361076,0,48,0
48,3,12,0.5615905935944858,0,159,0
25,1,10,0.31119771870649393,7,142,0
22,2,22,0.4723095212050307,8,71,0
25,3,4,0.22345680755841757,6,97,0
21,2,7,0.7827005413048038,11,105,0
42,4,5,0.8436846373402108,8,66,0
27,1,16,0.7889729670408148,7,32,0
55,0,15,0.22080128438615207,12,65,0
22,3,23,0.0476144119172978,11,59,0
19,7,18,0.4063756013256193,13,100,0
20,2,23,0.8076830795314907,0,23,0
51,4,10,0.7057526922389916,0,72,0
59,2,16,0.8462322952033778,1,128,0
27,0,21,1.0,10,179,0
27,3,8,0.44248299830536497,0,78,0
38,6,9,0.1459317096754217,15,38,0
28,0,16,0.737461289318962,10,40,0
12,0,11,0.36425185561782203,12,181,0
47,1,17,0.38322340109553815,3,161,0
44,0,10,0.5161370506721049,7,153,0
7,1,8,0.7033871117835282,6,126,0
42,3,7,0.24019666170792148,6,152,0
41,7,19,0.3638735382323227,2,74,0
50,2,17,0.11023572784862959,9,158,0
26,3,13,0.6760598965679852,10,12,0
30,1,20,0.6556491766157879,5,198,0
4,1,20,0.498911372260828,2,138,0
0,4,13,0.5156499853878851,0,95,0
51,2,13,0.46122139600265394,4,157,0
58,2,19,0.7339934821583415,11,166,0
5,7,22,0.0077448304530473855,5,58,1
15,3,22,0.09165968982031575,15,68,0
52,0,15,0.5779554989357938,5,68,0
46,0,0,0.06670235608286804,2,156,0
30,4,16,0.693267977054819,4,78,0
1,6,4,0.2365569361718777,1,65,0
11,1,18,0.3819808375629954,5,102,0
26,2,20,0.5164849346298725,10,65,0
55,1,10,0.9746057695649748,9,19,0
35,4,10,0.8352594070910044,6,92,0
38,1,17,0.7463751788411692,7,38,0
55,3,10,0.5077422470756384,5,155,0
41,2,6,0.8612185752030147,1,68,0
32,0,20,0.12475143001610071,8,120,0
13,4,12,0.9027321698684208,13,36,0
28,6,14,0.4601005782130331,12,26,0
41,2,23,1.0,1,119,0
16,7,5,0.9372084594044611,5,55,0
27,1,19,1.0,2,174,0
26,1,7,0.5773695045640949,5,84,0
50,2,18,0.7945048456511242,2,147,0
27,4,16,0.7539709333533451,10,52,0
48,6,20,0.7026620217521298,5,97,0
38,2,20,0.889034304619004,10,166,0
20,3,18,0.8695701303367377,11,48,0
44,5,3,1.0,9,80,0
33,0,12,0.2872338421682564,0,73,0
13,0,10,0.6526667694271944,6,183,0
22,2,5,0.012814741259287638,1,89,0
11,1,7,0.8662453302436081,11,104,0
36,3,1,0.08670443083342708,12,52,0
19,0,8,1.0,0,31,0
47,3,17,0.6620450612961469,5,100,0
24,0,15,0.396583103836143,1,166,0
58,0,15,0.4093185454660758,5,101,0
33,4,10,0.6815177626996644,7,24,0
46,0,21,0.9112154847279885,16,176,0
25,7,12,0.7723058962832582,0,136,0
39,1,5,0.08293836127737736,11,39,0
40,2,6,0.9670711541747765,1,135,0
35,7,13,0.961592668151822,5,123,0
26,0,19,0.4010228446338301,12,50,0
48,4,9,0.44287045470769243,5,139,0
12,3,13,0.13594478318493108,2,148,0
21,2,18,0.2767663416945823,4,140,0
29,4,7,0.5017351978092726,3,165,0
11,5,16,0.8480863868058099,1,36,0
43,7,4,0.9128697729396978,0,156,0
54,0,5,0.7646990147327044,2,145,0
58,5,13,0.9914079285790559,3,15,0
59,0,4,0.875928554133381,0,134,0
5,4,8,0.6523333669689227,0,70,0
47,1,3,0.4343468735288517,3,109,0
49,0,21,0.5867588815047866,2,148,0
3,4,11,0.7199106438536638,3,57,0
27,0,16,0.7130608697062417,11,47,0
7,2,22,0.32382178574089165,1,116,0
25,7,15,0.4873747416752954,1,111,0
56,2,9,0.6514328569999068,4,32,0
45,4,7,0.43473318943573935,0,153,0
32,3,20,1.0,11,122,0
29,0,13,0.5233004252848027,11,40,0
46,5,4,0.22405526367094794,6,80,0
14,7,9,0.49655783148818494,14,106,1
14,2,16,0.24293127590003638,4,4,0
5,0,4,0.5829396943139461,4,10,0
10,7,8,0.262021807997435,8,93,0
57,2,7,0.5978031960554662,0,138,0
52,0,17,0.812931680186208,15,42,0
27,1,14,0.3606548609467533,7,118,0
47,7,9,0.5388610811397201,6,80,0
26,6,16,0.5046474635975003,8,34,0
12,7,12,0.7305776034662528,10,42,0
28,3,15,0.24998721143559952,6,119,0
56,2,12,0.8362520390346768,8,130,0
30,3,9,0.4646481283889784,2,66,0
37,7,5,0.5782552483564639,8,86,0
7,0,23,0.8665143767116176,0,72,0
21,5,15,0.20917332852240778,8,122,0
16,7,21,0.5149523932170935,11,170,0
20,3,9,0.45147771055954367,1,166,0
14,6,8,0.527855433705363,11,63,0
50,4,22,0.33187139411914496,7,97,0
2,7,14,0.6899275705232051,0,42,0
13,4,1,0.2029066509381373,13,92,0
22,0,18,0.09978952403563196,5,17,0
50,1,9,0.7352253051422228,12,9,0
28,2,17,0.47785230982854743,9,81,0
22,0,19,0.835438970892928,4,128,0
3,7,11,0.7237920435815997,3,168,0
56,1,6,0.9187422174606963,1,56,0
21,5,5,0.24540626011946146,4,159,0
47,7,9,0.39937907639119763,3,34,0
4,7,19,0.2557578828916924,4,149,0
56,2,6,0.9609997522111682,2,22,0
31,2,8,0.5709782053231693,9,36,0
55,0,1,0.0,3,73,0
41,0,18,0.40938213564104775,9,96,0
25,7,18,0.452583723155821,12,37,0
15,1,8,0.8624458789673137,15,113,0
17,3,6,0.10623176171833801,9,83,0
21,0,18,0.9232977603843208,3,121,0
46,4,15,0.2131015787633254,5,172,0
30,2,5,0.6838737841716805,14,62,0
48,7,4,0.8666182289401387,13,92,0
33,7,4,1.0,11,61,0
44,1,4,0.9757478846615457,0,47,0
35,5,9,0.333305909803536,3,85,0
10,2,17,0.5026392359356109,10,139,0
51,3,13,0.266595448458698,7,76,0
6,1,19,0.5800090157437153,6,144,0
49,0,12,0.08174782572871361,14,71,0
16,0,23,0.2874715351071833,10,150,0
22,4,10,0.7187256420678015,15,104,0
48,0,2,0.9255661817390162,12,21,0
47,4,3,0.17448277044081834,0,96,0
52,4,7,0.5905269472715263,9,167,0
17,4,10,1.0,0,49,0
29,2,13,0.7465774032936981,8,164,0
13,3,18,0.28937330994057175,13,14,0
4,2,23,0.21729541121186136,4,103,0
9,5,8,0.707391222193472,4,68,0
4,0,6,0.5865809054147129,4,1,0
11,6,8,1.0,11,41,0
13,7,8,1.0,7,159,0
40,7,8,0.20994833613416336,11,39,0
42,2,15,0.0892473642431626,11,161,0
15,4,21,0.6744488825981013,2,4,0
52,2,14,1.0,1,29,0
52,1,5,0.6090944904341218,5,56,0
43,2,5,0.03395221282097968,7,126,0
48,0,12,0.6442867783751933,13,138,0
46,6,10,0.5884907365017196,6,17,0
4,2,17,0.9907124850992234,2,114,0
63,2,14,0.8332364683349744,5,144,0
42,7,4,0.14445965811398004,4,66,0
21,1,23,0.5815712953805985,15,82,0
12,3,5,0.8120398578378003,10,26,0
17,1,7,0.806804641098924,15,31,0
54,0,4,0.9537338980800261,0,58,0
19,0,22,0.7432470840567348,0,7,0
7,0,7,0.627745749016236,7,108,0
48,5,8,0.16548287789170602,7,26,0
16,4,21,0.7695357110294047,11,60,0
4,1,10,0.37731339152608667,2,74,0
41,0,7,0.788897213884152,2,118,0
61,0,6,0.3686240470108591,13,91,0
16,5,19,0.39953569099898245,14,98,0
31,0,9,0.5522557823275908,7,134,0
39,0,20,1.0,12,169,0
41,2,7,0.5298149313252947,10,149,0
28,1,18,0.8720709839270776,4,113,0
14,2,13,0.42489593775707624,14,62,0
6,3,6,0.5595832732396661,6,104,0
61,2,11,0.9078922100783586,5,120,0
9,2,17,0.9298137315822315,3,10,0
18,6,21,0.4754843301452587,14,172,0
7,7,8,0.0773413116953616,4,53,0
10,7,7,0.1571392297489107,8,98,0
11,0,16,0.15955532028128516,8,32,0
31,1,5,0.3797297763075716,6,167,0
1,6,11,0.6838265548136163,1,84,0
25,3,23,0.9362487953244341,3,131,0
15,4,16,0.3172289213312334,15,1,0
10,6,6,1.0,10,28,0
36,2,1,0.9284630120564672,4,132,0
17,0,23,0.6740321598567498,10,100,0
51,7,17,0.4977282893676392,7,6,0
21,0,17,0.6917216750588383,2,120,0
38,4,8,0.3542494762575855,7,172,0
5,2,11,0.2217596182871576,5,162,0
48,2,17,0.3524665312849931,2,167,0
3,7,7,0.04380219698639551,3,52,1
60,0,20,0.21739763184040067,14,89,0
23,7,7,1.0,2,47,0
22,7,11,0.669009529929066,8,40,0
69,4,19,0.7802968393638113,12,158,0
14,3,15,1.0,11,35,0
16,2,20,0.0,8,12,0
14,4,8,0.5099307101503212,11,153,0
4,0,22,0.6153830243028275,0,122,0
54,7,18,0.4060613798377901,10,98,0
21,1,21,0.9508914896266581,4,153,0
2,3,13,0.31545244494619606,0,79,0
47,5,20,0.24989428676976935,15,88,0
36,0,15,0.3116147716718169,2,144,0
39,4,15,0.9871047640874048,12,154,0
36,7,1,1.0,0,155,0
16,4,20,0.3604334337940987,3,20,0
54,1,7,0.8553749405940381,3,39,0
18,2,12,0.1717109730304633,8,108,0
21,0,7,0.5698157649890976,6,166,0
9,5,5,0.818675683871135,6,60,0
9,0,8,0.2983162107732866,9,154,0
36,5,17,0.8974360268390847,9,152,0
23,7,18,0.5932442228439279,2,117,0
53,6,18,0.6398655507498362,3,98,0
56,3,14,0.020069999044139725,14,75,0
61,1,13,0.8258041954238637,13,44,0
16,0,11,0.541456962238524,9,40,0
15,5,16,0.19637537503793046,15,96,1
28,7,6,1.0,10,123,0
44,7,7,0.9865335863817508,0,172,0
63,0,7,0.5232325153507927,3,10,0
20,1,23,0.572112013992729,13,100,0
16,4,18,0.3236707501890619,9,20,0
42,1,23,1.0,8,130,0
35,3,18,0.875678497849539,13,169,0
24,0,14,0.0969135985541813,1,71,0
18,2,15,0.42271112844699044,0,162,0
8,1,11,0.5559224733927746,0,42,0
25,1,23,0.8353772277896743,13,141,0
25,7,14,0.5110651418870074,2,123,0
4,7,14,0.3927653317525208,4,142,0
22,1,11,0.6989008019978805,7,13,0
49,5,5,0.22387575813504668,7,74,0
12,7,13,0.7575976719844867,8,176,0
53,0,7,0.4338120110098449,13,114,0
27,6,17,1.0,10,145,0
16,4,7,0.9687826537824952,16,34,0
44,7,4,0.45922156233864775,2,21,0
58,5,8,0.17652358646682986,1,164,0
9,0,12,0.062004777974616815,0,147,0
14,1,23,0.8791930968646932,4,136,0
26,4,13,0.4036164767241736,6,129,0
43,7,5,0.20225852675761535,12,45,0
46,0,10,0.6522335196109018,6,85,0
49,7,3,0.3178398372111655,2,175,0
11,6,4,0.11936052405913333,11,80,1
11,6,21,0.39649770232467973,11,91,0
48,2,4,0.06116662863324214,3,146,0
57,5,8,0.08287228028136423,3,145,0
10,4,9,0.128540351423186,5,72,0
18,3,19,0.32659915790706584,3,14,0
11,6,4,0.4740032087215724,9,52,0
11,7,9,0.8389107506445684,7,37,0
27,5,4,1.0,1,161,0
68,1,10,0.8200722753051465,8,121,0
55,4,20,0.8083728366158945,15,151,0
22,2,9,0.23712438120939427,9,90,0
13,0,13,0.2726408241886574,3,160,0
36,2,18,0.6912717732246556,13,49,0
13,4,15,0.3462036158096009,12,107,0
46,2,16,0.6942557323975875,3,62,0
3,7,6,0.039772920984409446,0,59,0
18,0,18,0.7921070541647823,11,36,0
34,3,3,0.6818035081292259,0,117,0
21,0,13,0.6704380309904648,10,20,0
55,1,11,0.8010222691526967,14,28,0
38,3,17,1.0,12,61,0
24,5,17,0.44043525355416746,6,135,0
31,1,22,0.9323316897388803,9,178,0
65,0,17,0.8821581017894087,3,118,0
29,3,10,0.18175455829714687,0,86,0
58,2,16,0.04925712033583457,12,89,0
15,1,12,0.7260465024251574,9,6,0
7,5,15,0.7076456873863362,2,44,0
7,2,21,0.4557672402748437,2,105,0
9,7,18,0.8549118538468727,0,158,0
38,7,5,0.28197424664612686,16,19,0
33,5,9,0.3691563867592048,12,35,0
22,2,19,0.8111558206811074,1,140,0
25,7,13,0.5340476058657584,10,71,0
43,7,12,0.20091033032089378,4,66,0
42,6,13,0.9388926510302293,1,120,0
36,3,13,0.29550072499945046,1,21,0
30,6,8,0.7449241593150512,2,112,0
59,1,15,1.0,4,6,0
59,2,7,0.48701752557421857,9,163,0
27,1,20,0.6806824938133539,2,123,0
10,3,6,1.0,10,19,0
28,2,18,0.08475444633760873,16,95,0
5,6,11,0.7812353584023722,5,51,0
21,0,11,0.6236797447014475,12,29,0
28,3,17,0.6612530482975033,14,56,0
7,1,12,0.8795055507215277,7,168,0
19,5,20,0.3756303270264798,0,5,0
16,6,11,0.6600604409298831,10,78,0
9,1,21,0.8143950957080067,0,1,0
22,3,14,0.6708654206445556,11,46,0
58,1,22,0.7943153263027739,15,175,0
46,1,5,0.21980936468941192,12,44,0
47,1,6,0.655299813964573,1,144,0
54,0,9,0.6656642924379906,7,43,0
57,5,12,0.26817316509928285,12,85,0
31,1,19,0.804756114152683,11,44,0
56,0,19,0.7647116931433001,4,154,0
43,3,10,0.7756476584006412,0,137,0
0,0,19,0.8060573475258401,0,83,0
7,5,10,0.40621390927477186,4,71,0
58,1,9,0.6411726417972516,6,41,0
40,5,4,0.6339863164362264,10,40,0
15,2,12,0.5636442129375834,4,71,0
8,5,23,0.03647980032541129,5,50,0
58,0,8,0.07876777953080281,2,76,0
4,6,23,0.10843428253156809,4,75,0
61,6,8,0.19493465076639283,3,170,0
46,3,2,0.02639221695427796,8,147,0
9,7,23,0.7271246115058475,8,103,0
24,6,4,0.8444423519526794,13,63,0
41,3,18,0.34004501238053936,10,166,0
25,1,18,0.6764731318819684,6,177,0
39,4,3,0.4713239853128274,0,10,0
38,4,7,0.3070122308823766,8,40,0
56,3,16,0.47764200218604314,9,1,0
29,5,20,0.2477576245704211,8,98,0
27,3,3,0.44749230664114786,8,62,0
32,4,20,0.903842013284915,8,49,0
10,7,8,0.44669319212384917,6,61,0
17,0,19,0.15425763957304756,8,14,0
37,4,20,0.8155838007236762,12,171,0
43,3,5,0.21198274660648353,10,145,0
54,5,6,0.2344845404378144,5,176,0
13,7,3,0.8783778009264489,8,28,0
59,4,9,0.3044879718841683,3,130,0
27,1,23,0.2539306624529493,15,164,0
56,0,19,0.5274349513763692,2,134,0
16,2,23,0.41960854234528155,12,86,0
32,2,22,0.6002593826110167,5,182,0
13,5,20,0.3837014584050984,13,73,0
4,0,20,0.8268128889179759,0,77,0
55,1,10,0.979953831234962,0,94,0
6,7,12,0.10872995092678639,6,163,1
46,6,13,0.6300912474849524,8,37,0
54,5,7,0.9349525672058288,3,33,0
25,2,4,0.43914459237596776,4,125,0
45,2,20,0.9543727506496097,13,168,0
13,5,15,0.8601654224400609,6,163,0
7,7,13,0.7858811257229278,4,45,0
11,5,8,0.4472646910193654,0,69,0
23,4,18,0.29689045655327406,11,93,0
7,0,18,0.4153129248433648,7,114,0
24,2,23,0.3299593295313355,12,67,0
37,1,8,0.5753274451390241,11,159,0
12,5,3,0.1546543717477741,12,95,0
29,6,7,0.9189530249591533,1,1,0
25,7,3,0.8183371302864453,11,46,0
22,0,23,0.0,13,72,0
7,3,19,0.5174968737098207,7,147,0
1,0,11,0.5666998927186353,1,42,0
52,4,8,0.29780786314768876,15,127,0
12,7,10,0.619140515259551,9,44,0
25,5,20,0.897660446950787,0,159,0
27,2,10,0.3174575331393319,3,185,0
11,0,8,1.0,4,1,0
16,3,21,0.7434054498387912,11,76,0
38,4,5,0.823101900859912,8,47,0
26,4,5,0.5866393376722618,12,55,0
12,6,20,0.34994375729563404,12,94,0
33,6,5,0.30770672309506786,0,43,0
25,3,17,0.36729953974360163,2,174,0
55,1,9,0.9556480053516188,1,55,0
61,1,11,0.6321490274480452,7,167,0
15,6,18,0.29025714574770267,15,111,1
57,0,6,0.6584016047773219,2,152,0
65,2,10,0.8339772947641091,12,43,0
8,4,5,0.47730193943617866,8,175,0
48,3,7,0.9941463247409448,1,59,0
18,7,15,0.4918294163466131,14,42,0
64,0,15,0.5692394231463027,5,137,0
36,1,18,0.8485708641430909,10,44,0
29,1,21,0.5692843732396821,5,61,0
2,2,23,0.3666513523971153,1,131,0
14,6,17,0.3671107300090642,14,29,1
51,0,21,0.719982865804704,9,100,0
4,0,21,0.7272341472902188,0,108,0
32,3,21,0.8122674504660055,8,67,0
58,1,13,0.9204916746648372,8,121,0
13,7,23,0.4878661776533062,8,103,0
25,4,22,0.9076049495303394,15,149,0
40,5,16,0.6334715721109763,5,140,0
5,0,20,0.4434297190912179,5,114,0
23,1,14,0.8604810516237779,3,99,0
18,4,22,0.08065077394555381,9,62,0
33,4,19,0.9390109086008641,6,152,0
24,4,10,0.16049603273956425,0,97,0
56,4,14,0.7879813913950178,11,169,0
16,3,19,0.20822118866557343,10,64,0
59,4,14,0.6958669672589473,7,124,0
48,0,14,0.5887812703952023,2,75,0
15,1,19,0.17689701845460695,11,135,0
14,0,10,0.4513686186411266,5,172,0
47,5,21,0.0,11,81,0
33,0,21,0.9431382323016483,11,121,0
35,7,0,0.7965727860371776,7,121,0
30,2,23,0.7778505886000016,12,42,0
47,3,12,0.5275726909026253,15,153,0
8,0,15,0.598487642098445,1,84,0
31,4,20,0.5416414820636746,5,71,0
5,1,20,0.4471880800830127,5,115,0
55,0,10,1.0,0,78,0
28,0,10,0.5038146561968989,9,73,0
8,4,16,0.4547525801165493,0,58,0
4,7,14,0.7681679992913493,3,59,0
12,4,17,0.6850121649072504,12,50,0
39,6,14,0.5077038483286226,11,25,0
13,7,13,0.22580697028607144,6,155,0
12,0,21,0.9540616803109262,1,62,0
16,2,5,0.7502843733968894,10,8,0
46,2,14,0.4060709003886605,6,147,0
3,1,16,0.52294029666441,3,100,0
27,6,22,0.9123561425691483,11,158,0
46,5,4,0.3471474452149213,5,196,0
9,0,13,0.8715933971104021,0,107,0
52,7,23,0.9457812301757964,13,186,0
42,1,3,0.22882787876092275,9,138,0
40,5,2,0.20540154128664612,5,74,0
7,2,15,0.25936665631892597,7,134,0
59,7,4,0.2820924662719372,3,192,0
16,5,16,0.30753898551987535,15,119,0
54,2,13,0.5253372222106768,9,12,0
34,5,19,0.27377439515227164,0,78,0
52,0,10,0.6470370020846015,8,38,0
19,3,20,0.8169308710967527,8,56,0
60,3,17,0.5960009385249228,7,19,0
42,5,21,0.9206174685884347,8,119,0
23,2,19,0.860750905680992,2,155,0
24,0,23,0.3832905059088651,11,83,0
48,0,9,0.48539559011611383,2,66,0
34,0,18,0.2754140057820548,11,136,0
50,2,12,0.6022878159152437,4,141,0
54,3,10,0.4114093491780894,3,135,0
19,7,18,0.41899869767910386,13,23,0
36,5,5,0.15862860572240378,8,135,0
41,2,4,0.15367921501991588,13,143,0
58,0,9,0.5848476305787429,7,156,0
12,7,6,0.9751987547078464,9,37,0
6,4,16,0.5725413375289112,0,52,0
45,7,7,1.0,0,140,0
52,0,7,0.9944103911293308,0,150,0
1,1,9,0.5073517315086828,0,37,0
35,4,5,0.9404593176410754,5,135,0
23,1,22,0.3610566420562028,10,76,0
12,6,10,0.6569499087359358,12,118,0
59,0,14,0.7916890063811444,4,124,0
16,2,6,0.09757445706418418,1,83,0
14,0,21,0.2386009186515649,14,151,0
49,7,17,0.5588846804665386,6,97,0
21,0,17,0.7262519500168466,8,102,0
29,0,19,0.4577856218212556,5,74,0
11,0,11,0.7689758955119811,10,155,0
50,4,11,0.7624053877891896,3,34,0
25,1,12,0.18717280845343331,0,108,0
7,0,15,0.3032494401312479,7,92,0
11,1,11,0.5195133857140716,11,109,0
41,4,16,0.2633175411516092,8,163,0
13,3,14,0.9852795879367265,13,25,0
18,7,21,0.2124158916780166,2,1,0
32,0,17,0.11881242301794327,10,82,0
8,0,11,0.523652442236646,8,155,0
55,2,8,0.8912999060168871,8,126,0
26,2,9,0.10310562349900528,2,94,0
4,2,17,0.8254225769448721,4,145,0
44,7,4,1.0,0,135,0
18,3,11,0.3180315486342191,10,61,0
40,5,15,0.2996588783384293,7,112,0
21,7,19,0.29438982278834025,11,25,0
34,2,23,0.5002264023528215,8,106,0
19,2,12,0.7210489991005474,6,36,0
23,2,23,0.889096848678964,5,109,0
22,1,14,0.9617084096345547,18,33,0
44,0,2,0.17450014930551638,4,71,0
8,3,8,1.0,8,53,0
19,1,4,0.3663948572144716,8,172,0
6,3,20,0.150849817916847,5,132,0
18,0,17,0.726904778970102,3,110,0
11,5,6,0.8226384712265364,10,39,0
28,5,6,0.9916891439197978,2,144,0
21,4,10,1.0,6,161,0
17,0,22,0.719927106484293,15,39,0
53,6,15,0.8202871864191574,11,123,0
20,7,21,0.49191318439806053,10,177,0
20,0,23,0.4949313566290866,10,104,0
49,7,19,0.4256463576958101,14,105,0
34,7,6,0.8478358883033081,4,42,0
45,7,23,0.10017350687724438,3,71,0
9,5,7,0.491892031232254,9,73,0
18,1,6,0.4350878286941693,6,117,0
17,1,23,0.37342223236062216,14,4,0
27,3,19,1.0,6,165,0
51,1,15,0.5548969445424048,8,168,0
4,7,14,0.6862575455019574,0,48,0
38,6,21,0.3536075285730787,0,89,0
16,7,9,0.665063561583138,0,110,0
37,7,22,0.0733187836911158,2,69,0
30,3,3,0.6170523828510769,17,57,0
50,6,11,0.17942592777821634,9,46,0
31,1,7,0.6470988013971741,12,35,0
67,4,10,0.3281793768501986,12,83,0
23,1,20,0.6176663395509124,6,173,0
30,5,23,0.386979712444919,14,169,0
41,5,4,0.8021018570007166,12,32,0
30,1,13,0.10045412105703225,3,77,0
71,5,23,0.28602070485153736,7,13,0
28,7,5,0.7662360183275934,12,52,0
8,5,23,0.4710650462564786,5,135,0
14,0,9,0.552345804078611,7,114,0
32,3,9,0.8369500599521476,1,70,0
11,5,9,1.0,11,45,0
39,0,23,0.890776690706758,10,112,0
41,1,8,0.8479154511355047,0,129,0
26,0,23,0.1586624453440568,15,140,0
62,1,6,0.7032238380524247,4,169,0
47,0,8,0.9299602944758417,12,6,0
40,0,12,0.4631168181907077,11,148,0
35,2,21,0.48585796834496336,5,88,0
3,1,16,0.7177408131074158,3,78,0
7,2,6,0.21413404869632757,7,155,0
18,0,14,0.9470567643028754,11,24,0
11,6,20,0.6813846890178406,0,15,0
38,5,6,0.8368025490316781,4,13,0
55,1,19,0.805830523383542,2,124,0
62,0,13,0.6595271385942665,2,20,0
41,2,13,0.2223256627892041,3,136,0
58,0,14,0.5179152277013611,6,160,0
14,4,15,0.3231356123876418,14,114,0
32,3,10,0.7339203588059635,8,34,0
35,3,10,0.36096556818234476,1,165,0
0,6,19,0.48346183803918497,0,33,0
49,5,9,0.5483601816056815,7,169,0
36,4,13,0.05395354915088692,0,26,0
46,5,7,0.703097315005089,0,46,0
37,1,4,0.09463651460059598,0,89,0
17,5,21,0.707514994887626,12,111,0
34,5,5,0.24396231217822545,2,49,0
40,2,23,0.212701411442482,3,137,0
11,0,10,0.7290388576554643,6,113,0
25,2,11,0.04429029585855587,1,19,0
59,2,15,0.8602294969836541,8,125,0
21,6,16,0.689089445937818,1,74,0
34,0,19,0.7384820458599545,5,168,0
41,0,12,0.7637860834383173,9,151,0
27,1,19,0.394268296672658,12,74,0
34,1,22,0.7329326579851995,2,127,0
22,0,4,0.9198000313686292,0,11,0
60,4,21,0.6426700273249131,1,144,0
12,1,22,0.6270750766517843,7,116,0
42,6,5,0.1198755801627587,11,161,0
29,0,22,0.31727723496374816,15,87,0
36,0,18,0.012755631690167996,9,90,0
56,4,13,0.23624939612242257,10,36,0
12,1,23,0.0,12,55,0
41,6,11,0.7905526357665685,0,25,0
51,0,8,0.6676212141349308,3,148,0
17,5,19,0.2289059357361407,11,12,0
30,4,12,0.21039289860954608,10,112,0
52,1,8,1.0,13,1,0
27,6,6,0.4706364897708248,5,194,0
3,1,14,0.9837211151074199,1,100,0
34,4,7,0.8742182252744012,7,46,0
55,0,23,0.3539900420461562,7,106,0
11,0,13,0.7102916836557317,5,54,0
57,7,8,1.0,12,167,0
53,3,5,0.13920029975529824,7,151,0
32,5,15,0.1542493382262059,0,24,0
47,0,6,0.5882698688645547,10,189,0
13,4,9,0.29263288491415684,13,66,0
32,0,20,0.6358733634796259,8,173,0
47,4,6,0.4739029122840162,3,170,0
31,1,22,0.8990271908271503,11,121,0
41,4,9,0.9873498316565004,3,21,0
26,2,17,0.9057955712451607,1,140,0
6,3,7,0.5892750116107307,6,2,0
5,1,17,0.7845744682117424,2,25,0
18,4,9,0.5252085208788834,9,150,0
19,7,17,0.2629064507118906,15,22,0
3,2,16,0.7487757805102724,2,71,0
5,4,17,1.0,5,200,0
53,1,18,0.8031189446707391,5,115,0
14,4,23,0.12644562603899312,10,67,0
64,0,1,0.7341464279066379,1,146,0
12,0,12,0.5954293375470017,7,118,0
19,1,10,0.5054591651270959,9,172,0
29,0,4,0.331913756821447,11,35,0
50,7,19,0.5927038356802544,4,140,0
21,1,4,0.4533057382989937,5,94,0
53,6,11,0.6621465569993413,0,63,0
42,2,21,0.9390461453025873,13,167,0
15,0,17,0.9327179225737031,15,33,0
36,7,7,0.2371841985873515,0,65,0
40,7,18,0.9565819738593107,9,141,0
34,2,5,0.6918860509658833,8,49,0
16,6,18,0.44507285373250827,10,38,0
11,0,13,0.7885459328843418,0,61,0
8,3,5,0.45891814401499453,4,104,0
51,7,4,0.3165611774690731,1,153,0
9,4,12,0.98247233302248,6,174,0
3,1,11,0.5954913853789903,2,85,0
34,0,23,0.9374299283252053,12,170,0
45,2,7,1.0,0,81,0
61,0,8,0.9948986844156077,8,8,0
9,0,5,0.6412063203421555,9,19,0
50,0,10,0.5685720532418558,8,127,0
7,1,15,0.7022394956391932,7,83,0
28,2,9,0.24324849619702008,0,68,0
4,5,6,0.7668392304533961,0,69,0
36,7,8,0.8184664044223513,10,114,0
33,0,15,0.06339652010306407,2,145,0
16,2,8,0.5500412871693643,9,187,0
39,2,18,0.2637496975636142,2,131,0
40,4,19,0.8727046795133809,11,171,0
63,4,13,0.045550926230895905,15,86,0
13,0,5,0.10610232647743137,6,133,0
27,7,8,0.4293361208400826,4,170,0
58,6,11,0.8999000685861986,3,57,0
72,0,9,0.7996725742575095,9,49,0
12,4,3,0.2518473508736906,12,81,0
34,5,4,0.33393854085738434,3,171,0
49,5,17,0.40041022646832064,13,97,0
48,0,10,0.4989852438764858,2,163,0
44,5,6,0.7835169397977086,0,171,0
57,4,6,1.0,0,41,0
22,0,0,0.8016357682243025,10,182,0
20,0,20,0.4142817085837259,15,104,0
37,0,9,0.34295878312205835,11,56,0
18,0,6,0.9217488874414272,0,31,0
16,7,15,0.3522881934883828,16,96,1
47,0,11,0.6115852764987388,2,78,0
12,3,22,1.0,6,46,0
62,3,7,0.5882267236243868,6,177,0
16,4,6,0.7089709549213647,16,17,0
39,4,4,0.0,9,135,0
53,5,22,1.0,6,173,0
23,1,9,0.5218469342479131,4,125,0
38,0,9,0.9463539476332046,6,94,0
48,4,15,0.1849902217073145,4,135,0
37,3,6,0.22876733893641002,0,68,0
12,1,8,0.33850700223709107,10,147,0
47,0,20,1.0,13,169,0
21,3,18,0.802261367503105,7,145,0
49,5,14,0.5622398696425014,8,17,0
36,5,22,0.3733429185441961,6,80,0
15,0,18,0.38163667349796637,9,15,0
21,6,23,0.8700733655593611,15,75,0
4,4,8,0.48646985291136735,4,62,0
47,0,20,0.10383527532240716,13,106,0
30,2,17,0.6143133194695178,8,107,0
44,1,4,0.5605995219560177,0,116,0
13,1,17,0.8651088228474781,13,21,0
52,1,21,0.7791559073827894,1,146,0
40,2,9,0.654492114863926,13,142,0
27,5,7,0.1965624670818223,2,58,0
26,0,5,0.9133527796678973,3,153,0
14,5,7,0.0,7,74,0
13,0,21,0.17462956357715229,5,26,0
26,5,6,0.1886806965763802,15,44,0
36,4,8,0.7972927294192398,3,28,0
27,0,17,0.7590922643606878,11,111,0
43,7,18,0.327765457069804,9,107,0
30,7,23,0.5951493170673791,13,150,0
13,4,5,0.23968751035270158,13,65,0
30,1,21,0.2680360659206952,4,55,0
6,2,18,0.945435798401987,0,26,0
35,5,7,0.6889217610186409,8,43,0
27,2,7,0.7125675287914844,11,58,0
47,1,16,0.26576235310056995,6,65,0
13,4,4,0.24212700948874225,13,80,0
48,1,11,0.5324972169021358,4,159,0
25,1,16,0.3914860686637023,0,166,0
18,7,5,0.941567563226434,14,54,0
32,5,3,1.0,5,134,0
44,0,20,0.3076488440819659,1,156,0
43,6,6,0.9913742288908656,6,128,0
34,2,0,0.02852250378492696,7,147,0
7,5,23,0.12032885404762778,5,48,0
61,4,18,0.7335586063683865,2,103,0
59,7,22,0.3289350226681236,5,33,0
35,1,3,0.5630013409538921,8,49,0
24,3,16,0.5545192523763425,4,74,0
6,6,11,0.7079974607953978,5,24,0
20,2,23,1.0,4,133,0
9,5,5,0.6483058199762862,5,62,0
18,6,8,0.3500587766596282,4,66,0
9,3,17,1.0,6,16,0
56,4,4,0.37812021333953716,10,106,0
38,6,18,0.7697960799903301,12,164,0
45,7,20,0.6471413302028618,14,123,0
55,2,4,0.8122507160693553,0,128,0
38,3,18,0.11288255107403634,9,128,0
14,1,16,0.25180899794708095,14,127,0
17,1,17,0.5278822406799986,1,171,0
47,0,10,0.557954479754937,3,154,0
33,7,18,0.24872983981490415,0,84,0
35,0,21,0.5876140623317223,2,183,0
49,7,6,0.6695494056086921,1,71,0
31,6,23,0.23447942045118092,4,68,0
54,0,6,0.89566262516784,0,149,0
49,2,22,0.3995744366184655,4,98,0
38,5,11,0.42861976847112704,15,112,0
20,6,15,0.39689502923740094,0,130,0
59,6,9,1.0,0,36,0
34,5,16,0.05297063520622619,11,117,0
33,3,8,0.9629245653476807,4,176,0
33,0,7,1.0,0,24,0
26,0,16,0.7322593599400129,13,100,0
15,3,18,0.3335738767864804,14,12,0
30,7,8,0.7778702543770072,1,25,0
33,0,11,0.9324777340845531,6,75,0
24,7,19,0.3180951272628534,15,36,0
7,4,6,0.7730488818150487,5,65,0
6,1,22,1.0,3,23,0
37,3,19,0.23951635028156557,6,146,0
26,2,18,0.35284211843083335,7,111,0
42,4,2,0.06993952494997387,8,133,0
23,1,22,0.9746695743698409,6,159,0
39,0,9,0.7706914095253115,2,41,0
60,6,23,1.0,10,178,0
33,1,22,0.48531846809701024,15,84,0
5,5,13,0.8131935775752053,5,49,0
30,1,8,0.8032770365306556,1,49,0
57,0,2,0.9079468349975837,2,138,0
12,2,20,0.3504607617243415,9,144,0
51,4,4,0.18862416369220286,5,76,0
32,0,5,0.2788634718814895,8,153,0
44,0,9,0.4295575620836859,6,155,0
19,7,18,0.9132203019071372,1,154,0
42,6,15,0.5386836438101136,10,144,0
7,1,14,0.7596203006668716,7,144,0
52,4,12,0.3833992400758379,12,52,0
4,7,23,0.28603610413648567,4,56,0
62,0,9,1.0,7,117,0
55,6,4,0.12084447198427578,7,82,0
4,5,3,0.28012022537616044,4,81,0
33,1,5,0.687839278801397,3,132,0
63,0,8,0.6769384100241387,3,31,0
19,1,8,0.6955788129183967,14,27,0
43,2,16,0.5958191430648132,5,144,0
2,0,16,0.982535959525875,0,25,0
30,0,21,0.5764751662388545,7,191,0
43,5,11,0.434578990484755,0,32,0
13,7,3,0.6520861769987698,13,112,0
51,1,18,0.7955993614382886,13,151,0
60,1,8,0.30348493219641515,6,65,0
28,0,20,0.8643942130023867,13,159,0
38,2,17,0.2729714515334995,1,125,0
45,3,2,0.049189532036504474,8,158,0
31,0,10,0.171764261571028,1,62,0
62,1,17,0.634588135916093,4,138,0
30,3,23,0.8043605178978013,11,66,0
23,3,7,0.24652545746172466,11,46,0
34,3,9,0.558445543205646,7,59,0
31,5,6,0.43146733206533255,1,132,0
7,7,13,0.9546421240548856,7,165,0
48,4,20,0.9219557262850334,11,118,0
48,6,5,0.17251657801129905,4,176,0
31,1,23,1.0,7,151,0
14,3,12,0.0,8,64,0
22,5,22,0.9434145290069641,2,132,0
3,2,8,0.8977704704330378,3,148,0
62,5,18,0.7269139328205818,7,142,0
25,4,6,0.19655750348683182,7,161,0
60,4,23,0.08701531141233239,11,14,0
3,0,18,0.9655857383878252,0,67,0
49,5,13,0.9991077432362135,14,115,0
5,5,14,0.8941240128885822,5,127,0
18,4,16,0.9543944557808869,2,26,0
9,3,9,1.0,9,35,0
34,2,3,0.5898849659152742,8,34,0
44,7,4,0.6012285543290753,0,172,0
62,6,22,0.9360186682409093,8,169,0
12,0,6,0.7457148989113037,10,128,0
24,3,3,0.7630039398201196,12,59,0
40,5,4,0.30649436892489135,11,135,0
40,5,11,0.0473735125220691,1,14,0
29,2,7,0.9439030112349978,6,168,0
36,0,16,0.5363829390131296,8,107,0
56,3,23,0.9195381587644145,1,142,0
30,3,16,0.21958520864710393,12,128,0
43,5,23,0.2687654909074302,0,64,0
50,1,10,0.6414744519708238,6,63,0
51,5,13,0.13838169663833208,11,92,0
9,0,7,0.4387339017605427,7,24,0
32,0,5,1.0,10,158,0
14,2,20,0.9206292351157449,0,4,0
38,3,4,0.8027535650177828,8,71,0
4,4,6,0.6615958014417183,2,51,0
8,6,16,0.1400922676043438,4,155,0
53,0,13,0.7459948207203786,10,64,0
54,4,10,0.663327159173603,6,149,0
21,4,15,0.6990144986626681,2,125,0
48,0,21,0.7836585750871582,12,55,0
42,4,5,1.0,4,45,0
39,0,9,0.9483774060036425,3,62,0
64,2,5,0.9703544851784839,12,7,0
43,1,6,0.8360491905893628,5,102,0
43,3,19,0.2960823860350685,4,148,0
36,6,6,0.2806579204962567,1,18,0
31,0,19,0.06436106668369129,9,94,0
20,0,23,0.9290525413424399,8,44,0
51,1,10,0.7066544173711934,8,149,0
39,0,4,0.8138159611409307,0,135,0
41,5,3,0.7418533665232372,5,119,0
15,7,17,0.26783386209070864,15,24,1
24,6,16,1.0,1,152,0
19,5,19,0.432215142017605,11,25,0
11,0,18,0.4897352661598615,7,127,0
41,5,8,0.01796937847235744,13,54,0
44,7,21,0.4345002057925348,6,107,0
13,0,19,0.40654172675889344,12,151,0
2,7,12,0.9131599421165884,2,52,0
21,1,23,0.2700093241835447,6,20,0
43,5,7,0.8359512177494374,0,163,0
17,5,14,0.3083833268392678,17,105,1
40,7,6,0.6557952292270834,0,173,0
47,0,21,0.6654298744750968,7,51,0
22,1,19,1.0,7,41,0
59,2,17,0.6378837289191343,3,146,0
4,0,16,0.4196052959595447,4,105,0
24,5,6,0.32612606464549515,1,188,0
4,2,13,0.8626746084576642,3,76,0
26,0,6,0.22623198549476703,5,88,0
12,4,9,0.7327117203245217,11,157,0
48,7,12,0.37142273514028573,12,124,0
30,1,14,0.898028719234444,14,30,0
20,3,1,0.8801926431225218,12,47,0
17,7,18,0.880116259954378,6,114,0
60,0,18,0.4569454985181681,5,160,0
11,0,13,0.21820684958075895,0,142,0
58,5,9,0.3262960875418133,9,31,0
50,3,5,0.88527815313334,4,40,0
27,0,14,0.015554338347214897,2,130,0
30,4,2,0.10751925639333959,11,138,0
56,1,11,0.5922649650720602,6,174,0
60,3,17,0.5370382642757197,4,97,0
35,5,3,0.9705908341074664,3,123,0
12,5,21,0.30612294207927815,12,93,0
40,5,6,0.5628566923676924,11,85,0
28,2,9,0.2164962367509561,1,75,0
6,0,15,0.22814671102538114,4,158,0
41,2,2,1.0,7,152,0
40,5,5,1.0,7,139,0
5,5,9,0.9699463048926423,5,137,0
30,2,11,0.43708002514789296,4,135,0
54,4,0,0.2079025225751403,7,78,0
19,6,23,0.46450378304357054,14,18,0
55,4,11,0.34345079722908445,12,116,0
18,5,21,0.242853989606334,14,180,0
43,4,23,0.9218471101948301,8,113,0
43,4,9,0.563300291045586,3,46,0
32,7,20,0.2374572667330142,1,86,0
45,2,10,0.6671477425430551,6,29,0
36,0,22,0.27039307073272423,12,141,0
36,3,14,0.7512967232620574,6,34,0
0,6,16,0.5966870125382226,0,61,0
57,0,11,0.6684999969089777,12,28,0
18,0,6,1.0,14,104,0
21,1,12,0.8278387858004677,4,22,0
14,2,14,1.0,14,20,0
12,0,9,0.9096521145713643,1,16,0
59,1,23,0.30560784377784633,5,88,0
63,1,10,0.8430516833769249,13,11,0
33,3,22,0.8354889747592397,12,179,0
28,4,2,0.9875606820591655,7,147,0
25,6,16,0.5595062455058628,7,109,0
57,7,22,1.0,9,175,0
20,5,23,0.21278959989890678,8,53,0
9,7,8,0.0,4,63,0
8,6,16,0.657507361320132,0,50,0
50,1,9,0.763795901804551,10,120,0
43,0,21,0.3287967026993487,2,141,0
33,3,23,0.3388314613497554,8,94,0
47,0,5,1.0,2,39,0
66,7,18,0.21738645160032186,6,24,0
37,0,18,0.0,7,95,0
40,2,5,0.9609050079158661,7,80,0
39,6,6,1.0,10,159,0
17,7,13,0.8950630938646236,2,145,0
48,7,9,0.8729836631385002,3,42,0
30,0,12,0.5091594014958418,3,121,0
5,2,14,0.7430324740977254,5,73,0
16,3,8,0.45083138022513575,0,63,0
54,2,13,0.5013488339216378,4,148,0
36,0,19,0.6253224569320415,3,189,0
25,1,9,0.5938395910261799,4,57,0
15,4,18,0.7804742493320648,0,147,0
41,5,7,0.3715897347716004,9,24,0
38,5,5,0.7323881310038548,8,104,0
22,0,6,0.9880713825602426,3,25,0
40,4,7,0.6727398214010362,0,143,0
3,1,21,0.5927882612356051,3,107,0
17,3,16,0.05730903953691885,6,111,0
45,0,15,0.4194571180823271,4,87,0
18,3,12,0.19936844246908664,0,106,0
29,0,17,0.13892026844918323,1,136,0
12,0,4,0.7642365976420457,7,149,0
19,0,17,1.0,13,35,0
12,6,9,0.4459700856759661,7,55,0
37,1,9,0.5563681948884702,0,130,0
36,5,19,0.7406250001880408,15,149,0
19,6,14,0.4430063833079949,13,9,0
57,3,13,0.8083006347475234,9,125,0
35,5,8,0.4466579736070607,11,113,0
27,6,22,0.8031177552828828,12,66,0
20,1,17,1.0,14,40,0
53,3,14,0.3686238452466845,3,156,0
38,1,5,0.6644161750845483,10,49,0
49,5,4,0.31441494580405976,2,11,0
9,0,19,0.5685143456070285,4,111,0
42,4,7,0.2143460538457497,15,49,0
4,4,14,0.9813467016627175,4,21,0
25,1,17,0.6904920386560462,2,182,0
49,3,15,0.4041458764533487,4,146,0
13,0,13,0.8683724468188683,13,39,0
48,0,9,0.8379061036902022,5,83,0
15,7,9,0.6310555773164486,14,136,0
52,0,23,0.11960940350059372,12,122,0
52,0,7,0.7853075841126274,2,152,0
16,4,13,0.3789164551966201,7,10,0
11,0,9,0.5617257770385535,8,164,0
59,3,9,0.5339794788901664,0,143,0
47,4,12,0.5703144338964599,16,158,0
44,7,20,0.9659588463445566,10,29,0
17,3,21,0.6197404074499339,11,159,0
14,6,19,0.3354664638046458,14,84,1
37,0,6,1.0,1,139,0
5,0,11,0.5070320226228356,0,34,0
13,2,15,1.0,13,26,0
4,3,19,0.8597150300703958,1,29,0
8,3,19,0.4872916303565606,8,129,0
45,4,22,0.5059716685315296,4,137,0
51,6,11,1.0,12,142,0
57,2,14,0.13815509196888096,12,46,0
33,0,6,0.6106789338860303,15,142,0
56,0,4,0.727945612330726,0,151,0
25,7,11,0.264088011035306,1,30,0
40,2,9,0.6529103678379937,16,151,0
16,0,11,0.10146789982451818,1,152,0
39,5,5,0.8907469601909078,0,161,0
15,5,22,0.33197279942982083,11,13,0
42,1,14,0.544424234592768,5,55,0
3,4,22,0.0,3,75,0
26,5,14,0.14771595169869475,2,92,0
47,3,17,0.7551041006947474,6,25,0
18,0,23,0.7896419066289674,11,151,0
46,0,9,0.5894637156963195,7,83,0
58,1,13,0.0,15,73,0
9,0,5,0.334968500671809,9,155,0
45,0,7,1.0,6,106,0
33,3,18,0.47729730488695843,12,34,0
46,0,5,0.3059929500415221,3,43,0
5,7,11,0.6457889437611183,5,66,0
61,4,7,0.560001537268073,4,151,0
18,2,19,0.19412309721796514,14,17,0
23,0,21,0.8693672861114295,5,124,0
26,2,11,0.33462729568582106,1,91,0
43,3,4,0.12462456499766361,0,87,0
21,3,10,0.14602972822883625,0,114,0
9,1,12,0.636434986436111,9,123,0
13,7,20,0.2683135414281173,0,22,0
59,0,17,0.23630503623641302,15,51,0
65,3,5,0.4364219092224374,7,53,0
61,1,15,0.5836235921088737,7,149,0
63,2,15,0.5435743653288205,7,1,0
3,2,20,0.5459909353874859,1,94,0
26,6,21,0.49472206363206483,5,58,0
15,0,2,0.6630591905055133,6,161,0
26,1,20,0.5748305320943604,13,95,0
28,2,6,0.3364159673197649,1,75,0
27,2,21,0.5886141217624332,1,83,0
32,6,9,0.43958696040072526,0,34,0
13,1,15,0.5629283622473579,7,77,0
17,6,18,0.5098922453755432,17,110,1
27,6,11,0.5556950234127377,9,61,0
11,6,23,0.2613780391939061,10,75,0
33,4,23,0.2875599494762399,5,76,0
8,0,17,0.4855415029077313,8,118,0
40,7,6,0.8829261664764417,4,115,0
22,7,16,0.7112676776296613,4,107,0
14,7,19,0.2764940167465878,13,113,1
36,3,19,0.4704034873210814,8,106,0
4,0,22,0.6429946197133162,4,96,0
45,1,19,0.926614299848612,15,59,0
1,0,16,0.4727920359793782,0,137,0
44,0,10,0.5145879848912381,6,75,0
39,5,5,0.5850039420952149,11,37,0
26,5,11,0.05474331204325818,10,88,0
15,1,21,0.16214563712780466,11,8,0
31,6,9,0.9218388117846904,1,30,0
55,3,6,0.6155304885047249,5,152,0
35,1,11,0.8369684118448047,4,28,0
26,5,12,0.4829352867660892,2,151,0
7,0,17,0.42932230756320183,5,70,0
35,2,4,0.17590214052428854,0,83,0
29,6,5,0.582548968298148,3,178,0
41,2,12,0.6380023505760117,4,64,0
37,4,11,0.5225448420873972,14,131,0
19,1,5,0.5585205185213965,9,66,0
10,7,6,0.7508426164086413,10,44,0
41,3,5,1.0,2,79,0
34,3,8,0.24430109744110703,0,78,0
64,0,7,0.5305318379948477,5,28,0
29,0,22,0.6604083781062327,14,140,0
19,0,18,0.7684529080697702,1,117,0
54,5,17,0.35789216061825957,5,8,0
11,7,15,0.3596524595709645,11,30,1
53,1,10,0.9318211229238984,11,5,0
36,7,18,0.4154744908795426,16,178,0
37,1,11,0.638270904720864,8,80,0
22,4,19,0.7502673212959792,15,69,0
15,6,14,0.43022432715112136,12,16,0
13,0,3,1.0,10,98,0
56,0,16,0.7473915110348198,6,120,0
14,7,15,0.2322395993269498,14,109,1
25,0,4,0.9206019003774264,1,9,0
10,6,11,0.9003703732204176,5,156,0
19,1,10,0.6760358970522888,10,28,0
36,7,10,0.9339063728219268,0,34,0
54,1,19,0.6609845856207293,5,132,0
55,1,8,0.4917535183634526,14,57,0
11,7,13,0.8577686820015984,5,150,0
63,0,6,0.44632381347904576,10,71,0
12,5,13,0.7962754511047605,5,170,0
27,1,15,0.7819549123687477,14,29,0
31,6,15,0.9445900868026708,6,109,0
20,2,12,0.478343561205278,10,70,0
16,2,2,0.7004636588774831,13,1,0
44,4,7,0.19002264981784409,1,135,0
39,3,7,0.6923566371881001,6,48,0
48,0,8,0.8166231533666629,3,84,0
29,3,22,0.9243236686473856,6,140,0
65,1,11,0.826120400842091,11,149,0
15,5,6,0.8690359214855728,13,32,0
43,2,20,0.6968669664778104,3,33,0
9,4,19,0.04174008836357471,6,2,0
43,5,17,0.838471528695817,11,132,0
27,3,18,0.5151853326578966,0,161,0
32,2,5,0.42365544910400854,7,114,0
60,0,13,0.7591314261376318,16,52,0
37,3,7,0.7647393105588425,10,33,0
68,2,16,0.8948802335637241,8,146,0
2,1,12,0.5914622901470139,1,29,0
35,7,7,0.9368561984053804,1,10,0
13,2,22,0.10844693547136894,13,20,0
47,6,7,0.4833697396363468,0,134,0
21,6,13,0.6719484874962443,6,176,0
13,4,12,0.2363044210472818,13,25,0
0,7,14,0.4857832282535838,0,45,0
30,0,18,0.6919130930067755,10,50,0
28,6,8,0.8897679046259191,11,92,0
38,0,18,0.26379766868155835,0,142,0
50,4,13,1.0,5,1,0
18,7,23,0.589494214710255,9,113,0
25,1,20,0.19490511895266596,11,147,0
22,1,6,0.7623890201151512,1,10,0
7,2,18,0.3718787607510776,6,93,0
9,7,16,0.43188243523988123,0,49,0
28,2,13,0.3864975682077729,3,63,0
38,5,22,0.3416396195982308,12,85,0
16,1,7,0.38428111367730583,8,155,0
27,3,17,0.6148839702282858,10,51,0
30,0,20,0.345631800805722,10,66,0
7,4,12,0.5231688145445372,2,67,0
15,4,20,0.27779922780367194,13,100,0
8,7,8,1.0,6,164,0
39,7,21,0.17777992407232648,0,75,0
29,0,16,0.6539558576074311,11,38,0
45,6,6,0.9240479919065876,5,73,0
38,2,11,0.8978014022177702,3,180,0
13,0,2,0.9368275772299188,13,14,0
58,7,21,0.11198297884488653,8,16,0
14,6,6,0.6332103277190473,14,99,0
25,0,1,0.8682964418383152,4,140,0
39,6,6,0.7045582892548797,1,36,0
13,3,21,0.9172572943113254,12,50,0
38,4,8,0.6171464894200478,1,160,0
57,4,16,0.27539282367273005,9,17,0
70,5,13,0.17893090986922064,11,99,0
63,6,23,0.156521191083687,8,4,0
1,7,3,0.12560088705182695,1,59,0
22,0,8,0.7073862262979206,12,163,0
4,0,7,0.6131181473028383,3,18,0
53,0,11,0.09038180146435373,2,64,0
42,4,15,0.4993721189153378,3,103,0
2,0,23,0.3936769841191259,2,134,0
31,7,6,0.7193255904061844,9,27,0
35,7,6,0.8270889267630246,1,21,0
18,0,15,0.7292513381899635,11,57,0
40,5,5,0.983460853899412,2,49,0
16,6,10,0.5154742267170913,14,122,0
14,0,21,0.7714647518015114,12,139,0
47,4,15,0.5666641682047091,8,98,0
30,0,22,0.29220500345768335,6,68,0
34,0,1,0.19082900721666374,7,159,0
10,3,22,0.6015849265556257,10,54,0
13,1,20,0.8873631249091574,13,36,0
15,3,9,0.5455191845068503,7,174,0
7,1,23,0.24291507686292027,1,88,0
32,4,19,0.2910088592708584,6,99,0
44,2,9,0.9718817054072754,3,48,0
54,5,15,0.28091089748933784,0,157,0
29,3,7,0.8790437487383858,13,62,0
57,0,7,0.8975691937373687,13,10,0
18,3,9,0.2499284460671668,1,71,0
54,4,13,0.5144374128528393,14,140,0
13,0,22,0.746746363955385,6,116,0
3,0,16,0.9971833669469692,0,82,0
8,5,12,0.7313304569573816,0,45,0
63,6,20,0.16871447431859432,7,26,0
42,1,21,0.7417881874983666,7,179,0
21,1,5,0.28639150251589623,6,156,0
34,5,7,0.1827864664797982,11,41,0
25,5,18,0.6123554409664462,3,68,0
41,0,22,1.0,10,183,0
44,4,6,0.7842330330306759,11,67,0
50,6,5,0.14753794812173154,0,138,0
21,1,19,0.9109274887886651,5,108,0
53,0,17,0.4329757279245723,7,156,0
28,2,8,0.544908375375528,5,174,0
13,0,18,0.9825807939615697,3,28,0
59,7,23,0.835447854035777,5,156,0
9,0,20,0.4900190828637092,8,112,0
18,4,18,0.2830996185778226,15,97,0
8,6,9,0.7249912435466264,6,72,0
33,3,17,0.5083148409115091,13,48,0
42,3,23,0.8785746857319956,8,144,0
40,4,3,0.3057288421096016,12,116,0
60,1,5,0.4195427281419853,6,51,0
43,0,21,0.7287343588265693,4,44,0
6,2,19,0.320988923004901,6,142,0
48,4,7,0.12746314924907576,0,133,0
37,5,14,0.294794886347199,8,101,0
35,4,7,0.8161750555324946,7,167,0
57,2,20,0.6926587665734911,13,160,0
29,5,13,0.5672171547094629,5,52,0
16,5,4,0.19332986629257665,9,80,0
14,3,23,0.7267251205806117,10,152,0
4,2,16,0.8474271447802997,4,123,0
18,5,10,0.49904209167734787,5,63,0
22,0,4,1.0,2,29,0
15,2,6,0.4203182292218804,15,82,0
23,5,7,0.29217500489822024,4,79,0
41,6,5,0.7512021892737785,5,138,0
59,0,12,0.816464874010262,9,137,0
36,4,7,0.633628384042583,1,136,0
12,4,12,0.6571320160270353,12,1,0
62,1,6,0.19615210209101858,10,131,0
34,6,9,0.28166082318437147,2,161,0
8,0,10,0.8778953625305999,0,104,0
12,4,9,0.9374673348857397,12,49,0
37,1,3,0.7702273331683925,5,132,0
30,3,12,0.14262094005896714,0,27,0
18,3,10,0.3382189869411766,4,88,0
17,0,19,0.8438554465645446,9,17,0
37,3,6,0.9232665816966744,6,178,0
44,6,20,0.33781448724838137,10,97,0
12,6,10,1.0,11,56,0
23,0,21,0.3719442204631658,10,158,0
37,1,21,0.32136779643324975,7,116,0
18,2,23,0.6472281245879992,10,104,0
42,7,6,0.10052247584402003,16,51,0
17,7,17,0.8419734015139345,2,136,0
34,2,23,0.49683814265134846,6,95,0
35,5,4,0.06526805356877528,9,136,0
25,1,7,0.25665244855139313,3,85,0
0,4,13,0.4648115489811183,0,63,0
42,7,18,0.5043582279992461,9,113,0
12,1,19,0.28131949186874594,11,1,0
54,2,11,0.7457140030532868,4,38,0
37,4,18,0.1291961527082443,1,77,0
12,0,14,0.0508448878603395,0,153,0
16,3,19,0.2501900020851219,5,1,0
18,7,7,0.07652473169333264,8,85,0
38,4,22,1.0,10,128,0
33,2,19,0.5219593045159068,6,103,0
9,7,7,0.13309865984753186,1,51,0
20,0,21,0.2591750968852337,17,88,0
37,3,3,0.6260484738358799,0,113,0
30,4,7,0.7945102181308245,0,42,0
27,0,23,0.17146192796437243,13,146,0
27,3,22,0.5974406385391232,9,95,0
49,4,6,0.9322114908592211,7,77,0
15,7,5,0.18828963151215095,12,65,1
49,0,5,0.808733427564508,2,68,0
46,0,15,0.4309249435632724,6,158,0
35,0,15,0.22035517787490638,2,151,0
64,7,20,0.14303191496022008,7,33,0
24,5,6,0.16827977533116878,7,179,0
30,3,20,0.8409201694327209,9,170,0
61,0,8,0.7349135521165724,2,45,0
31,0,7,1.0,10,84,0
37,4,20,0.9396280317400879,11,43,0
40,7,12,0.637899639836029,8,28,0
31,2,14,0.5228706279583699,13,51,0
61,1,15,0.08091313591723767,13,76,0
35,1,5,0.20878017155555828,0,185,0
28,1,16,0.654068009230253,7,36,0
67,2,14,0.5874711547880694,8,145,0
43,0,19,0.5091118003650223,3,72,0
38,1,15,0.6591780552096039,15,104,0
52,5,13,1.0,2,3,0
0,1,12,0.4717420795798706,0,45,0
17,0,2,1.0,17,124,0
28,5,21,0.5656775193927315,10,6,0
32,5,5,0.7473589786506059,10,40,0
43,1,20,0.8767043630228164,10,39,0
36,5,21,0.6903529522572514,8,127,0
14,0,18,0.18229660838146253,14,139,0
21,4,9,0.12643412587389236,2,102,0
60,2,9,0.6022954416080506,2,160,0
58,1,9,0.7337727399312897,11,1,0
46,5,13,0.22102104789316507,11,62,0
6,1,7,0.6142053355382098,4,1,0
38,4,4,0.9076524597916398,3,138,0
42,3,15,0.19795728572797489,7,164,0
48,2,12,0.7737288273009036,8,124,0
45,3,4,0.10852372360854518,11,148,0
40,5,9,0.8889626954819352,5,122,0
42,2,7,0.8743710529043414,5,140,0
42,4,23,0.20374798797384439,4,148,0
9,6,10,0.9899730994656405,9,177,0
60,4,5,1.0,0,35,0
22,0,21,0.6624476875408998,1,69,0
33,5,3,1.0,13,38,0
50,7,19,0.28557495570669983,14,114,0
30,5,13,0.392332133473961,0,20,0
56,5,12,0.9439070801044612,11,115,0
6,6,14,0.7229528428975251,2,70,0
38,0,15,0.6532288154458102,14,37,0
13,6,10,0.45284908475180863,7,70,0
61,0,12,0.1492127221032744,13,64,0
30,7,15,0.8936039797680572,6,96,0
24,2,22,0.4246634988286886,10,80,0
25,3,6,0.5159861614105272,7,62,0
5,7,15,0.5691325263728645,0,47,0
38,1,8,0.6457402040030114,0,134,0
53,4,11,0.6380359036779335,11,61,0
0,6,8,0.7064773335567314,0,39,0
60,0,2,0.3366855561464409,5,63,0
34,4,18,1.0,11,73,0
18,3,7,0.706384576427284,11,20,0
49,0,13,0.7044860768421183,5,85,0
1,7,11,0.6082694511351413,0,27,0
0,2,8,0.7082582747749292,0,85,0
9,2,15,0.8562873978388419,4,118,0
17,0,21,0.30720342469690504,7,83,0
14,4,6,0.792800906241955,13,112,0
53,6,16,0.13566506446172744,11,48,0
9,6,12,0.728388551978494,0,49,0
20,5,23,0.5518901328385006,11,68,0
68,4,15,0.3763926360971011,4,16,0
21,7,7,0.34616033614447905,10,167,0
6,0,5,0.5849465624131452,5,1,0
15,0,23,0.19056789444422878,9,19,0
39,6,7,0.6822606102058315,7,72,0
32,0,15,0.5602944368000037,17,61,0
20,5,10,0.9802732408053755,2,35,0
8,3,15,0.8410703718182441,4,132,0
59,0,20,0.9039212582021079,7,126,0
12,6,4,0.733087850534144,11,31,0
30,0,7,0.009318896796745302,4,85,0
36,4,8,0.42617091713415994,3,169,0
13,0,12,0.17168555831555637,2,150,0
2,2,21,0.12585290972357405,2,110,0
37,3,3,0.9572653196507055,6,127,0
53,2,18,0.7918578996641321,14,152,0
36,3,4,0.9077977987485346,7,156,0
44,4,2,0.5742637058867027,4,14,0
45,4,17,0.3953420154248496,13,91,0
25,0,17,0.03383029672031733,10,109,0
21,4,20,0.7703552590508727,0,75,0
54,7,5,0.40713196709669863,0,178,0
26,1,22,0.3838011930122099,11,92,0
20,4,19,0.39076469383080736,6,113,0
52,0,8,0.6622718583599831,11,52,0
58,3,10,0.6516845408192403,4,141,0
17,0,23,0.07570342866037197,13,84,0
41,5,4,0.7364733748855105,13,15,0
57,0,6,1.0,1,155,0
30,2,20,0.38004757506298953,7,66,0
38,0,12,0.6807811278853311,8,158,0
11,1,23,0.05186450256562408,11,71,0
60,6,23,0.15994643688918966,6,8,0
43,1,5,0.25922306061119793,9,33,0
51,2,16,0.7153291562478103,0,153,0
14,0,21,0.10439875581902894,14,134,0
4,2,16,0.8996751788894739,4,184,0
13,0,13,0.27798790768131404,0,143,0
15,5,7,0.17217864161614038,5,102,0
52,4,19,0.32812749356528825,4,7,0
14,7,12,0.8734543906134067,4,194,0
22,6,19,0.8530784453781033,2,115,0
51,4,15,0.6400259144549947,8,145,0
31,1,23,0.6110697225778486,11,84,0
19,3,23,0.7073310081442512,18,63,0
14,2,17,0.7145642358474777,5,58,0
46,4,6,0.38243593925142366,8,53,0
29,0,7,0.22702279889687643,1,91,0
34,6,20,0.2898058563896452,3,35,0
3,5,11,0.6890825455209734,0,86,0
64,1,5,0.86933351645614,12,7,0
53,1,14,0.6099805462954936,6,134,0
33,6,6,0.14053652734648375,4,190,0
16,3,21,0.8805857168078342,9,76,0
19,1,12,0.6129033236198177,6,111,0
40,5,19,0.34135386721184713,12,106,0
46,0,12,0.662499410972895,7,82,0
54,5,5,0.5502176407729586,4,124,0
35,0,12,0.47238953111762266,12,137,0
40,2,4,0.08155396098247343,10,175,0
60,2,7,0.33373025290674263,11,106,0
32,4,8,0.391346901926327,4,75,0
27,4,16,0.91067667035325,1,125,0
12,4,23,0.5744158725694903,3,94,0
20,1,12,0.5101386404378359,7,23,0
36,4,7,0.14741539518592672,7,140,0
11,1,8,0.40222056227264,7,149,0
26,0,18,0.721359561338375,1,114,0
7,5,15,0.8002750793671588,4,36,0
17,3,15,0.22507136975518036,9,115,0
24,1,10,0.3980613461326824,1,119,0
49,7,9,0.7798839587209552,0,1,0
10,0,15,0.8724452855568794,4,94,0
51,0,5,0.8925857800192223,0,145,0
30,0,19,0.48578321939604197,7,73,0
55,7,8,0.30304761356682236,0,153,0
25,1,18,0.5367645903287506,0,163,0
40,3,3,0.9535638486323362,5,114,0
7,1,15,0.9515105157298733,7,175,0
12,2,5,0.0,12,83,0
9,1,11,0.6246410066461937,9,112,0
41,5,20,0.8229387329412836,11,19,0
28,1,17,0.5629259147752002,14,87,0
53,0,19,0.06685656300253115,10,104,0
41,3,16,0.06544597040101569,9,155,0
14,4,20,0.9472635682212239,3,132,0
29,5,7,1.0,0,142,0
6,6,13,0.8273137307704511,6,66,0
25,7,18,0.9024414996444756,1,150,0
48,0,2,0.7627173803160406,0,154,0
12,6,9,0.510379879278236,11,151,0
28,3,8,1.0,10,154,0
6,6,15,0.3403863673228077,6,144,0
34,3,19,0.8606166946162391,14,196,0
16,7,10,0.7338225912788499,11,50,0
15,0,18,0.13405594944997537,14,129,0
25,3,7,0.23723600722787497,0,183,0
50,7,15,0.2932693074903331,9,37,0
69,0,11,1.0,6,114,0
33,6,16,0.1490208803825922,6,155,0
23,6,22,0.7434481510318276,14,61,0
22,4,23,0.4096796513005509,5,115,0
13,3,22,0.0,10,74,0
5,2,19,0.4521213587698416,1,14,0
58,0,19,0.40903340533621635,6,53,0
47,5,14,0.759439681700239,15,158,0
60,7,14,0.17424230290699091,19,80,0
44,7,7,0.36303771084696707,2,12,0
33,0,21,0.432690193644572,10,74,0
5,3,15,0.1298610407465293,1,17,0
46,5,16,0.3399453501804132,9,98,0
38,0,12,0.49751701112843366,8,156,0
42,3,5,0.08531478749791475,10,153,0
51,7,3,0.2770053365655031,3,157,0
36,1,4,0.7878766368932318,3,132,0
33,1,9,0.8105296772806889,4,56,0
23,0,23,0.23067632031743818,13,153,0
13,4,4,0.2437206884656274,13,74,0
37,2,9,0.9139068115937339,4,52,0
55,6,8,0.3109978983114977,2,177,0
18,7,7,0.6125374367896864,12,37,0
44,0,13,0.6410687665889125,10,140,0
12,4,7,0.17523584099546316,12,72,0
60,0,6,0.9758436412280798,0,138,0
11,2,23,0.545872171079521,8,114,0
43,1,4,0.7277730556486942,2,102,0
8,1,12,0.5539125350640629,0,49,0
17,6,20,0.33445019137188514,9,89,0
38,6,1,1.0,2,166,0
8,0,16,0.7673433485266077,3,64,0
14,2,15,0.8365397692028743,8,73,0
5,0,8,0.5831674827185696,5,10,0
8,5,6,0.16783131602331408,8,106,0
22,4,11,0.125763733873846,3,81,0
13,7,17,0.38143465998810316,13,35,1
15,7,20,0.29748853732587527,11,165,0
19,6,8,1.0,13,54,0
57,0,9,0.8407674486303756,16,31,0
34,3,2,0.23211087360029373,0,14,0
25,0,8,0.6809683939515624,6,68,0
8,0,5,0.5276163779281774,4,99,0
51,1,17,0.0,12,53,0
38,0,12,0.5782340064628873,9,84,0
34,5,12,0.07840492424907719,0,42,0
6,4,17,0.5899643424174252,6,110,0
30,3,10,0.594380297776278,10,73,0
37,2,6,0.9494509318833922,1,91,0
40,1,20,1.0,8,177,0
43,2,23,0.3601608950019789,3,146,0
32,2,8,0.3741377202413415,3,194,0
0,0,18,0.7099596702796501,0,116,0
47,7,3,0.30386861512342467,1,158,0
55,0,18,0.9305274210260752,13,37,0
47,2,11,0.49134312185491946,8,121,0
10,5,8,1.0,10,63,0
28,0,8,0.6323169373717998,3,118,0
52,2,5,0.2893285021488139,16,133,0
28,0,10,0.17714827688091908,1,72,0
50,3,11,0.5726783190729751,4,143,0
6,2,18,0.18650409720734404,5,17,0
34,5,16,0.14642272380058735,7,187,0
16,6,13,1.0,5,149,0
7,7,15,0.19225877183806808,7,164,1
33,4,6,0.15120462425272413,0,18,0
52,7,12,1.0,7,110,0
21,0,19,0.3399773373166395,5,50,0
6,7,3,0.8933701279332018,6,49,0
9,0,19,0.1385565940987774,9,30,0
51,3,10,0.7923750688960939,3,42,0
37,4,19,0.8139489401619494,9,50,0
58,4,8,0.41091316768579095,8,62,0
38,3,9,0.30316966707959203,11,110,0
55,0,19,0.6882761427803071,11,88,0
35,5,12,1.0,3,101,0
20,2,13,0.8632747810240169,0,69,0
26,4,18,0.37918597452173036,7,59,0
20,4,10,0.18644403487406513,0,83,0
58,0,5,0.1522038272181233,3,64,0
16,2,5,0.28508135810040947,3,100,0
66,2,15,0.7620936070809127,7,140,0
28,0,23,0.24573567358163195,12,140,0
23,3,21,0.9189236387611596,12,163,0
0,6,9,0.6849190863518149,0,73,0
58,3,11,0.5445525800905541,4,150,0
13,3,7,0.7181300632484735,13,47,0
38,2,7,1.0,2,69,0
35,3,22,0.3594912597029466,7,122,0
17,6,20,0.7393939782995201,17,60,0
11,3,12,0.14815464414608623,11,11,0
11,7,1,0.7863434670344989,8,33,0
18,4,4,1.0,14,45,0
13,4,23,0.6709509270352287,5,92,0
45,1,18,0.9451740951983338,15,206,0
1,7,7,0.008109811752255378,1,61,0
14,1,3,0.8805536364231368,14,118,0
53,4,21,0.6401749313349256,13,160,0
29,3,4,0.05947594795855679,1,87,0
16,5,17,0.4768337094539636,16,109,0
35,1,19,0.6136070306526897,5,179,0
43,7,18,0.6341196484098666,7,147,0
30,7,3,0.22411207595204136,14,34,0
24,4,20,1.0,0,142,0
34,5,8,0.5524670794222074,8,52,0
41,5,16,0.054612656458003825,9,159,0
19,0,1,0.5182138264523843,9,164,0
45,5,3,0.5038618407895241,5,18,0
26,1,16,0.7558196233663934,13,109,0
47,5,9,0.49217074976139513,12,119,0
13,5,11,0.43281596676281553,13,76,0
12,6,5,0.20615654329891311,12,89,1
2,5,7,0.0,2,46,0
11,0,23,0.43984872890572924,9,99,0
30,0,8,0.9243195064623883,2,140,0
50,0,17,1.0,12,42,0
23,3,7,0.4328330297722749,9,64,0
14,6,11,0.45394838560139783,7,161,0
35,0,16,0.13671326629185693,1,147,0
4,0,10,0.5131046513645212,4,100,0
43,2,23,1.0,3,141,0
38,7,7,0.8911530955315811,7,103,0
25,0,16,0.8369634015310291,4,95,0
27,3,19,1.0,3,157,0
6,0,5,0.5334095046024234,6,11,0
5,6,13,0.846012783632687,5,63,0
11,2,19,0.871359280628642,0,76,0
37,5,16,0.8724000333557973,9,133,0
29,7,4,0.9373744076231373,12,56,0
14,7,12,0.7294132657584242,2,159,0
28,5,9,0.16780028110460338,0,38,0
30,1,8,0.30291536897476923,6,107,0
7,0,8,0.6194689502080704,7,174,0
34,4,8,0.6867678738272828,10,57,0
55,3,16,0.3598650034218072,6,167,0
43,0,9,0.8655524778513716,7,93,0
58,2,12,0.7709780215972297,9,156,0
64,0,11,0.8298698952054705,15,44,0
18,2,13,0.33993502021513283,16,11,0
39,3,16,0.9319263813313748,7,40,0
23,1,22,0.983801304600743,6,137,0
18,0,14,1.0,0,29,0
43,5,5,1.0,11,152,0
38,2,4,0.4062345886898915,9,187,0
39,2,8,0.9758472050794808,6,54,0
31,5,21,0.8353713522216705,9,142,0
55,6,8,0.6271758801509988,0,145,0
0,4,6,0.7456900327723108,0,89,0
31,2,10,0.9384634985020923,3,189,0
12,0,22,0.6302939046990774,2,83,0
20,0,16,0.7684916811020391,14,35,0
47,3,18,0.9855850886844968,10,171,0
30,7,23,0.2561237414558887,1,77,0
58,7,23,0.06714349677397037,10,17,0
56,3,14,0.5416814831601872,3,147,0
42,7,7,1.0,0,165,0
24,2,9,0.6277221026119639,5,135,0
17,1,16,1.0,15,26,0
45,3,5,0.9351215552053994,0,56,0
15,3,9,0.5803642340164196,11,85,0
14,4,21,0.44747349172711925,14,81,0
2,2,17,1.0,2,11,0
23,1,21,0.5144474864105005,10,84,0
40,4,7,0.9622461661209541,8,150,0
61,0,14,0.8609491981636526,5,140,0
12,5,11,1.0,3,165,0
40,0,6,0.8100266592227595,1,41,0
61,0,18,0.5642218408713708,8,156,0
32,0,16,0.8917301277718579,5,110,0
23,3,22,0.8253028030127975,15,124,0
44,0,11,0.4370998360849768,8,147,0
19,2,21,0.38284632581547734,17,25,0
10,6,23,0.2817186263603739,2,94,0
26,0,23,0.9238046643246105,13,25,0
15,7,8,0.7483102850503883,14,108,0
6,6,7,0.3112654688466602,6,87,0
21,6,11,0.8104252116026527,7,168,0
38,1,5,0.8383513766320437,5,141,0
43,0,13,0.555183875559498,5,151,0
7,0,17,0.639987973900249,7,62,0
37,5,7,0.5027853117059689,0,170,0
12,0,22,0.2717739047087545,12,130,0
15,2,23,1.0,1,149,0
39,2,5,0.5220823539206588,6,178,0
23,5,11,1.0,6,164,0
26,0,6,0.11356608043982697,5,88,0
59,3,13,0.22181348001670761,17,71,0
28,0,16,0.5133874444879877,15,19,0
51,5,6,0.9558095344881885,0,60,0
12,0,15,0.28203845525686855,4,119,0
13,2,21,0.37272697564444457,1,130,0
37,1,18,0.07184737206101029,9,105,0
19,4,18,0.3531779298028633,14,16,0
15,3,10,0.4046253856739408,5,85,0
64,2,5,0.3168515967170171,12,116,0
54,5,16,0.5212125106149422,6,77,0
14,3,14,0.3447202090853224,14,3,0
43,2,19,0.8943589916297983,9,50,0
34,6,7,0.519188184783993,0,47,0
19,0,21,0.3508510817393154,11,93,0
9,0,15,0.3668872565385215,2,140,0
38,4,6,0.1825568284873023,2,87,0
45,1,10,0.42270578442930423,11,28,0
6,3,16,0.7961136769864264,6,136,0
37,1,8,0.8328038186086125,1,50,0
53,1,14,0.10932081932586035,16,55,0
30,0,17,0.6244805369868055,14,55,0
40,3,20,0.14684056168147536,13,83,0
37,1,5,0.0,4,69,0
5,3,19,0.42306093045404825,3,142,0
34,0,12,0.7495577948834373,15,111,0
13,7,12,1.0,13,52,0
44,3,11,0.6349191564841479,8,16,0
42,2,12,0.6793921730889214,14,147,0
54,3,5,0.7139712960341987,0,73,0
60,2,7,0.5310174271383674,6,160,0
39,1,5,0.42364762204930717,6,193,0
6,7,13,0.7890381818925093,6,44,0
54,1,12,0.7259063243873161,7,121,0
47,4,14,0.2833087715915319,8,176,0
59,3,12,1.0,2,4,0
29,0,23,0.5618124063589217,12,89,0
58,3,16,0.7904887442355585,0,136,0
54,0,4,0.9459410363269185,2,156,0
23,0,17,0.6216399797214399,12,105,0
18,4,12,0.23256823952713315,7,125,0
21,1,14,1.0,12,7,0
12,0,14,0.9420977303434158,12,12,0
37,2,5,0.3992591491718191,9,182,0
20,0,15,0.44046943680151773,0,164,0
43,3,5,0.9519216480236299,7,150,0
56,0,10,0.5779213393132777,9,78,0
12,7,11,0.9884183253287977,9,51,0
38,5,7,0.5988142058798673,9,62,0
1,7,14,0.48006876967654144,1,59,0
38,4,23,0.5172118735696565,9,105,0
28,4,1,0.7942659105117206,9,103,0
36,5,12,0.004585491031014327,0,20,0
16,7,16,0.5022211760049122,16,23,1
49,0,17,0.43278965703261896,1,62,0
54,0,7,0.5526260805172578,6,15,0
10,5,12,0.7937331079934531,6,161,0
34,7,10,0.6941427256905606,9,82,0
63,3,12,0.0,13,103,0
47,5,6,0.8617157100348084,0,80,0
59,2,8,0.6456807392376859,6,37,0
35,6,10,0.6495112411719928,3,112,0
14,4,10,0.29973130645033624,8,173,0
25,5,17,0.12282896384917286,6,87,0
12,0,23,0.2918275189219235,9,9,0
16,7,15,0.2229142397592509,16,96,1
52,4,21,0.140049341588396,0,68,0
17,7,13,0.8339440950532758,6,162,0
34,4,2,0.28228894763537715,12,51,0
14,7,12,0.6027561658082892,8,166,0
43,0,4,0.6614033806583395,14,141,0
7,4,16,0.1361975421249337,7,137,0
18,0,12,0.7842521968685942,1,37,0
21,2,23,0.6455068836077469,6,77,0
37,4,3,0.5863808839334962,4,99,0
52,3,11,0.6891405542443894,6,156,0
59,0,11,0.6133514445538573,12,34,0
17,0,11,0.6579104613473667,10,161,0
2,7,16,0.43034804426949524,0,40,0
61,3,20,0.7234611372936326,9,140,0
42,3,8,0.5694532674600364,4,161,0
61,0,15,0.4654485146855622,5,147,0
50,0,16,0.24718320041403471,15,86,0
55,4,19,0.7114071928297621,17,179,0
20,1,5,0.5541049993716143,5,109,0
14,3,18,1.0,14,42,0
48,7,12,0.978623238719425,7,121,0
20,5,21,0.8158665155635999,0,141,0
56,0,11,0.7426225596265035,9,28,0
45,6,15,0.8481602957538456,4,130,0
20,2,18,1.0,7,166,0
60,2,19,0.8210802269093377,12,145,0
56,3,19,0.7442362366813694,0,147,0
30,2,14,0.8349279631673696,9,56,0
21,1,21,0.6201327946918915,8,86,0
13,6,19,0.4674968979752595,13,82,0
13,2,6,0.7885584201670409,13,29,0
27,7,13,0.7249745043215758,7,67,0
40,4,5,0.6710786806522337,5,113,0
55,2,15,0.3250320775807831,10,149,0
34,1,20,0.36183542359248666,7,107,0
32,1,16,0.16819170678718112,1,142,0
54,0,20,0.7246465028292101,0,142,0
14,2,23,0.5233394756003564,10,107,0
12,7,9,0.5166312307234764,12,111,0
54,3,18,0.694566085340139,16,165,0
56,3,10,0.3239675534933111,4,126,0
13,2,21,0.8186665420929372,13,46,0
20,7,13,0.7080455721999076,7,67,0
39,3,4,0.7554741943146495,12,62,0
34,6,5,0.24586928088788707,14,46,0
25,3,11,0.8580361109495449,0,51,0
15,3,11,0.5454813747103433,10,41,0
56,0,13,0.49804887088792343,3,166,0
48,5,14,0.5786564790580758,5,21,0
24,5,23,1.0,2,146,0
43,7,23,0.21976238719202176,0,77,0
6,3,13,0.9560231094721333,6,182,0
19,6,3,0.9933398092209627,16,65,0
52,5,10,0.422482336571556,1,139,0
5,7,16,0.3728135752155399,1,60,0
32,0,22,0.6459827477956231,5,168,0
48,6,15,0.5144909517402543,8,86,0
18,4,13,0.6123733702882164,14,115,0
6,1,13,0.8632127166630668,2,108,0
7,7,9,0.18413825047495008,7,84,1
46,0,16,0.4707710768201312,6,72,0
39,3,21,0.9183737338514179,1,135,0
9,2,8,0.43401105341288904,8,169,0
28,3,8,0.25846362763110503,8,194,0
31,3,18,0.9119041988410722,4,53,0
32,0,18,0.6360677624399418,8,201,0
46,2,18,0.7186154408170875,1,148,0
40,0,20,0.4707649460214282,8,109,0
14,0,17,1.0,14,36,0
13,2,0,0.17567053002908933,13,90,0
54,4,19,0.7691265093380133,15,173,0
31,5,7,0.39674404134465435,14,51,0
4,7,23,0.27753319036773383,4,63,0
46,0,14,0.0,15,56,0
34,1,5,0.5420799423426014,9,55,0
43,2,9,0.9697735905811682,4,151,0
52,6,4,0.2303099160285052,4,74,0
20,7,2,1.0,12,37,0
8,4,6,0.4254955473804162,5,107,0
62,0,9,0.47427912234527314,6,48,0
6,2,23,0.23244851391177207,0,96,0
9,2,15,0.5034207200210408,0,73,0
10,2,18,0.31739004334336535,6,19,0
44,0,20,0.8753367911267913,10,45,0
54,7,17,1.0,8,118,0
16,0,21,0.22283125775466922,13,157,0
7,4,10,1.0,7,154,0
22,4,15,1.0,8,193,0
9,0,16,0.3018335395497783,7,111,0
13,7,13,0.7909357398343096,5,164,0
5,0,10,0.5954464698701709,0,55,0
6,0,10,0.7488009455241795,3,1,0
35,3,6,0.5309377070421368,2,167,0
37,5,6,0.2183947455395534,3,65,0
27,0,17,0.3303590309442579,2,156,0
16,1,18,0.8029380450358886,16,55,0
60,1,9,0.4788807965613986,4,163,0
28,3,8,0.3499920724014792,2,75,0
3,7,13,0.6351468140032472,3,46,0
61,1,11,0.8017182163373956,14,121,0
51,0,17,0.8083140425179995,17,48,0
19,4,20,0.7595909642698815,0,17,0
17,2,4,0.5443653927634844,4,95,0
61,0,6,0.551677313225507,8,150,0
19,6,8,0.2483902684046431,9,170,0
32,5,3,0.8555074233547231,12,49,0
30,4,18,1.0,9,131,0
60,2,8,0.5411598755527389,9,164,0
7,0,9,0.4887796398718987,0,39,0
40,0,20,0.6722151231349881,4,178,0
29,0,21,0.3707454519021444,5,69,0
32,1,19,0.44027346497989694,10,87,0
55,7,5,0.23575971784013247,2,154,0
37,0,23,0.3785193117070227,6,69,0
35,4,17,0.6604812303106968,8,123,0
31,0,23,0.11666334829015708,7,103,0
16,0,11,0.6703641901005957,3,54,0
7,3,16,0.5474503385729323,7,144,0
10,0,6,0.39662100328120137,8,175,0
29,0,17,0.7897587058417829,8,46,0
58,0,22,0.38951157638485495,4,95,0
58,3,14,0.8919341225160614,0,15,0
44,3,8,0.806933492970624,1,83,0
53,2,7,1.0,2,73,0
25,3,7,0.2847460276495223,3,127,0
8,0,15,0.4041043576832351,2,160,0
7,3,14,0.05888275685444806,7,1,0
31,0,5,0.8318892643046624,0,140,0
49,7,2,0.36734226244563467,4,21,0
50,5,4,0.12661928122020055,0,138,0
57,1,18,0.8925814039956026,5,139,0
46,3,6,0.40667684867147486,6,181,0
48,3,15,0.7631853529267854,16,136,0
44,5,5,0.08852724682397875,1,71,0
32,3,21,0.431068626717217,11,91,0
52,3,6,0.0,3,54,0
3,4,9,0.08835874022105125,3,108,0
36,4,6,0.2774086975513211,7,69,0
13,1,5,0.9959023486648587,12,121,0
65,1,6,0.799902878462238,14,34,0
59,5,11,0.2440362016548126,12,71,0
11,2,20,0.5721089938992645,11,44,0
49,0,22,0.3996821659555135,4,101,0
17,1,8,0.4622693096526268,7,164,0
14,2,8,0.1880616934399338,7,165,0
49,0,16,0.9507784659158864,15,163,0
24,7,12,0.6223961388187816,6,63,0
43,7,10,1.0,11,115,0
17,0,8,0.579863094114669,5,103,0
11,5,9,0.45187675175346215,2,74,0
58,3,10,0.4597920393166839,13,31,0
38,3,20,0.11638197725815057,8,170,0
0,7,23,0.0026134157022854043,0,54,0
8,3,2,0.618437136494917,8,1,0
54,7,7,0.42139997454735006,0,156,0
29,7,22,0.3597898856609329,9,173,0
61,4,12,0.10586923426195195,12,79,0
34,4,20,0.37025543119546106,8,58,0
32,5,7,0.7809732958666283,1,1,0
36,3,19,0.38293616392401464,6,71,0
8,3,15,0.5562164192922595,1,29,0
15,0,22,0.6886393315755887,15,31,0
10,3,16,0.2923517613616951,5,69,0
9,6,10,0.7482539071691998,9,121,0
52,1,6,1.0,0,73,0
21,0,20,0.7961324201469614,1,73,0
20,2,5,0.0,2,93,0
33,6,3,0.5395962409373044,6,81,0
22,3,12,0.5416908887747102,16,65,0
41,0,17,0.17242070813314941,0,145,0
20,3,12,0.9249835376051174,0,43,0
58,2,12,1.0,9,110,0
13,5,23,0.9381157152637657,3,135,0
15,4,3,0.4022859246746186,15,66,0
57,0,7,0.8484955071215656,13,20,0
16,1,20,0.7963534850267453,11,28,0
31,3,3,1.0,8,101,0
16,2,19,0.47391972613910804,10,75,0
38,1,6,0.9993746318647605,6,166,0
30,3,2,0.5100796921338685,11,39,0
55,2,18,0.6903235163578241,11,169,0
41,1,17,0.11524896092299212,7,109,0
46,4,6,0.6766029000099367,0,66,0
45,0,22,1.0,12,168,0
48,1,8,0.6099806373513871,12,130,0
47,5,7,0.09713339281946193,4,66,0
44,4,19,0.8991828831048251,10,62,0
17,1,9,1.0,0,54,0
11,2,10,0.17844167348007917,5,147,0
13,0,6,0.5050395219918358,6,22,0
34,6,8,0.3322457969095232,13,133,0
63,3,6,0.5543257586773881,9,60,0
21,7,9,0.645030994301908,10,107,0
18,5,22,0.942063235249008,6,155,0
23,1,17,0.7680789962751348,10,37,0
10,5,6,0.032205283434245155,9,72,0
6,0,5,0.4702732174913725,5,6,0
33,1,6,0.6362281534725015,9,52,0
6,4,14,0.07984118299281064,6,1,0
55,4,14,1.0,0,6,0
15,5,20,0.2788628356358803,15,107,0
21,1,17,0.8963268265938213,1,111,0
35,6,4,0.9027863243089664,2,141,0
47,4,13,0.6638908013398477,3,60,0
55,0,20,0.09082105838083088,11,125,0
53,2,22,0.7304191143677198,2,145,0
11,4,4,0.8502649680056525,11,26,0
42,0,6,0.867012562621549,4,107,0
50,4,9,0.859988135523399,12,159,0
14,7,8,0.7220895563315968,8,54,0
48,6,8,0.2398971740579664,7,72,0
12,7,15,0.4261928548217943,2,29,0
47,0,21,0.99082201654887,11,166,0
22,4,8,0.8772986937789798,3,164,0
35,7,6,0.24054731053495787,10,43,0
52,7,6,0.09483281342594324,2,136,0
20,5,11,0.6349705786217643,8,61,0
17,7,7,0.6147972093301288,14,114,0
21,2,7,0.5080624214830504,8,94,0
45,1,19,0.5810594341768834,1,134,0
32,7,6,0.9864114819722157,8,152,0
24,6,6,0.5032385857208793,0,173,0
48,3,11,0.8654875139455003,1,52,0
22,0,9,0.5818858221188056,4,80,0
27,1,22,0.21255797090094755,8,70,0
27,1,17,0.6419776384009007,14,87,0
58,2,20,0.7814720652868572,16,147,0
11,6,11,0.5959658576751422,4,86,0
51,4,21,0.32363520600434115,5,147,0
30,3,10,0.44948761322303865,7,64,0
22,3,10,0.46212924489744517,13,68,0
6,0,14,0.27355275773868454,4,106,0
34,1,18,0.7488677256345917,9,178,0
25,6,9,0.7449211427530793,13,106,0
29,2,23,0.753884053847573,11,47,0
57,1,13,0.7257020447894511,12,135,0
55,5,3,0.5369138556379152,1,134,0
19,3,17,0.8226339160975612,1,146,0
48,5,11,0.5793390222971367,3,171,0
60,7,22,0.11248832510855519,8,9,0
37,1,18,0.8970682706610991,12,45,0
16,2,23,0.43215129459462304,9,17,0
50,0,9,0.7705889746895098,3,170,0
49,5,4,0.9466807119192674,0,162,0
59,0,6,0.1130485752627008,1,51,0
14,0,23,0.4496909604751207,14,91,0
4,3,19,0.633542275720796,4,139,0
55,6,11,0.07033138912745532,11,52,0
50,5,7,0.15666220453923718,1,152,0
11,4,21,0.8880315639663913,11,60,0
36,0,5,0.986432715421764,5,145,0
6,7,9,0.6168060269910332,6,63,0
38,3,11,0.8934644509058352,5,49,0
10,6,7,0.6002048331701653,8,81,0
4,0,22,0.5881464751963945,3,89,0
14,7,7,0.5520697057082464,13,122,0
42,7,18,0.6751537189070462,13,165,0
15,2,9,0.7933589165424955,12,17,0
45,5,4,0.6791225070947777,0,147,0
12,5,14,0.35847247899144435,12,106,0
36,4,22,0.6830898402984426,13,127,0
23,4,19,0.39185294006863314,11,46,0
46,4,13,0.7910380701877222,0,44,0
17,2,7,0.19852892058915644,4,98,0
61,7,5,0.30703832016177574,5,184,0
15,7,8,0.8746082893552561,8,32,0
53,3,18,0.8156286965068543,15,160,0
18,3,23,0.4432983478664977,3,80,0
15,1,14,0.9523084218082952,15,44,0
29,7,7,0.9991631968550192,2,142,0
30,6,6,0.3313549183162938,2,173,0
45,1,6,0.9340353800182571,0,66,0
28,5,9,0.3856425560584173,1,43,0
0,7,17,0.429410339221845,0,51,0
30,6,7,1.0,2,49,0
43,7,6,0.9213350572750971,8,41,0
52,2,19,0.7506551624772938,2,134,0
8,6,14,0.2842145040076604,1,63,0
21,3,21,0.39369873183109894,13,82,0
45,1,19,1.0,7,24,0
49,6,6,0.4074577713032674,10,136,0
11,2,12,0.6338632552766789,6,18,0
16,2,21,0.4817733226789255,7,92,0
57,2,8,0.9442238311796335,0,53,0
42,7,19,0.6140054817786984,12,150,0
21,1,19,0.8267092986097713,14,38,0
54,2,7,0.5887041570415308,8,60,0
3,0,15,0.48445103065015016,3,96,0
61,6,15,0.4128305562104495,5,9,0
23,1,10,0.3060071503191057,4,122,0
56,0,13,0.7406978467797348,10,134,0
5,0,23,0.2143244248640991,2,102,0
7,3,3,0.6971822113263391,7,49,0
2,7,17,0.6782057304626533,2,23,0
22,4,19,0.4451743657377928,12,26,0
19,1,8,0.5738062840453472,8,64,0
64,5,22,1.0,5,163,0
29,0,4,0.16757280648518091,0,83,0
10,1,20,0.8283225950412131,0,1,0
11,6,16,0.3921940238720902,7,132,0
57,0,11,0.6007057880702195,7,170,0
39,4,23,0.35960565174973996,7,86,0
23,0,21,0.5140533438442353,7,74,0
51,5,17,0.341967415385064,8,100,0
23,0,9,0.10168647433891936,4,74,0
29,1,2,0.8119816284859251,9,59,0
60,5,12,1.0,2,24,0
30,1,14,0.5859209572302917,14,30,0
8,3,17,0.23792563316300583,1,17,0
17,6,6,0.6287197443105643,8,162,0
34,6,7,0.7901132557816882,3,101,0
11,4,20,0.5789478376640009,11,94,0
21,3,23,0.19540592909041138,12,70,0
38,0,21,0.4731636869801782,5,172,0
56,6,14,0.07584220881962807,11,77,0
53,2,22,0.5192271376002032,7,89,0
2,0,16,0.4278709338948419,0,67,0
55,4,13,0.8669599588409411,11,130,0
47,2,6,1.0,1,69,0
6,7,8,0.8883988922072358,6,48,0
43,0,10,0.8955810415677579,5,93,0
26,0,21,0.3770378283950746,8,59,0
15,1,7,0.7608626727456484,15,105,0
38,7,3,0.2453439843759117,11,21,0
5,2,12,0.9129925832135842,3,10,0
54,0,11,0.48885538044678134,3,167,0
51,5,9,1.0,15,177,0
25,3,3,0.7884080053521888,9,39,0
52,0,15,0.2790699236439221,5,153,0
18,4,23,0.6185358607682341,16,73,0
35,2,19,0.5554980975806078,16,26,0
18,7,17,0.48092914010020127,14,24,0
52,1,17,0.6424793754941858,0,121,0
52,2,11,0.635187170364244,6,142,0
14,4,7,0.2823387908563778,10,72,0
28,2,5,0.4794691359152018,10,56,0
49,0,5,0.053802613132188315,3,71,0
37,0,16,0.6025202820823515,7,195,0
50,0,12,0.5548101539693051,6,162,0
44,6,7,0.3936664992828369,2,24,0
32,4,7,0.14993005945356222,2,53,0
9,1,21,0.744466985087518,0,1,0
22,3,9,0.38780116892213234,4,72,0
39,4,20,0.3553210798995008,7,91,0
15,4,3,0.06411895888479274,15,86,0
38,7,6,0.7522399779040811,11,42,0
59,4,14,0.8667056657117638,2,10,0
59,1,10,0.6581358198457574,7,158,0
58,6,7,0.0,0,142,0
32,3,4,0.6663440389252221,8,59,0
39,1,5,0.7143411528212733,2,62,0
14,2,4,0.9924999069185255,13,112,0
29,1,22,0.9753190380308032,5,114,0
63,0,12,0.6288441251016784,8,158,0
22,3,10,0.1558323224752695,1,54,0
8,7,7,0.09649566878798582,8,69,1
35,5,23,0.5182770452852549,9,105,0
47,2,11,0.0,7,166,0
8,3,22,0.32561242961496656,5,70,0
42,2,20,0.5625656042519681,9,82,0
1,0,13,0.8562720207878758,0,104,0
12,0,22,0.13833031085799602,12,12,0
54,2,7,0.6125144665384786,6,149,0
39,0,14,0.6453137393365223,8,140,0
29,5,11,1.0,1,55,0
48,2,6,1.0,0,82,0
2,2,14,0.3751371503096367,0,86,0
61,3,7,0.30983167689555347,11,70,0
48,2,14,0.11407289792397338,13,56,0
12,4,7,0.8139453682520628,6,64,0
63,0,16,0.8498972549550522,10,120,0
41,5,17,0.6873535014348878,10,149,0
47,1,20,0.8747604266832245,5,19,0
23,7,19,0.4244347368036901,12,41,0
50,3,4,0.10687330314085798,5,68,0
10,0,15,0.3229418421379474,5,114,0
12,0,23,0.1617639543231402,7,23,0
11,2,18,0.4644803472759857,0,123,0
46,3,5,0.8750890428695254,9,66,0
12,6,13,0.558067310649615,5,155,0
36,4,3,0.6313747767938563,0,99,0
16,5,20,0.33133672787718965,3,9,0
52,3,17,0.9175702660101749,1,146,0
34,5,5,0.9801337073507924,6,46,0
28,0,14,0.4858716289460281,0,157,0
30,0,1,0.7689876068741305,1,58,0
47,4,7,0.0,5,142,0
43,4,11,0.8814902837112755,3,48,0
31,3,5,0.7957324313457355,11,29,0
54,0,23,0.4461711159333038,9,103,0
2,0,10,0.5273848284522518,0,44,0
40,1,17,0.5377144033666218,5,178,0
32,4,5,0.35818021870241734,1,86,0
49,3,8,0.7293297273016734,11,1,0
57,7,12,0.9368886545371846,11,162,0
17,1,23,0.7345768953221566,13,156,0
17,1,16,0.3372510447118189,4,73,0
48,4,3,0.796605858205027,3,160,0
64,2,14,0.4867222641054424,9,19,0
24,2,9,0.1546874746407515,2,85,0
16,1,7,0.7622640587689249,16,15,0
52,7,8,0.7276230829488636,4,141,0
64,0,9,1.0,11,1,0
8,0,9,0.6165905400377824,8,8,0
8,6,8,0.5565865999962922,8,73,0
57,7,23,0.8246012068053599,10,173,0
38,1,1,0.1352545219398861,3,84,0
3,0,9,0.563533966555001,0,47,0
29,3,10,0.054462294323387034,0,83,0
8,0,15,0.7353694830600244,4,110,0
15,7,19,0.7640240388743014,8,171,0
57,1,13,0.9165731324791492,15,24,0
40,6,19,0.3474265121468592,11,99,0
15,7,13,0.9640395018698342,10,170,0
19,6,16,0.6560919714991962,4,69,0
14,0,20,0.2058530994107809,14,130,0
57,2,14,0.0669713685650217,14,61,0
25,1,4,0.16352416857480467,16,49,0
23,5,7,1.0,11,104,0
59,3,6,0.2640045966324094,14,105,0
42,4,13,0.7117544870547947,5,11,0
13,3,19,0.5921370319007939,4,155,0
45,6,6,0.1238502271017741,5,80,0
24,3,23,0.4009692522781245,9,79,0
29,6,3,0.8922550629825762,4,151,0
20,2,13,0.1823046420326286,1,81,0
10,7,9,0.18383481797958118,2,76,0
17,1,23,0.06716531233655504,16,66,0
45,4,9,0.7743231748099357,0,72,0
43,7,2,0.14321997280725499,13,46,0
9,4,11,0.9723925963807485,9,164,0
14,0,20,0.26702143611700047,14,136,0
17,4,5,0.23425593307295461,6,147,0
63,1,17,0.27882905639464833,7,156,0
4,0,17,0.5230657188691503,4,114,0
47,2,13,0.30869079098001284,2,147,0
12,4,3,0.6737154318811435,12,11,0
33,7,8,1.0,3,57,0
26,0,16,0.9297716727814759,5,111,0
41,4,19,0.548999469234065,7,103,0
45,7,10,1.0,15,151,0
14,0,19,0.1830891883432399,14,132,0
15,0,17,1.0,14,17,0
57,1,22,0.14361124980249507,10,74,0
37,5,18,0.4664354509686863,14,112,0
40,4,8,0.10928194182227643,8,160,0
18,3,22,0.41963449835457267,6,74,0
28,0,23,0.7755859260211521,18,40,0
43,4,17,0.7576253578425969,10,157,0
41,0,8,0.42006926169190634,6,141,0
58,0,10,0.9036721993133071,14,34,0
18,4,2,0.788090143758517,12,62,0
27,3,10,0.3239959243702413,5,73,0
36,6,9,0.9879942927847942,10,157,0
15,6,8,0.0880526747746599,10,94,0
61,1,13,0.7693322956192287,4,139,0
11,1,10,0.43582235167440314,10,49,0
57,2,3,0.0,2,55,0
39,0,11,0.5235240055676352,7,160,0
46,0,19,1.0,9,183,0
30,1,23,1.0,2,113,0
17,0,16,0.8596281227146376,15,32,0
14,3,9,0.09130791734673221,11,78,0
29,0,23,0.33987494372355176,14,139,0
51,3,15,0.8158720892640889,2,30,0
13,1,6,0.3049212697286947,10,159,0
3,2,15,1.0,1,24,0
42,6,5,0.9670680880565387,0,168,0
30,7,14,1.0,4,117,0
16,2,6,0.9010532479075374,16,13,0
43,4,6,0.6002961265752532,3,128,0
50,7,9,1.0,14,163,0
53,2,11,0.9527763147380585,3,31,0
15,5,12,0.28098241601045254,14,23,0
58,2,6,0.20778407395861415,12,117,0
38,2,11,0.023118868314793567,0,79,0
54,7,19,0.17850472520476446,9,9,0
24,7,20,0.729426203060351,5,124,0
48,1,6,0.552683603799725,0,149,0
14,5,14,0.3787153657063078,14,110,0
59,0,19,1.0,4,117,0
19,0,18,0.19135589408414888,7,40,0
49,0,11,0.5464423195363195,11,146,0
60,0,6,0.6221355094011042,2,138,0
33,0,23,0.8411061191754416,3,78,0
6,3,14,0.9248167877358161,5,162,0
50,3,6,0.03129982177546513,0,141,0
30,2,8,0.743208805558443,1,49,0
17,7,15,0.8320421931641709,8,164,0
14,2,6,0.26631800503758235,11,156,0
12,2,9,0.78047419456883,9,103,0
50,0,10,0.4998122326207792,9,167,0
52,4,9,0.7476221954875159,3,68,0
33,1,7,0.7794026958949601,12,56,0
6,5,7,0.6023480661359132,0,91,0
28,0,23,0.5957727404614918,11,80,0
30,1,16,0.572401978079853,1,143,0
35,1,21,0.2918264991712643,6,137,0
22,0,20,0.6158468260143078,9,37,0
47,2,6,0.983848674644846,1,69,0
38,4,8,0.8656098800337957,8,68,0
30,4,18,0.46457392914136864,14,151,0
13,2,9,0.48327394797679296,13,75,0
23,3,11,0.4969509639675156,9,38,0
15,0,16,0.03948747551980361,13,124,0
42,4,23,0.261338594825297,8,103,0
4,0,15,0.839272767276141,4,143,0
58,0,3,0.24994037257729618,4,90,0
30,5,1,0.12132050806280487,12,46,0
29,6,4,0.7537321334068369,9,34,0
55,1,23,0.781565289000943,0,141,0
34,7,11,0.7204509816203004,1,97,0
17,0,13,0.13816204823700212,1,139,0
31,5,14,0.2146028852827658,0,33,0
39,5,15,0.998655996988734,16,142,0
13,4,4,0.2879397724133785,13,93,0
36,6,6,0.26018137879084974,10,115,0
47,6,5,0.8154424648752076,0,66,0
54,3,17,0.04254157384384577,10,156,0
50,0,5,0.21563077302937633,1,80,0
26,1,20,0.4454735940225524,6,99,0
3,1,15,0.9670742395596282,3,116,0
15,0,21,0.6455620727856672,13,154,0
64,5,23,0.01311719603732095,8,16,0
19,7,15,0.49180376937231507,3,117,0
7,5,13,0.832371850717779,7,167,0
57,6,13,1.0,10,90,0
18,6,23,0.3544261588025459,12,102,0
21,3,22,0.574958028503506,7,128,0
47,3,5,0.0018296542256677206,10,27,0
4,7,14,0.2639147084610604,4,153,0
30,6,1,0.22578110021859416,15,35,0
6,7,13,0.6850811185555286,6,58,0
5,0,19,0.5344780879348462,0,97,0
15,2,19,0.35967575253052503,5,124,0
26,4,19,0.8612735233238578,7,176,0
12,0,7,0.49695433316047216,4,176,0
19,1,9,0.3708878707619947,5,139,0
31,7,9,0.9447890211394503,5,25,0
27,2,14,0.019855696305451004,4,67,0
57,1,6,0.7104151900102955,4,157,0
23,4,9,0.9076859420230035,12,107,0
36,3,6,0.8313906059550548,5,166,0
13,0,20,0.32363466039559763,13,154,0
8,7,8,0.43347573976546694,8,157,0
58,0,14,0.03597044522761425,14,70,0
16,7,4,0.8493712431653391,7,53,0
49,5,20,0.6174312806486268,8,97,0
23,5,17,0.6883414991739042,0,154,0
8,0,14,0.38217586299725964,8,113,0
59,2,15,1.0,8,140,0
22,0,22,0.5587986603865861,10,98,0
20,0,18,1.0,15,42,0
23,3,19,0.8373475628277655,8,134,0
29,7,9,0.4579566640656302,0,33,0
24,5,8,0.9756653111975692,4,131,0
13,2,11,0.7070776545771951,5,70,0
51,5,10,0.46124853686082035,6,128,0
28,3,17,0.7015395686240019,11,52,0
37,0,4,0.6823814321250121,4,124,0
58,3,12,0.8748683437254033,11,172,0
39,4,6,0.7111756507569904,2,114,0
23,3,19,0.5797490195470609,4,186,0
29,7,5,0.29451935216049135,15,26,0
51,7,19,0.5238694696414022,4,85,0
52,1,5,0.9714118882998095,5,90,0
29,7,6,0.806749572118078,1,29,0
56,7,4,0.3729427573529258,4,174,0
9,1,3,0.3639601408394192,7,164,0
55,0,14,0.2326664129891157,15,78,0
5,5,17,0.9081905961545009,5,34,0
48,1,22,0.6167975380958424,4,48,0
41,1,7,0.16065838159860066,4,124,0
16,7,15,0.729722775384802,4,81,0
39,5,6,0.9406103920950517,5,59,0
43,1,18,0.899087675308818,9,26,0
0,3,16,0.5263916774046542,0,81,0
49,6,12,0.8600852775118581,11,126,0
30,7,14,0.8663592388932465,7,122,0
12,1,4,0.3009818782747409,12,71,0
36,4,20,1.0,12,68,0
25,1,16,0.3405360286202672,2,151,0
14,2,14,0.0237180044002423,14,15,0
39,1,8,0.8961012005143241,7,87,0
21,1,20,0.6668254437779318,10,100,0
16,2,20,0.2279869983830786,16,149,0
34,0,16,0.09185119016249003,9,99,0
45,1,8,0.8881700450487628,4,68,0
43,2,6,0.6572071366432809,5,191,0
44,3,19,0.28847667293384616,9,97,0
55,0,4,0.36598698692089027,3,63,0
16,7,8,0.4871511786436576,12,166,0
13,0,15,0.9558330219449729,13,51,0
25,7,13,0.6234410506464372,12,65,0
8,7,8,0.5251945333046506,8,70,0
58,7,16,1.0,9,119,0
40,7,7,0.5059300309095384,8,71,0
10,4,1,0.2686802424795254,10,81,0
55,4,8,0.5990976058118938,3,146,0
18,3,21,0.7460865106105501,6,47,0
6,0,13,0.9745836806642725,6,99,0
64,6,15,0.43711115285047136,8,19,0
41,5,4,0.7260494948060313,5,78,0
54,0,23,0.25922378553068065,4,88,0
43,0,20,0.5399741365303578,5,165,0
17,3,4,0.727567075436982,13,104,0
58,2,17,0.7590400969432196,16,144,0
31,1,17,0.2789162715169562,12,95,0
13,0,14,0.2702303398982178,5,16,0
9,0,16,0.4694699975842541,4,94,0
9,1,20,0.4186966709324496,9,145,0
39,0,22,0.3889325562090402,2,130,0
41,4,4,0.0558310442346648,4,160,0
48,5,16,0.18911710454077252,8,169,0
25,2,13,0.30717956299455074,8,120,0
17,5,17,0.6106900234051614,4,76,0
66,3,7,0.554120954533498,6,56,0
40,5,5,0.14187498959252987,5,152,0
22,0,16,0.9445245707839561,6,130,0
5,0,5,0.6691292264793117,5,6,0
15,6,8,1.0,10,27,0
60,5,1,0.42454794519093264,12,83,0
42,2,23,0.9834273762077399,6,132,0
26,1,23,0.832210190519424,10,38,0
32,7,1,0.9335242344314667,17,37,0
53,3,15,0.37003945786770415,2,142,0
32,5,3,0.699736558609764,0,22,0
28,4,7,0.7848625741594343,6,181,0
3,7,16,0.5741962930189128,3,17,0
19,2,13,0.42188513773846437,8,26,0
54,0,11,0.6885186323099993,5,161,0
49,0,18,0.9110462893068171,8,163,0
13,1,19,1.0,13,21,0
46,0,23,0.8919294071297778,7,124,0
8,0,7,0.27898500061638465,8,166,0
9,6,7,0.06503518278991849,9,100,1
39,1,10,0.6648373555178282,14,127,0
60,4,23,0.8001229620213874,2,134,0
55,0,8,0.9849197523819132,0,70,0
43,5,10,0.8031639146682552,8,115,0
42,2,10,0.6021593447588754,0,138,0
27,6,0,1.0,3,150,0
47,3,10,1.0,9,74,0
46,0,21,0.8319133514832571,16,168,0
8,7,8,0.07803375426004208,8,111,1
37,5,4,0.8839679424334272,4,38,0
39,0,23,0.43514624185540196,13,72,0
9,7,3,0.9208016483754683,9,44,0
9,3,14,0.40148382852209347,0,74,0
36,5,4,0.2292932807425102,7,156,0
25,4,20,0.8974843981328303,15,76,0
40,1,20,0.3616850307584971,14,104,0
52,6,23,0.9061355065799817,5,152,0
46,6,16,0.8118751444564509,13,143,0
67,2,12,0.5495684564804105,8,134,0
27,1,19,1.0,1,174,0
63,7,21,0.07964607877460952,7,13,0
29,4,10,0.25884958459045115,0,104,0
18,7,6,0.5920699850646955,8,29,0
7,1,5,0.4844044203071623,4,111,0
39,7,9,0.692273686078371,11,42,0
21,7,4,0.9988452359555308,7,59,0
39,4,3,0.7712420096298539,7,26,0
3,0,23,0.20109246498018107,3,100,0
13,1,5,0.5312984315015656,6,92,0
49,4,8,0.7737288711487819,3,58,0
57,3,5,0.29918391881638046,9,120,0
35,5,2,0.7827532296497481,10,19,0
33,5,7,0.14558405939779145,3,95,0
49,1,19,0.7955459180665864,2,139,0
30,3,15,0.7740657130941936,12,44,0
35,4,4,0.6191864429828214,2,108,0
34,7,6,0.7128475342422197,1,18,0
53,0,6,0.9150720294141217,3,151,0
58,0,12,0.9397807879165306,7,139,0
35,3,3,0.18703128695709711,9,168,0
27,0,10,0.45648717043804865,4,121,0
38,3,11,0.524337047221292,10,22,0
21,1,22,0.14651441336345813,15,11,0
50,0,12,0.6423521174239613,9,70,0
33,2,22,1.0,6,135,0
9,0,23,0.8325468363384879,1,7,0
15,7,19,0.5072506632500817,12,31,0
48,7,7,0.4759417160069005,6,63,0
55,6,15,0.6316539199215857,4,83,0
13,2,18,1.0,13,27,0
8,0,10,0.2768502109988996,0,156,0
19,3,11,0.07178064633289254,9,67,0
1,3,15,0.45274960800342906,0,82,0
46,0,18,0.8123986749081219,12,41,0
42,0,16,0.7817470637548588,13,41,0
38,4,2,0.8540659047434813,1,173,0
43,0,14,0.709894029363047,4,74,0
12,7,8,0.6343321047111765,6,155,0
15,2,8,0.4395410157723373,8,168,0
54,3,16,0.6717531125842348,7,108,0
52,4,8,0.32200453605385754,13,133,0
8,0,20,0.31635614580638194,2,101,0
31,0,23,0.37338428194275,13,63,0
40,2,19,0.7750820836234577,11,29,0
16,6,8,0.7145079818740824,11,108,0
22,4,19,0.1832867730832569,10,119,0
47,3,8,0.41884835086457406,11,126,0
33,3,23,0.5979679009330316,4,95,0
15,1,3,0.9142339909886881,14,110,0
33,2,19,0.7019020730557354,4,130,0
4,5,16,0.7876850173445932,4,40,0
53,0,7,0.5402034621439851,13,66,0
26,6,4,0.08637114698004514,10,60,0
17,1,9,0.48977501878213114,15,62,0
36,0,23,0.5404832571657783,3,96,0
3,3,17,1.0,1,169,0
30,7,4,0.09551725144156022,11,45,0
3,2,16,0.7474743230897897,3,122,0
37,3,9,0.7892711826942673,3,135,0
35,5,8,0.8866503561876056,4,129,0
14,5,19,0.37246137191387074,14,52,0
37,7,6,0.5506920146196833,10,73,0
40,0,20,0.872629969380557,10,60,0
5,2,11,0.40830201767848806,0,78,0
33,2,5,0.6386296847215006,10,37,0
48,4,5,0.3703111953965441,9,177,0
2,0,21,0.49946915149345433,2,152,0
54,3,12,0.7010186456965692,1,43,0
58,1,10,0.744645218905921,8,35,0
10,0,21,0.8233897189358318,0,90,0
41,1,10,0.9470585510598188,0,51,0
21,7,6,0.9651386769212368,3,130,0
2,0,20,0.675433466121369,2,111,0
35,0,21,0.4720825815370795,5,68,0
48,1,10,0.7418361453832757,0,137,0
19,0,18,0.06870494382385542,7,18,0
39,2,23,0.8991295088356749,8,174,0
38,3,5,0.5761786777291547,11,52,0
45,6,5,0.8957409560909836,8,120,0
33,3,14,0.04647014542235503,5,154,0
2,0,22,1.0,2,96,0
17,5,17,0.4636938734637476,12,101,0
6,3,14,0.126336987376436,5,16,0
16,6,8,0.8480019636871121,16,126,0
50,7,14,0.8937016845808038,5,129,0
45,6,17,0.690378497439901,14,147,0
31,0,19,0.8100825348339333,4,116,0
52,0,22,0.46596243440856583,5,168,0
49,4,20,0.038779595976390385,15,90,0
11,7,10,1.0,9,54,0
23,6,22,0.5176751541238986,12,48,0
28,2,17,0.08855020122483194,7,112,0
0,0,23,0.5429356219238655,0,113,0
56,1,17,1.0,3,14,0
5,2,21,0.29186499563269475,3,110,0
53,0,16,0.555798389891027,3,162,0
35,7,6,0.20283120872507976,16,32,0
29,5,2,0.8382043932508746,9,31,0
52,4,21,0.32085572889651937,16,71,0
10,2,9,0.46280445877074106,3,57,0
25,4,20,0.39310574851568,12,17,0
35,7,5,0.5750201310186013,3,71,0
10,0,10,0.5483875310202458,6,19,0
28,3,4,0.7451318806045731,12,60,0
14,0,7,0.28469234182716335,8,85,0
50,0,10,0.8434478151128362,4,82,0
41,4,20,0.6673350803398685,5,68,0
41,0,12,0.7652430900537566,6,80,0
15,6,19,0.3139794127277575,9,99,0
53,4,11,1.0,4,66,0
6,1,20,0.03199557537410408,5,23,0
3,7,16,0.4884752423302118,0,26,0
1,7,18,0.5517359893857753,1,73,0
23,3,20,0.9809955145867368,3,156,0
30,3,19,0.6823745825916517,14,58,0
18,6,18,0.39684610562826006,14,180,0
0,4,9,0.7392245390411573,0,69,0
26,2,22,0.9982353363231005,2,154,0
13,5,5,0.47337406939759075,13,116,0
46,0,19,0.8976300964922618,12,177,0
2,6,4,0.23994376032270737,2,43,0
38,5,7,0.9029173660753803,3,38,0
26,0,21,0.7282167806949533,13,55,0
17,2,20,0.3836534282250157,17,20,0
15,0,18,0.705790775318916,13,86,0
21,1,8,0.3230840397717101,4,74,0
13,4,9,0.23283756628900934,10,103,0
21,2,17,0.7265462406019241,0,56,0
60,4,9,0.46377162797344734,2,150,0
47,2,15,1.0,2,1,0
8,0,5,0.5428984735077325,8,134,0
8,0,6,0.5211762137157157,8,126,0
3,0,20,0.9466031717000548,0,78,0
51,4,12,1.0,4,12,0
36,2,14,0.2724425324927353,0,68,0
49,7,14,0.861972041698772,13,120,0
10,7,11,0.47368903033003135,10,144,0
56,0,17,0.5590994884169674,5,123,0
15,3,18,0.3633902126415267,14,1,0
59,6,23,0.8424079290948275,10,175,0
20,2,20,0.7418447837029917,12,44,0
10,4,8,0.8790024787579981,10,49,0
56,4,20,0.6926491918846125,15,147,0
55,0,13,0.68502734564214,7,116,0
50,6,18,0.6614558184909298,11,155,0
31,1,20,0.4950151974994549,14,44,0
64,1,21,0.08012967437807093,10,109,0
31,0,17,0.3836120247574901,5,130,0
30,4,18,0.9210554499042245,1,56,0
14,4,18,0.6147315702797294,6,127,0
44,0,7,0.765339997942142,5,98,0
7,2,11,0.8421221635547399,2,41,0
46,1,20,0.1667086477108553,12,59,0
3,5,14,0.2732449168956118,3,155,0
46,4,21,0.2869001295911365,12,95,0
7,1,5,0.3834033511007814,6,166,0
33,4,6,0.9314270633691303,2,60,0
58,6,18,0.3010476711755891,11,120,0
60,1,11,0.5937489156215148,5,145,0
19,4,17,0.1916930378475466,11,19,0
66,4,10,0.2762932609761496,14,79,0
18,1,19,0.8766502145665906,4,53,0
50,0,17,0.8976680194859713,2,138,0
62,1,19,0.4890247414411315,7,159,0
8,7,8,0.763602120022486,6,47,0
38,7,3,0.8669710578600001,0,185,0
57,3,14,1.0,5,1,0
9,2,15,0.03063818953873275,3,1,0
63,0,22,0.20240500939719036,11,93,0
14,0,19,0.8234390787148379,14,43,0
19,0,20,0.7296014694778775,8,142,0
31,4,11,0.182749059848207,0,46,0
17,3,6,0.44914163136792334,9,132,0
18,7,17,0.49720557070862464,9,32,0
16,0,18,0.2744622368975148,12,137,0
65,0,16,0.21170277833147239,12,64,0
5,7,12,0.750802591050453,5,41,0
10,7,3,0.18299346184490872,10,107,1
17,5,13,0.511549454282191,17,82,0
55,4,21,0.8509940030398606,11,58,0
39,4,6,1.0,2,51,0
23,5,6,0.33821598051210156,5,173,0
56,4,3,0.3652815422421636,12,107,0
58,0,5,0.9858264898024316,4,147,0
23,0,17,0.754792823211738,3,121,0
6,0,3,0.5692004272984312,5,8,0
15,3,16,0.2787088982645557,15,106,0
34,0,21,0.8706815672657062,5,170,0
31,0,3,0.7136934667915843,13,39,0
7,2,9,0.5517454030289854,7,81,0
14,6,16,0.3887028917452663,14,121,1
2,0,14,1.0,2,94,0
55,5,3,0.820552177451704,0,162,0
37,3,16,0.5679614299638415,13,38,0
29,2,13,0.032387324154724714,2,113,0
36,6,9,0.24035273797834605,12,33,0
42,4,8,0.7116854419817737,1,130,0
54,1,7,0.0,5,60,0
7,0,12,1.0,3,1,0
18,6,9,0.24450240597212577,10,163,0
33,3,8,0.7003764345181035,11,47,0
11,5,7,0.7554413339642084,9,40,0
10,1,6,0.620263999263666,5,93,0
23,5,1,0.9907037565279256,11,162,0
25,2,20,0.7259101715799751,11,37,0
14,2,16,0.7375670585839973,7,34,0
28,7,12,0.7260544722396485,10,45,0
18,6,9,0.9350691337259885,16,64,0
29,0,20,0.7066935321903017,5,189,0
54,7,21,0.9172402678277227,12,178,0
41,5,22,0.09823909532953642,0,73,0
10,5,21,0.5220037598715228,7,107,0
29,2,22,0.4447469003670161,6,69,0
60,0,19,0.18497214886569296,10,97,0
11,5,17,0.7641585772688986,11,46,0
44,3,6,0.3449060682178374,1,62,0
48,6,7,0.7512616119700215,0,21,0
17,2,3,0.9591756890311868,17,116,0
12,5,10,0.40334572568125276,5,74,0
38,2,21,0.857493871160023,9,178,0
31,7,3,0.9653293055492446,5,145,0
24,0,19,0.49669304827922856,12,105,0
43,2,9,0.6156107832935607,11,136,0
14,5,16,0.1800201452025256,7,121,0
36,7,8,0.6044084480581049,5,83,0
39,3,22,0.39560553410737015,3,149,0
14,6,10,0.4336316036999165,10,128,0
31,0,13,0.8934027908790556,13,43,0
28,7,8,1.0,0,45,0
58,2,9,0.4042294493523635,4,32,0
38,1,23,0.7140977022703627,7,106,0
20,0,16,0.9036500856369788,12,31,0
11,5,8,0.8280054909816256,7,50,0
0,4,15,0.2598430214665901,0,37,0
4,3,19,0.8814024185736858,1,5,0
12,5,4,0.25579430019922883,12,96,0
0,2,14,0.47653574971046114,0,90,0
8,2,23,0.163958312385225,6,94,0
58,7,22,0.972428683401074,12,161,0
2,4,20,0.26246520377698096,0,88,0
14,3,20,0.42584914984310895,1,19,0
14,3,8,0.3114931944331007,4,99,0
43,1,16,0.7933871615382381,14,143,0
53,6,20,0.3159756608332814,6,20,0
33,6,14,0.24624633930914142,0,27,0
47,0,14,0.0964689640231534,12,72,0
50,1,4,0.9501592253829751,0,64,0
9,1,9,0.7399707269613213,5,114,0
28,4,6,0.979035380137594,0,157,0
16,5,19,0.3183546337051348,15,97,0
21,0,21,0.04147516041992849,13,5,0
62,4,4,0.9631986181950842,3,43,0
53,4,11,0.5120738688094192,4,146,0
22,6,16,0.4976044760485926,8,41,0
45,6,8,0.4818731927058904,10,123,0
55,0,9,0.9245842264195014,18,47,0
44,6,5,0.08876167612393875,10,40,0
26,3,16,0.8533691543289111,5,147,0
35,3,11,0.26336596135054735,0,93,0
16,6,23,0.35690744166348304,5,13,0
36,6,4,0.07344368701357834,14,45,0
20,5,9,0.7496715247584439,8,28,0
54,3,18,0.38919209313442027,13,114,0
49,4,7,0.24196394057993936,13,41,0
34,0,19,0.6865028985301134,6,170,0
34,3,23,0.43310988319499816,6,92,0
6,1,16,0.44357323287777356,0,149,0
13,7,6,0.19688057523749875,7,81,0
45,2,18,0.8457481967266101,11,52,0
0,4,15,0.4701385394271337,0,52,0
35,0,22,0.40047841758255937,6,142,0
47,3,7,0.7816634396410266,0,73,0
1,5,14,0.7609095990337148,1,22,0
11,7,19,0.09086261451883693,3,70,0
36,7,9,0.1600536921776696,14,38,0
40,5,17,0.2550204453242116,5,159,0
47,2,19,0.8608324552950885,13,167,0
33,5,9,0.1772634039164513,0,27,0
6,5,5,0.6692420502587706,6,59,0
32,4,23,1.0,14,57,0
30,7,5,0.8813511454963681,4,54,0
23,1,17,0.9490128683885333,1,118,0
29,0,21,0.47072226779182313,6,119,0
54,6,11,1.0,4,36,0
7,0,13,0.40078465531652496,0,145,0
65,5,10,0.34293203745074596,4,154,0
22,2,12,0.7971426581942777,0,56,0
54,3,7,0.4531873141165234,1,138,0
16,6,7,0.3971388263821351,7,68,0
37,1,8,0.6928150988525414,6,54,0
10,2,8,0.5027850043412473,7,111,0
58,0,17,0.8151540637567175,9,143,0
40,7,3,0.974852428648483,0,173,0
29,5,17,0.4402704515230532,11,12,0
45,6,13,0.9706485082393519,11,125,0
46,2,9,0.9355413683123721,4,77,0
4,0,17,0.3427647026950923,4,111,0
15,2,19,0.2555395230180196,15,14,0
12,5,6,0.9093136805841312,7,47,0
2,3,14,0.508303950016822,1,87,0
40,6,9,0.8826267972076797,7,73,0
52,7,15,0.9674520120658308,11,125,0
29,4,23,0.8990129215739527,10,174,0
7,2,5,0.401305138336125,5,103,0
14,0,13,0.42289470983363847,14,63,0
15,7,4,0.9574418606614605,12,44,0
64,3,10,0.18477674732632926,10,80,0
56,2,10,0.8289312303554677,11,6,0
8,7,19,0.7149030524532064,0,180,0
20,3,16,0.36591139589194904,7,107,0
21,1,8,0.18232734213789759,7,162,0
55,0,21,0.9401055224103925,13,172,0
14,1,18,0.24097280319534975,14,129,0
14,4,23,0.026303287722325985,11,77,0
33,2,4,0.21253009252730642,10,126,0
22,0,23,0.7970318224905775,1,68,0
48,2,16,0.37034473657584194,6,144,0
64,0,7,0.4733732956871427,4,19,0
13,4,13,0.6707284115400582,11,79,0
8,2,20,0.42361828749715197,7,133,0
29,2,6,0.9887952249512698,2,128,0
23,3,11,0.35132164477312333,0,82,0
25,7,19,1.0,10,89,0
24,0,18,0.749946636879209,1,103,0
4,4,16,0.9716143857903855,4,187,0
27,2,23,0.7387828143103353,4,164,0
14,2,22,0.5076253012901782,14,82,0
32,5,13,0.897296840837059,7,20,0
63,3,10,0.7440970154528943,10,9,0
26,2,22,1.0,5,148,0
52,4,13,0.19767122570830195,10,51,0
19,5,22,0.8453533368870021,14,56,0
39,2,19,0.7036741452527199,8,134,0
17,3,23,0.7564705334410471,17,54,0
11,6,7,0.4668699214751243,4,65,0
59,2,12,0.7972631611113017,9,144,0
14,5,4,0.8970626012783813,14,12,0
13,7,8,0.8217104222271476,3,71,0
51,0,22,0.38193386407596097,2,155,0
27,2,22,0.4105607407076252,8,74,0
12,4,3,0.8231322650731508,10,3,0
37,6,5,0.6410196815222152,10,93,0
4,6,13,0.7651771084173573,0,34,0
17,4,15,0.3949241808843527,17,1,0
48,0,12,0.5662726332853648,4,148,0
40,4,7,0.7578735778341746,4,132,0
58,0,17,0.5222564330570002,7,153,0
45,2,6,0.7657236452297738,10,110,0
41,4,6,1.0,10,150,0
39,3,3,0.4135715290603313,9,123,0
18,1,7,0.6347246084863707,8,180,0
35,5,6,0.9778532001061583,7,133,0
0,7,14,0.5574887012452986,0,72,0
56,0,4,0.6965338832637894,2,168,0
29,1,23,1.0,11,171,0
38,3,15,0.006531388329374915,6,161,0
44,7,6,0.5081242708787447,0,168,0
33,5,3,0.8414819968615479,13,25,0
19,0,20,0.23820680185963017,15,133,0
55,3,4,0.8246810890120546,3,45,0
13,1,21,0.9215549542464532,0,1,0
66,0,5,0.7023788159892879,2,158,0
22,4,7,0.3067705651218813,6,99,0
44,3,4,0.27757315299173363,11,69,0
44,0,14,0.5317580996818835,5,165,0
40,4,9,0.3910469195156881,13,123,0
10,7,15,0.7886491738879141,6,185,0
62,2,21,0.6366244985921837,0,137,0
10,6,10,0.4559045895160096,6,97,0
54,2,7,0.9377082086467085,0,40,0
33,4,5,0.9758526194566054,12,146,0
11,6,6,0.574424809592731,8,80,0
11,4,22,0.7789084192986381,11,33,0
58,0,20,0.31285188928408303,9,108,0
12,3,21,0.2564256481314509,12,80,0
22,7,17,0.7175618906881192,1,119,0
42,3,18,0.058298122369449534,12,172,0
54,4,8,0.506474797975045,2,148,0
33,3,20,0.5669820222652537,5,110,0
62,7,18,0.23614888578284526,11,3,0
5,2,14,0.6284425491059932,5,132,0
39,6,13,0.20586262057231042,14,131,0
42,6,8,0.28994801974246615,13,138,0
65,1,13,0.8144696657650969,11,130,0
41,1,4,0.51117576634236,3,180,0
26,4,12,0.2570522582431869,8,135,0
34,1,5,0.7977821628850313,0,131,0
24,6,3,0.9413865827522053,15,37,0
34,0,16,0.23660532749264535,0,134,0
3,2,16,0.09721877069324798,3,15,0
5,0,14,0.7630305300937842,5,75,0
10,7,7,0.5534435621870277,7,75,0
42,7,4,0.9948918992591637,0,158,0
9,0,15,0.9241658685330403,4,25,0
27,3,18,0.34123643828098016,8,36,0
7,0,19,0.21749419567909775,2,99,0
6,1,3,0.6119602839996213,3,23,0
39,3,20,0.6347585186074036,10,110,0
45,2,19,0.4140041667343085,12,153,0
17,5,23,0.747540848706689,14,72,0
20,0,4,0.8715175337909249,0,44,0
43,7,16,0.29166197846298647,9,108,0
24,7,15,0.7510526243824677,5,172,0
55,0,13,0.8065193485842757,10,52,0
59,0,10,0.4308053790063173,7,40,0
39,7,7,0.13751926130954703,3,16,0
59,2,11,0.5088870144449115,3,141,0
49,0,16,0.4769885468872879,2,73,0
2,2,22,0.6659785121949793,2,110,0
4,0,18,0.86661396104216,0,75,0
48,2,13,0.2014416406322046,8,168,0
36,2,8,0.6240843375300662,13,55,0
17,0,17,1.0,15,26,0
10,0,8,0.1629097852235401,9,157,0
32,7,9,0.9010326222600898,2,54,0
8,5,7,0.12458184157921329,8,91,0
20,1,9,0.5476887104468717,12,24,0
15,0,14,0.8916309469543215,15,18,0
64,4,5,0.8790472254017424,0,57,0
57,3,13,1.0,4,17,0
30,3,14,0.3499155961877639,6,126,0
23,0,7,0.9780849724805056,0,21,0
17,0,19,0.2274631797157074,12,75,0
23,5,19,0.746276453048045,5,80,0
41,2,5,0.380615391160129,9,189,0
24,6,6,0.5811533015858286,2,157,0
7,2,23,0.4144138010480521,1,146,0
5,7,15,0.28478518171173717,4,155,0
52,4,10,0.013372471833964339,16,80,0
28,0,23,0.28312777533249867,10,99,0
22,1,14,0.09633633237564682,9,122,0
38,3,2,0.3645890603986016,12,170,0
36,0,9,0.7593584269491193,0,152,0
46,0,21,0.9805926839747333,8,185,0
53,7,17,0.1479312229366234,10,95,0
13,6,9,0.24855051757530283,5,130,0
23,2,6,0.9770867034230012,1,20,0
39,0,14,0.020682616049056357,10,94,0
37,0,9,0.8961623047084591,8,93,0
23,5,5,0.7668242253680537,12,110,0
8,3,18,0.7877532977483556,8,143,0
33,2,23,0.25243658460365137,8,70,0
27,5,3,0.586570102545003,7,34,0
11,3,14,0.9482482074758927,3,182,0
48,3,23,0.540325665699447,9,146,0
10,0,21,0.27889477337153284,10,31,0
42,3,8,0.5519005310056384,0,95,0
0,0,16,0.4062151297299496,0,67,0
39,3,19,0.5684679180062133,6,101,0
15,0,6,1.0,15,112,0
33,6,10,0.5200586415460516,0,23,0
46,7,3,0.34221683293819916,10,49,0
19,0,12,0.7537400027167737,7,7,0
29,6,5,1.0,3,141,0
35,3,21,0.5230237932288813,9,100,0
62,0,7,0.6181882638559543,9,32,0
40,2,6,0.38154073575442277,6,169,0
30,7,3,0.974183014932585,3,140,0
33,3,21,0.8521794780553532,9,159,0
18,3,9,0.8229645396782435,13,101,0
18,2,17,1.0,12,15,0
22,3,9,0.49270848256201033,3,152,0
43,5,3,0.4206479579974955,0,13,0
11,0,15,0.5513955223608553,2,120,0
52,1,7,0.6198441796654242,5,24,0
17,5,21,0.6156961936846664,7,82,0
50,5,4,0.25743806264788904,2,164,0
38,4,0,0.5680772659167761,2,15,0
41,4,21,1.0,12,166,0
39,0,7,0.9849309682859616,4,149,0
25,4,2,0.16198770393207537,9,41,0
16,6,6,0.836706569950755,10,38,0
59,1,23,0.43705939962743034,5,87,0
29,0,14,0.1271693025375526,2,82,0
17,6,16,0.25191999389923436,0,113,0
7,4,4,0.22295462860312798,7,100,0
21,0,21,0.6155495706236067,8,103,0
9,3,12,0.0,4,1,0
49,5,7,0.5497324424011866,0,147,0
4,0,16,0.6019455514349056,2,99,0
29,1,5,0.46540483063109395,11,47,0
30,0,6,0.8329220689830512,6,129,0
23,7,13,0.6743833469613331,6,73,0
15,2,16,0.7875880295394855,0,145,0
36,3,10,0.6488619584529299,8,80,0
1,0,13,0.9033491470441597,1,108,0
40,2,6,1.0,8,151,0
16,6,13,0.6713522595840179,16,143,0
6,0,21,0.25675493659440796,1,107,0
47,4,5,0.011882196766500278,1,153,0
6,0,15,1.0,6,112,0
46,0,2,0.15386956892710443,1,72,0
20,7,4,1.0,13,45,0
45,6,4,0.25636329723473456,15,52,0
55,1,9,0.6898161970734721,12,39,0
61,7,4,0.36522944662543466,3,167,0
42,6,5,0.5774077729396722,0,169,0
31,5,17,0.7866255082032223,9,146,0
40,6,22,0.3612028372764527,5,103,0
51,0,7,0.9524250167930268,9,19,0
37,0,19,0.8086120926579441,7,30,0
51,1,21,0.688256061585611,3,67,0
57,1,6,0.35975436285454376,12,115,0
60,4,5,1.0,1,42,0
32,2,20,0.5198760439205854,8,109,0
31,4,23,0.4678523728100653,6,60,0
14,2,4,0.807177105828189,14,31,0
15,6,17,0.446097083080931,15,36,1
16,2,12,0.9712873668657994,1,39,0
11,2,20,0.4813179532276516,4,111,0
18,2,18,0.7864444041628571,6,111,0
18,0,18,0.8183745427096786,5,122,0
53,0,5,0.7484279945876037,2,42,0
29,7,23,0.3499798114038737,14,156,0
15,1,16,0.38582823306098873,0,132,0
35,1,16,0.12603274028351227,7,118,0
37,3,5,0.16294277010910496,3,70,0
9,1,18,0.8739579559563704,9,56,0
24,7,14,0.6559385652070028,2,118,0
19,0,20,0.3233795092884906,13,97,0
34,5,7,0.8267385751613893,4,138,0
45,3,13,1.0,8,115,0
58,2,19,0.4749480351910411,9,18,0
13,0,5,1.0,13,117,0
14,2,10,0.41225325174234134,6,156,0
38,2,5,0.6200605100136565,0,116,0
24,1,19,0.7737766939283294,15,37,0
65,0,20,0.2305016897737715,7,93,0
67,1,14,0.6852931080270082,15,141,0
53,7,11,0.8802267578161626,6,109,0
15,0,12,0.3419189949307142,11,65,0
18,3,18,0.4467672573460855,11,103,0
60,6,15,0.24658387812232185,11,46,0
23,2,19,1.0,7,149,0
32,0,18,0.4465084251717402,5,106,0
20,7,8,0.9466558851696606,8,37,0
51,7,7,0.2962918067922805,11,44,0
36,6,21,0.44605469935554665,8,80,0
36,5,4,0.7928638482676835,3,116,0
26,7,7,0.9445762725600241,13,62,0
7,0,6,0.425090189723737,7,1,0
10,4,23,0.33582833105564414,5,66,0
58,1,11,0.9160049188718467,8,127,0
29,1,12,0.6506722955155886,1,66,0
21,3,23,0.9302291275092313,2,139,0
4,0,12,0.9985669384478905,3,109,0
33,5,10,0.7050144424438668,5,25,0
44,5,7,0.8103396151590542,0,73,0
40,5,23,0.40578696968597594,6,109,0
57,2,7,0.14888705226994728,13,96,0
23,2,17,0.5531059651724605,13,49,0
22,7,13,0.744774928755668,0,129,0
25,7,3,0.9482876709564154,15,37,0
47,0,4,0.3495718265185467,4,64,0
38,2,21,0.922107671568786,11,40,0
7,2,17,1.0,5,21,0
1,3,11,1.0,1,10,0
31,0,14,0.5462767664151773,9,146,0
59,6,12,0.05050996901270369,14,87,0
13,1,7,0.4765383704532612,10,169,0
41,3,23,0.6163821199398715,4,95,0
41,4,7,0.17748861181747966,7,169,0
54,0,13,0.637198782582064,9,156,0
60,4,7,0.7331998662260614,1,170,0
10,0,23,1.0,0,82,0
66,5,16,0.44893721741148745,8,1,0
5,0,17,0.38734062544104925,5,113,0
4,4,12,0.9164043957283118,4,176,0
43,4,15,0.6247461031726036,6,86,0
27,6,19,0.27576727544368523,17,29,0
31,3,21,0.2667956295028264,10,13,0
36,7,20,1.0,6,147,0
26,0,5,0.6008513438707962,13,44,0
35,5,4,0.321307884354563,4,161,0
43,5,20,0.09360466664161954,0,88,0
59,0,12,0.9394314794594021,15,28,0
9,7,10,0.8637533322312065,9,49,0
40,7,7,0.7322691216992179,0,38,0
32,4,10,0.24024533083005095,12,30,0
18,2,9,0.8361440244763044,2,35,0
46,0,23,0.27737917661164496,7,78,0
20,3,17,0.4523916731958334,0,159,0
11,0,8,0.6023475582546872,5,159,0
48,0,15,0.41301924223934217,5,163,0
10,0,20,0.11336775395235257,10,23,0
43,1,0,0.32458252472739346,0,75,0
50,2,18,0.9056655911624761,7,17,0
52,2,8,1.0,3,44,0
44,4,3,0.1989914173406905,10,52,0
20,0,22,0.5858462667580593,10,92,0
63,6,15,0.40048631196611845,5,16,0
24,7,15,0.5659126959408509,2,124,0
4,0,6,0.41072209717217917,4,95,0
6,1,23,0.4024069217254197,1,103,0
53,3,17,0.9508029229472665,11,167,0
41,3,20,0.2996784195777638,3,159,0
54,3,12,0.626528173423306,8,141,0
47,6,19,0.37104717473593163,11,97,0
41,3,8,0.7082746079025252,9,154,0
55,0,16,0.36929908662162886,0,153,0
17,2,12,0.5620875552894639,10,19,0
43,3,19,0.299778256400635,6,82,0
41,1,23,0.8975435114883711,10,173,0
50,3,7,0.4354628130348718,9,69,0
43,3,20,0.8911008820577446,10,48,0
54,1,18,0.37790699998113947,8,146,0
27,0,12,0.47417309016413056,9,7,0
18,1,6,1.0,12,118,0
15,0,23,0.5138177206032344,15,55,0
53,0,18,0.52968946861413,8,151,0
46,4,8,0.46585428704912374,12,124,0
59,2,20,0.3743979043695594,5,148,0
43,2,8,0.6089399865037877,0,107,0
35,4,5,0.21294549079052197,10,49,0
43,3,5,0.5099613933642436,2,171,0
5,0,11,0.5116355086015457,0,31,0
53,2,12,1.0,10,124,0
35,2,11,0.9017921550760439,4,40,0
59,0,15,0.8689093701725902,3,120,0
12,3,22,0.8175159253544002,1,21,0
27,2,8,0.41488107226576737,2,119,0
58,0,17,0.7964376023505231,6,151,0
14,5,11,0.8993806433330548,8,164,0
15,1,12,0.7655563791870403,7,61,0
22,7,15,0.2938346039106199,6,120,0
2,7,8,0.3671532170117934,2,75,0
46,7,4,0.41052587211060076,2,160,0
16,4,21,0.46749201697155385,9,101,0
19,3,20,0.4043260212838746,12,73,0
29,0,5,0.7801638766376324,4,123,0
59,0,7,1.0,1,86,0
18,3,15,1.0,16,19,0
47,0,17,0.9486222219494702,9,51,0
24,4,20,0.5740215063518501,14,100,0
17,5,8,0.8619750119612555,11,118,0
57,2,16,0.31068824834439523,14,55,0
56,1,20,1.0,9,180,0
42,5,13,0.16102000123642227,4,155,0
7,2,21,0.26974573545984387,7,115,0
60,7,17,0.07211874227624963,3,11,0
53,1,5,0.1964890513709583,3,63,0
29,2,19,1.0,9,175,0
34,4,21,0.5959455049886968,5,98,0
53,1,17,0.3198558313091278,3,157,0
1,1,4,0.4377189526502432,1,20,0
60,0,22,0.11867573886734858,13,111,0
37,0,6,0.6697919798070872,12,55,0
4,7,15,0.6477442926764049,4,71,0
45,7,17,0.23090170117124564,13,105,0
17,0,22,0.11028084938481116,17,128,0
26,1,20,0.3573214572417962,8,64,0
39,1,14,0.6624216113477677,3,35,0
2,3,19,0.5203723500487346,2,130,0
61,0,23,0.46286908292199325,4,110,0
33,7,15,0.33058317482006655,8,96,0
5,7,23,0.8668038314009978,0,161,0
22,0,9,0.29897179388352135,2,128,0
16,0,10,0.599327481459962,6,19,0
69,5,15,0.6801221320869641,5,135,0
26,5,12,0.181097100538275,8,117,0
10,1,15,1.0,5,180,0
52,4,2,0.939877606135587,1,151,0
8,6,9,0.8479400381674779,8,157,0
12,7,11,0.8716409483133994,7,160,0
42,2,10,0.5992580957253621,1,140,0
29,5,7,0.14454579227661693,5,155,0
29,7,13,0.4118389092070774,8,49,0
0,0,21,0.4157964348863646,0,87,0
9,1,13,0.6028352182970513,0,76,0
29,4,22,1.0,1,159,0
63,5,23,0.9294510935196181,6,164,0
20,1,8,0.4678344240114327,3,81,0
44,4,10,0.2032188741326928,10,39,0
14,6,7,0.7224562530688673,7,46,0
37,3,23,0.9085240071460765,10,180,0
22,2,7,0.6223920984973005,8,158,0
5,4,10,0.9213991904733191,5,68,0
8,7,4,0.4490156725205755,8,57,0
13,6,7,0.064300708135922,2,42,0
17,0,18,0.8466194150281843,3,72,0
44,7,2,0.24366805500839506,0,9,0
4,0,16,0.24778270697213756,4,1,0
12,3,19,0.8603400896338209,12,51,0
37,1,23,0.7263603088498438,5,76,0
22,3,4,0.9384987014036689,7,120,0
40,2,8,0.6529757461297372,9,60,0
51,1,6,0.5170523527700047,7,39,0
65,2,7,0.5656700884784851,12,68,0
38,2,10,0.5014163555707493,7,79,0
8,2,14,0.9018803634894829,8,161,0
52,6,4,0.433973741929232,4,169,0
54,1,16,0.9950756609633227,0,130,0
19,7,19,0.4891018634671449,12,26,0
15,4,20,0.37958811226386213,12,12,0
52,5,7,0.2828849498602898,2,163,0
37,0,19,0.11399148204987686,8,92,0
19,0,14,0.9380248478408877,12,36,0
54,7,8,0.7400990183827162,12,173,0
67,5,14,0.22075814482557288,13,97,0
15,2,13,0.25136804443369704,13,71,0
42,6,6,0.8526697195316073,3,164,0
17,1,13,0.7268019545022066,1,62,0
46,6,6,0.8602573786815413,4,47,0
19,2,18,0.08356187343259401,7,42,0
7,0,19,0.33265991544785334,7,103,0
52,7,10,0.9471642140243068,12,163,0
53,3,10,0.42824195135956944,7,139,0
25,0,18,0.8665922150447908,3,68,0
19,3,11,0.4868439698172836,15,69,0
57,6,8,0.45424001820668997,3,57,0
24,1,4,0.35121753181993076,0,89,0
23,0,23,0.766280417595347,16,48,0
36,1,0,0.3098956124267087,0,77,0
26,2,22,0.47327746130589093,11,90,0
27,1,21,0.8214637808653047,4,104,0
27,0,5,1.0,1,2,0
42,3,6,0.17957047615764635,7,125,0
4,0,14,0.9028104799084896,4,121,0
14,0,21,0.9972519072577823,14,33,0
43,7,9,0.7960102847668933,4,121,0
41,7,9,0.9177678107937426,1,51,0
12,1,7,0.5607822712299033,8,95,0
18,1,20,0.785496998319121,16,139,0
40,6,15,0.3367930424939869,9,98,0
33,0,19,0.921804409893558,10,34,0
46,1,17,0.7467934047921599,8,43,0
9,1,19,0.4725971710657728,2,123,0
61,2,9,0.537457465667463,6,164,0
41,5,9,0.8207720861211016,10,130,0
17,2,9,0.4382675967885805,3,54,0
59,0,6,0.8685714998623508,0,135,0
60,2,21,0.8662953012174893,0,118,0
35,6,22,0.011890145310067102,0,89,0
53,0,16,0.7095853247953544,4,154,0
16,0,3,1.0,16,118,0
40,5,6,0.8181990200656196,10,66,0
12,0,5,0.2944085028303984,9,167,0
15,5,18,0.8450330814568535,4,151,0
17,3,21,0.7367081563792799,2,13,0
22,4,23,0.9572629406212717,13,68,0
18,5,23,0.4374884085201641,10,96,0
35,2,3,0.17820651458248926,3,66,0
46,5,16,0.8396973286242846,11,120,0
37,7,19,0.5602238968578663,13,88,0
47,1,18,1.0,4,159,0
25,2,18,0.1639950835510091,12,99,0
22,1,17,0.30430747618403087,0,167,0
15,0,11,0.7063618657723504,4,19,0
23,2,15,0.4193758722280025,3,173,0
24,2,10,0.677956612348981,8,12,0
49,0,9,0.5361379630797585,4,103,0
22,4,21,0.8098436668344746,10,59,0
14,3,17,0.35618667990239594,12,100,0
41,3,7,0.13024893431599763,8,170,0
7,5,17,0.2734713741116212,2,15,0
9,1,10,0.7924361505985069,9,56,0
24,2,18,0.44071216473183317,2,149,0
28,2,16,0.8534135859184939,12,38,0
7,5,13,0.9712322483815118,7,186,0
21,1,16,0.8092020167103791,15,105,0
29,0,21,0.7019333651903511,13,150,0
30,6,18,0.7899448194367508,7,36,0
10,3,23,0.13317174982057267,3,91,0
46,4,6,0.6903357075506167,10,82,0
32,2,4,0.6195809270653209,9,49,0
56,0,16,0.5123772754317678,2,160,0
3,6,12,0.24634328283747708,3,146,0
62,1,23,0.35486021873583,6,116,0
34,2,10,0.10550608686762314,2,79,0
49,4,18,0.10150807309295809,7,174,0
33,4,23,0.5403907437096875,11,97,0
13,1,20,0.9902069632988153,8,126,0
14,7,10,0.6754348150058125,14,38,0
43,4,4,0.7110760117602826,3,55,0
65,5,12,0.31981360673853676,12,96,0
11,0,13,0.624204895088665,6,20,0
23,0,21,0.19412155435541426,11,131,0
18,2,11,0.2319204064116506,4,139,0
42,3,23,1.0,9,64,0
52,4,12,0.15011897168260344,13,52,0
39,7,3,0.3533274223243668,1,28,0
31,5,3,1.0,2,129,0
29,4,23,1.0,9,143,0
15,1,14,0.7168531664971367,0,45,0
33,0,16,0.8958100561793654,13,82,0
10,5,8,0.743359399520358,10,76,0
31,7,13,0.8204217339894919,3,107,0
37,6,16,0.13996636321040462,8,177,0
9,0,12,0.8289771151007224,6,8,0
39,2,16,0.7047011919460853,1,155,0
38,7,9,1.0,13,149,0
21,4,8,0.3633011023105388,6,148,0
17,7,7,0.5763748851924162,12,62,0
50,6,12,0.37622655775155744,12,42,0
52,3,12,0.7734553079287928,11,138,0
4,1,16,0.007437626458724422,3,4,0
56,5,16,0.1904937920032828,13,45,0
38,5,6,1.0,10,151,0
27,2,22,0.4145905597244151,2,159,0
29,3,15,0.282187721404101,16,2,0
43,2,1,0.3058689367831756,8,46,0
25,7,23,0.43972681803164326,11,158,0
26,1,9,0.14065717351182255,3,64,0
20,6,7,0.6436181341141172,17,112,0
9,0,21,0.6805199417135022,0,82,0
53,2,12,0.573284957306205,12,140,0
4,1,12,0.4765562671613882,4,79,0
36,1,23,0.9463088514035176,0,124,0
58,5,20,0.6339912821684334,0,133,0
25,1,19,0.37445070800109853,7,65,0
14,2,20,0.08115289056866841,14,16,0
8,2,23,0.30542957306895807,4,83,0
59,2,11,1.0,9,136,0
26,0,23,0.5583912958481105,10,62,0
44,7,5,0.8997884457175999,9,103,0
21,0,22,0.1311943291820431,17,137,0
62,1,12,0.7537053692744656,12,142,0
15,3,14,0.9278683575447151,1,53,0
44,6,7,0.23301590661469346,4,85,0
39,1,23,0.7436886950959881,2,107,0
33,2,21,0.612672685998387,8,87,0
22,2,8,0.38460936037661303,11,56,0
58,0,14,0.4226443750251725,5,147,0
1,0,18,0.6566941834768344,0,78,0
4,2,23,0.28321461913837825,4,101,0
3,7,7,0.26916677555143365,3,67,0
51,1,16,0.6049318191607808,5,92,0
21,1,23,0.0,13,54,0
40,1,10,0.9651143083095071,4,90,0
55,2,9,0.6717005494808179,9,42,0
0,1,10,0.47834700367260363,0,63,0
36,0,4,1.0,7,145,0
17,7,16,0.3347315283548833,12,27,0
22,1,20,0.7908768312717296,13,38,0
68,3,8,0.5222049635396164,12,122,0
52,1,11,0.5176011800438954,4,30,0
5,3,23,0.26235783037745736,5,114,0
49,0,12,0.35824653562947995,12,160,0
16,0,10,1.0,4,1,0
56,1,9,0.6562052379584589,14,42,0
33,7,10,0.8807197090625254,0,28,0
16,1,23,0.6771654346464799,12,154,0
49,4,11,1.0,5,23,0
0,4,10,0.6160776766436177,0,68,0
19,4,16,0.7078391782276702,3,95,0
12,7,7,0.23818213311948555,7,99,0
43,5,7,0.3381125237342523,11,46,0
8,4,18,0.551372677628092,8,140,0
42,3,7,0.6962671480163092,4,10,0
26,0,23,0.17409785824939958,7,140,0
17,5,3,0.1988168489289681,9,82,0
36,2,11,0.7497172483046557,15,136,0
23,2,13,0.10640458475308001,1,76,0
49,0,23,0.872692473826487,13,177,0
43,1,19,0.8620494774008798,6,40,0
31,4,21,0.9066109278792276,14,177,0
52,4,8,0.7749769778168814,0,51,0
33,6,3,0.7684060306161904,8,15,0
56,0,18,0.5579008777664873,5,134,0
30,0,21,1.0,14,145,0
21,7,9,0.8137316961145353,11,19,0
50,2,9,0.8019430435263383,9,10,0
25,6,14,1.0,6,132,0
60,0,13,0.8688785632920626,15,50,0
41,7,2,0.7701121187638574,0,170,0
45,6,22,0.3853602936943127,10,92,0
23,2,4,0.7303448357834379,11,58,0
29,7,4,0.8367031932206113,5,20,0
46,2,18,0.6743936439732189,5,81,0
31,4,16,0.20662642971496156,7,134,0
55,0,17,0.3731696374219722,5,144,0
14,7,20,0.4838971017006628,14,52,1
39,5,4,0.8422301913240412,6,23,0
46,2,13,0.6173935016765038,5,80,0
20,2,3,0.9381670688422649,10,20,0
3,1,20,0.6541038821519589,3,114,0
13,0,13,0.8282940227228528,7,18,0
15,7,7,0.8889028264632726,9,72,0
18,0,13,0.882669054089952,3,10,0
34,2,14,0.7371946618939736,9,46,0
34,6,13,0.6914707983194618,7,19,0
9,3,15,0.9600285821843594,6,173,0
23,5,16,0.45571994915161296,10,60,0
34,6,8,0.5003532415884321,7,81,0
9,0,8,0.14170648978565403,9,87,0
37,3,11,0.6568303257560312,0,39,0
51,5,14,0.8412832529007841,13,112,0
28,5,19,0.4942299268857201,9,33,0
23,5,16,0.6304540913209018,4,94,0
8,1,15,1.0,4,169,0
39,5,7,0.9596931249903945,0,50,0
9,5,10,0.5386355330362902,3,52,0
36,4,15,0.5613450797519225,4,69,0
40,3,9,0.9912256076795691,2,44,0
14,0,13,0.8549633661045817,3,24,0
42,4,20,0.45487597240564676,3,119,0
18,7,22,0.4767599642318535,11,96,0
68,0,17,0.21082070892624719,15,92,0
46,0,18,0.9777686109148171,6,33,0
23,0,7,0.2365267609366305,1,115,0
6,3,15,0.9492081034707259,6,174,0
50,3,20,0.5923522914490547,6,102,0
17,4,19,0.4033041877951339,16,108,0
17,0,17,0.2286370739247875,8,12,0
44,2,9,0.5247112872468844,0,135,0
19,7,17,0.47497681095151767,9,61,0
47,6,14,0.7343000800178816,16,169,0
42,4,6,0.1618967233137207,8,162,0
57,0,3,0.22968594379606866,12,109,0
5,0,19,0.9733021670778161,0,63,0
20,0,6,0.9591497267266996,13,96,0
0,0,15,0.8014791423922283,0,119,0
41,0,19,0.787037648752745,5,193,0
10,2,18,0.3599503849241613,6,121,0
36,3,13,0.27554054582741444,8,153,0
43,4,7,0.8068575465972705,0,169,0
14,6,10,0.7301093891902932,14,122,0
30,0,7,0.8907830725026946,0,31,0
10,0,7,1.0,10,117,0
33,1,11,0.021616803583336855,1,91,0
7,0,20,0.7164142106039918,1,118,0
27,3,15,0.8862153505650486,10,37,0
40,3,5,0.5871202936810715,3,128,0
56,0,15,0.6960454400893117,5,136,0
44,6,7,0.9646968633683615,1,143,0
13,6,21,0.3416529565978262,13,97,1
44,6,8,0.9242737725320328,1,169,0
4,7,16,0.2280938782068927,4,161,0
28,2,1,0.5568334639154592,9,57,0
47,0,14,0.7031607458280693,4,143,0
28,3,6,0.6164486819812864,8,62,0
18,5,20,0.8836147338045707,13,73,0
65,3,12,0.24291627857722925,10,73,0
5,7,23,0.07658778609416012,5,61,1
27,5,15,0.5449144562324116,10,56,0
55,4,13,0.37811031999252054,6,19,0
34,4,8,0.6883250361838098,10,53,0
19,6,11,0.3636165215345491,3,62,0
4,2,15,1.0,0,105,0
14,2,21,0.32525687064460024,14,43,0
6,6,5,0.4867312538044704,3,91,0
46,3,15,0.7097257395229915,1,83,0
46,1,5,0.3914861431513018,3,103,0
8,3,15,0.8125264002748934,5,182,0
54,1,10,0.7325376742669785,5,47,0
58,6,17,0.6471189574393009,7,15,0
27,0,15,0.0907398250102451,7,104,0
44,0,18,0.9911626764563836,13,168,0
21,1,16,0.5829495466824093,4,165,0
49,7,23,0.9706620271938529,5,164,0
58,1,19,0.1235627337110875,11,97,0
15,1,16,0.9837987148959079,0,38,0
52,4,3,0.23601297435125732,1,154,0
52,4,10,0.9121439441948024,2,8,0
8,7,8,0.5211455142444342,7,65,0
44,4,23,1.0,8,140,0
43,5,19,0.659591467952384,7,138,0
42,4,7,0.8052898764821349,6,133,0
12,2,8,0.7959139632408351,12,14,0
14,6,15,0.321311355147438,14,7,1
3,1,21,0.9560052162067058,2,105,0
8,3,13,0.48972428150042047,0,59,0
31,5,7,0.4346418256748622,3,162,0
28,1,20,0.8672686128391163,15,50,0
47,4,14,0.7264083026562926,6,61,0
5,5,15,0.3629403828442602,0,49,0
14,0,13,0.6021604061407191,9,24,0
29,2,12,0.27281366517413097,4,78,0
26,7,5,0.05535989665923438,6,161,0
12,2,6,0.36945702938916375,10,165,0
25,5,5,0.05991851138541156,11,44,0
26,1,19,0.34206530592107753,10,70,0
48,2,15,0.5311528790062165,9,62,0
51,5,16,0.4166774779289442,5,1,0
1,4,13,0.3484430388365553,0,80,0
43,6,9,0.9118560015290649,11,144,0
11,3,11,1.0,11,34,0
13,3,21,0.7680317878459164,9,55,0
41,7,4,0.8093391186729451,3,52,0
14,1,6,0.9975107097083242,14,115,0
54,2,17,0.47946698421203643,8,9,0
36,5,23,0.4042546776173202,10,91,0
41,5,5,0.5762588762071305,9,54,0
44,5,13,0.8815100630330547,15,143,0
17,0,23,0.610522313640675,12,141,0
57,7,13,0.9967428993553403,12,108,0
35,2,18,0.8579448951792644,6,126,0
9,1,22,0.18701022712126664,9,80,0
12,6,10,1.0,11,43,0
28,6,15,0.5301522831494067,11,68,0
60,0,12,0.8759176088947637,9,136,0
13,5,10,0.6700090315105588,13,30,0
14,4,23,0.5543810902559281,9,104,0
26,7,19,0.29995950917803293,12,40,0
6,0,17,0.5003551108767871,6,91,0
46,7,9,0.7466000743942914,3,123,0
50,5,2,0.09623925865947047,2,144,0
15,3,10,0.5896744685890276,8,72,0
44,3,6,1.0,8,152,0
52,6,9,0.8792353868967905,14,116,0
43,0,22,0.806211787456648,17,171,0
11,0,7,0.5612721309220152,11,160,0
9,5,7,0.4470403044481067,4,72,0
43,0,17,0.0638060264785513,0,159,0
11,0,23,0.38845189353668563,4,93,0
24,2,3,0.7239123382625539,8,168,0
34,3,23,0.9772598687123235,0,116,0
55,6,19,0.703767367419124,0,110,0
46,1,13,0.7079779086461613,7,144,0
7,7,5,0.7342136827270594,7,51,0
3,7,5,0.07114563008594953,3,74,0
39,4,15,0.6570143054207879,3,42,0
49,3,6,0.07577983931203734,11,152,0
5,7,7,0.6821955695942193,5,56,0
23,3,13,0.09811022247203469,0,94,0
13,3,23,0.47682454861728835,3,147,0
24,7,17,0.7534520685533366,6,173,0
16,2,15,1.0,13,34,0
35,0,23,1.0,3,110,0
11,1,6,0.04841842094083329,8,78,0
58,0,6,0.4858639502658985,4,156,0
13,6,20,0.42859995901107967,13,100,0
31,0,15,0.7903053520060969,17,94,0
7,7,13,0.7907832081202245,7,48,0
7,0,17,0.7631124524177683,7,64,0
38,7,2,0.6686466319034925,8,75,0
16,7,20,0.36067659457084744,16,47,1
32,5,16,0.8995773893456623,13,134,0
46,4,4,0.03533129360345913,9,145,0
60,7,19,0.9620611173965827,10,177,0
17,2,8,0.592105750021005,7,163,0
22,0,1,0.395749379225961,7,156,0
47,3,23,0.9026136379200491,8,127,0
19,6,23,0.5433641908335228,11,23,0
47,7,7,0.8599628127502912,0,39,0
7,2,22,0.3028068718947822,6,72,0
18,3,16,0.7535500310544703,3,136,0
30,5,7,0.7882799600167495,4,145,0
30,0,21,0.7169716380540008,3,93,0
23,7,10,0.7311557523384914,4,103,0
24,7,19,0.5528396883247303,1,116,0
42,5,14,0.7043914470682489,0,55,0
21,6,19,0.7753415250902863,0,178,0
57,1,12,0.1941682968479455,16,81,0
16,0,17,0.8907173258628881,9,32,0
53,0,20,0.9909655116599314,16,169,0
38,4,6,0.7679808434565405,1,34,0
25,5,15,0.1214919431630089,8,133,0
5,1,3,0.47917784814553377,5,3,0
12,4,19,1.0,5,155,0
18,5,19,0.48021266845101707,11,70,0
18,0,3,0.39874635346458176,9,164,0
21,0,23,0.20021897009629666,14,151,0
49,6,18,0.6837204176239886,6,148,0
33,1,10,1.0,6,94,0
9,7,23,0.05692873075821006,9,66,1
22,2,13,0.9076475654187208,10,34,0
29,0,18,0.5892730142168092,8,37,0
39,1,21,0.5309055046529293,5,139,0
52,0,6,1.0,0,85,0
46,6,19,0.6439881551112694,8,138,0
10,7,11,0.7749336240482825,10,45,0
56,7,6,0.3872619037510244,4,158,0
16,7,7,0.7412276868304153,10,43,0
7,1,13,0.7320310282299503,4,154,0
65,2,8,1.0,0,65,0
56,1,18,0.7199125929163487,17,162,0
4,4,9,0.7670879535830942,4,69,0
26,5,17,0.679981420180445,7,171,0
58,4,10,0.7762358782667422,1,25,0
38,5,21,0.722160558098842,10,144,0
29,1,11,0.610614244751885,5,72,0
13,1,13,1.0,2,9,0
15,2,21,0.0389790118406641,15,1,0
12,2,2,0.7108849151526819,12,2,0
51,6,13,0.9101366565842749,6,23,0
23,0,19,0.5379949443209054,12,66,0
17,1,4,1.0,13,120,0
17,4,7,0.7637611983812276,12,1,0
1,3,10,0.6796464457165095,1,78,0
15,7,8,0.49417719569675767,9,51,0
11,1,6,0.6610516580296214,11,112,0
35,3,10,0.48893574498347636,9,167,0
5,7,13,0.8438830490017186,4,72,0
39,4,6,0.21283056863612515,12,57,0
38,6,7,0.8944449824799016,8,73,0
14,3,21,0.2705147647101047,1,19,0
52,7,3,0.29708185753571115,4,158,0
49,5,17,0.39511401767985876,3,94,0
36,4,7,0.4022335774124253,12,40,0
55,3,16,0.4590835436751113,10,4,0
31,3,23,0.4985112686280301,10,107,0
10,5,9,0.9188557446444594,10,30,0
47,2,23,0.20069518954609897,13,77,0
22,3,22,0.8720172807371043,6,142,0
56,2,12,0.5800734205284068,9,165,0
11,2,18,0.8780349604254548,0,24,0
25,0,3,0.7611541290728225,0,31,0
15,0,7,0.22118251348265258,7,151,0
43,3,14,0.7488005258816867,15,47,0
31,2,5,0.6943593443989808,9,57,0
23,5,7,0.42513448382731595,4,154,0
27,6,13,0.31420193833145826,5,152,0
25,3,20,1.0,2,160,0
15,5,7,0.08645501808274779,15,71,1
30,2,4,0.1733838203562662,1,99,0
9,4,22,0.19182754018987208,5,52,0
12,2,23,0.15827077248690455,9,59,0
23,3,22,0.505959885100889,0,170,0
42,4,4,0.17463820166476232,8,152,0
11,5,7,0.22558973908817803,11,91,0
28,1,19,0.8815412036468117,0,131,0
47,0,18,1.0,14,163,0
39,7,9,0.1569772982135293,11,10,0
32,1,17,0.6545078754614728,5,177,0
31,0,23,0.074212150309859,12,170,0
43,1,9,0.9116898220441376,5,104,0
13,1,3,0.6053610129291839,13,6,0
14,6,19,0.3192914741844993,14,99,1
27,0,6,0.28854595576926073,3,85,0
49,0,13,0.5975923544316052,0,142,0
14,1,17,1.0,14,13,0
47,6,9,1.0,14,129,0
42,0,15,0.5336021589650514,5,59,0
16,0,20,0.8214915781722109,4,82,0
7,5,6,0.7702055302975653,7,63,0
25,6,17,0.12731015246004776,8,149,0
50,1,22,0.48165118880964347,8,125,0
47,5,18,1.0,7,27,0
44,3,5,0.535289625323624,0,69,0
60,2,8,1.0,2,41,0
23,3,21,0.3876883376931857,14,18,0
16,2,4,0.5442908587597419,16,19,0
10,3,21,0.8191707017617894,9,48,0
30,1,9,0.08162887849726472,1,68,0
13,6,19,0.4990190177016323,13,49,0
17,5,17,0.37944146656514555,13,6,0
24,3,19,1.0,4,157,0
49,4,6,0.842301672873139,0,70,0
7,2,8,0.19036664344643633,7,169,0
50,4,6,0.1768979036245403,7,82,0
36,3,7,0.675816993249712,0,132,0
34,5,23,0.3884567375920148,3,125,0
24,7,2,1.0,13,60,0
2,0,20,0.6863838022188478,2,107,0
9,2,21,0.30191177599863295,2,83,0
18,7,18,0.28025076054003567,12,52,0
39,3,13,0.8847033316740698,5,62,0
3,5,10,0.6151440959385445,3,64,0
11,2,11,0.6908161822303494,11,25,0
9,5,13,0.8688090617190046,9,165,0
25,3,23,0.3632573210404041,6,87,0
50,7,6,0.9824821298597624,7,134,0
42,5,18,0.9647023393043469,11,141,0
6,2,18,0.9327423990493666,6,33,0
50,6,2,0.1266464778560622,4,173,0
13,7,18,0.17822601642318542,13,51,1
52,2,6,0.231133769437259,11,102,0
51,0,13,0.811525753746449,8,65,0
39,0,15,0.7517943156347968,4,195,0
30,4,6,0.4854402517443039,7,65,0
17,2,17,0.9164927832696749,15,13,0
26,0,21,0.12581348576006304,13,145,0
18,0,21,0.227991727004512,2,99,0
28,3,7,0.8523756516628221,0,173,0
6,0,5,0.540510623880951,6,28,0
40,5,17,0.2105548801892485,3,167,0
53,0,11,0.8942202561139648,14,52,0
29,7,8,0.9859177306019237,6,44,0
33,4,6,0.7024240107876244,9,49,0
0,0,13,0.7442708128223623,0,31,0
29,0,19,0.7608725339005525,6,125,0
8,3,18,0.4210468322125469,2,132,0
10,2,13,0.7317767998244864,5,72,0
31,6,8,0.6559744195708047,3,115,0
30,2,4,0.4902191441292648,7,48,0
49,3,5,0.23178371873861428,10,101,0
48,6,6,0.29786564839297824,0,1,0
13,0,8,0.48460202540413183,5,99,0
48,5,19,0.6402553430098664,10,128,0
13,5,10,0.7472107258850751,4,153,0
2,2,16,0.9430364922973685,2,127,0
4,0,11,0.41970712659949955,1,49,0
27,5,5,0.9390075533448661,10,97,0
32,6,14,0.7174375017746007,10,60,0
16,1,6,0.5361061055748519,8,159,0
48,6,18,0.3752601590561739,10,108,0
67,3,11,0.4262094502452219,2,3,0
36,6,5,0.2132855177813396,7,59,0
28,1,21,0.44251690796535564,9,59,0
44,5,8,0.5632941920103122,4,94,0
41,0,5,0.0,0,80,0
38,4,6,0.07131521983636258,9,60,0
22,7,17,0.4046294945050376,13,94,0
53,4,8,0.45258550734148845,7,182,0
45,6,12,0.8998651705296947,7,111,0
27,6,17,0.9403370266769243,3,113,0
29,0,7,0.5151365823663321,9,47,0
67,2,8,0.8459776992917765,3,52,0
35,4,14,0.0218168984083959,3,22,0
24,0,6,0.4529982187160211,0,93,0
43,4,18,0.6163993543792955,6,65,0
7,4,19,0.9585225039452705,0,13,0
46,5,16,0.7230826606813299,6,96,0
25,2,17,0.0,10,76,0
41,5,6,0.964743254415936,2,11,0
39,4,19,0.9076037564219427,5,155,0
66,0,18,0.6616621116794876,3,128,0
42,3,20,0.9424780314384188,10,171,0
46,0,21,1.0,13,165,0
35,0,13,0.10562205272178121,3,90,0
10,6,11,0.45613359890065064,6,60,0
34,0,13,0.5196591010849035,8,147,0
35,7,16,0.9894381138564661,11,147,0
28,6,9,0.37856732051434294,6,164,0
8,7,16,0.39781282503304055,0,28,0
23,5,23,0.29874821278979435,6,58,0
40,0,22,0.8630756649110973,5,109,0
6,0,13,0.7870796949072578,3,73,0
15,0,20,0.33854943629636297,15,135,0
49,6,18,0.055270915790688296,7,3,0
19,1,22,0.7145002173905375,15,153,0
39,1,5,0.7386870716576927,1,129,0
13,1,7,0.6230235244007248,13,55,0
37,1,6,0.281613152336104,9,146,0
13,2,13,0.46210514008505577,13,56,0
30,7,17,0.556008205570073,10,25,0
15,3,14,0.3326046158855013,12,18,0
37,5,20,0.9286165661617674,10,70,0
38,0,9,0.9368571508375143,4,96,0
16,5,23,0.63745604767569,16,61,0
19,6,20,1.0,10,161,0
23,0,12,0.5553873555718283,13,111,0
41,0,22,0.8214299383174308,9,37,0
23,0,5,0.4276337233365571,8,125,0
20,4,13,0.8196154300108455,0,46,0
19,3,19,0.08653460670800582,7,9,0
18,7,23,0.19840314085632532,14,166,1
48,3,21,0.7786105566460849,7,139,0
28,0,23,0.2597700585346374,14,126,0
37,2,6,0.6316192653873303,12,62,0
58,4,10,0.8771244581639706,11,139,0
37,5,19,0.6762861031175996,11,154,0
44,7,14,0.3588624707881768,5,90,0
46,7,15,0.5814383811396311,15,154,0
61,1,5,0.7747243335683546,2,147,0
10,6,10,0.9205690751539206,6,148,0
15,2,17,0.49474763416191153,8,83,0
15,3,5,0.6674551687916009,12,3,0
57,0,20,0.11193165996880217,13,102,0
23,3,2,0.7977499667935217,10,44,0
37,3,5,1.0,10,145,0
17,3,21,0.5139978912011027,10,25,0
28,4,20,0.9790179717150265,11,179,0
39,0,17,0.9090171164260956,10,164,0
53,5,8,0.7502911072286288,0,73,0
43,1,2,0.05113603334202663,7,141,0
46,5,20,0.6455414780751091,7,140,0
20,0,23,0.5846512061999016,0,80,0
29,5,6,0.8913464789091141,8,101,0
26,6,16,0.0256753066866188,1,14,0
65,0,7,0.37970908940053155,9,43,0
65,5,11,0.8753204977886034,6,146,0
55,4,18,0.5334391385119895,6,14,0
38,6,6,0.9199754461774199,2,28,0
12,7,10,0.5105486332042517,12,94,0
21,7,12,0.6708540005842388,11,40,0
61,0,20,0.3994309295038922,7,151,0
12,3,19,0.8773686956998046,12,57,0
24,3,15,0.23674446390486434,0,94,0
8,5,5,0.3297820876904355,8,94,0
61,4,13,0.2840128886888259,13,88,0
51,0,18,0.39179766517491854,5,148,0
20,3,8,0.39403017002624047,0,67,0
14,2,22,0.1547458959440019,14,144,0
47,3,10,1.0,11,154,0
27,3,9,0.5115327567676515,5,132,0
7,1,19,0.9787739018380258,3,16,0
15,0,18,0.7331570624666384,5,83,0
25,7,7,0.9834121465686358,2,115,0
33,4,23,0.6596864529497265,4,110,0
60,1,14,0.59894699667663,4,135,0
47,3,7,0.5624636200363814,0,141,0
33,6,13,0.7977691556014761,4,107,0
7,1,13,0.5072338404594215,1,62,0
51,7,13,0.9116571809103008,12,126,0
6,7,15,0.9285516607214592,6,62,0
40,0,7,0.6858169229835092,3,123,0
36,2,16,0.23250101025441522,2,154,0
37,4,11,0.29555381835687866,0,32,0
42,0,9,0.7195413794033485,6,87,0
54,0,3,0.9347554422522625,0,162,0
39,3,6,0.945238388850097,7,138,0
19,2,23,0.40524692859673317,12,89,0
14,1,16,0.9753616335034354,14,47,0
0,3,7,0.7232688637086068,0,67,0
25,1,12,0.25246549747525404,7,52,0
20,6,16,0.6408513687085599,2,127,0
46,4,23,0.8991783118652508,11,37,0
36,1,18,0.26556566327671305,0,38,0
18,4,22,1.0,2,133,0
50,5,9,0.7103850164080056,12,33,0
16,5,16,0.47199216857279874,13,45,0
5,0,15,0.1360974180446744,3,11,0
14,4,9,0.4315446061624822,14,57,0
6,3,23,0.5962671047769932,6,124,0
8,5,17,0.24648830403767027,8,123,0
25,4,17,0.9697975589928691,0,156,0
18,4,16,0.6725760417550769,3,60,0
51,4,8,0.4737996278814287,4,132,0
57,0,15,0.8960742269966027,2,125,0
3,7,6,0.0356584507390519,3,49,1
4,2,16,0.19603228428946545,4,133,0
14,7,15,0.2826462699076878,14,31,1
10,0,6,0.5749274717810365,10,18,0
32,7,5,1.0,0,142,0
14,0,18,0.08205972983874528,9,11,0
59,2,15,0.9396350413841386,9,139,0
15,2,20,0.7907815633983175,4,137,0
53,7,7,0.313304122494642,3,24,0
50,2,19,0.38283724144597614,8,140,0
56,0,18,0.7461845778171436,17,163,0
21,4,22,0.7222222176947272,9,100,0
35,0,9,0.9813388533999152,8,89,0
21,1,16,0.6854027735335598,0,72,0
6,0,10,0.4744413394498481,0,35,0
15,0,18,0.8303840555735139,0,86,0
9,5,11,0.7638162876933692,0,71,0
32,4,20,0.8593970031114322,11,185,0
21,4,23,0.7853152254224847,1,139,0
52,7,8,1.0,9,137,0
18,0,23,0.4962939029667678,13,73,0
43,3,18,0.1381820164302072,4,161,0
53,7,12,0.752091509995262,12,110,0
50,0,18,0.6002240197725717,8,52,0
9,0,18,0.5364421761550084,4,137,0
18,0,9,0.0,1,79,0
14,3,11,0.09134011455154993,9,88,0
26,5,15,0.721890512976592,6,167,0
55,5,23,0.944166374541709,9,177,0
32,0,15,0.6035878410624895,9,154,0
58,6,11,0.8274336451461717,10,158,0
58,1,10,1.0,13,3,0
3,0,15,0.7097097478612729,3,75,0
26,1,23,0.7085114814674243,9,77,0
26,2,5,0.5809348011981125,11,65,0
27,4,18,1.0,7,121,0
17,2,6,0.4758551382523918,5,104,0
33,1,7,0.7989318155988514,1,47,0
29,0,22,0.6215278906041457,10,96,0
39,6,7,0.827653652244315,5,109,0
59,0,7,0.13365083021884955,5,70,0
33,1,13,0.31951159482544017,0,145,0
22,4,7,0.7473282059524714,13,100,0
24,2,8,0.49703022113868217,0,80,0
17,5,13,1.0,7,165,0
20,3,16,0.3568036995958154,8,125,0
9,0,16,0.390456916841556,3,114,0
2,3,15,0.023231474846860847,2,10,0
9,0,21,0.7845442264599838,0,89,0
19,3,20,0.8368697140376007,12,35,0
24,6,10,0.4900399693250066,1,159,0
18,3,17,0.9414133494216613,8,118,0
40,4,3,0.6862142040706005,8,33,0
31,5,9,0.7481642941065918,14,27,0
30,5,5,0.31772790660583794,0,105,0
12,3,21,0.39669831550040613,12,1,0
64,0,7,0.684214589557421,5,71,0
13,4,16,0.4642612635004669,11,41,0
53,0,23,1.0,15,168,0
47,5,17,0.630322479399677,7,156,0
59,0,23,0.18639015673425594,9,103,0
52,1,8,0.7761288562776774,5,39,0
56,1,9,0.6614337743773662,8,162,0
57,1,20,0.5416826236916448,0,145,0
5,6,22,0.021614431305769927,5,37,0
21,3,23,0.2513348972436097,17,4,0
13,2,23,0.12753691592360789,11,66,0
12,0,6,0.768758299818904,12,174,0
49,5,6,0.7366496644236095,0,162,0
27,0,23,0.24526696201830356,10,135,0
34,5,7,0.18551525542186406,16,31,0
1,3,12,0.5768700284392455,1,101,0
16,1,22,0.35135196423868575,13,143,0
39,0,3,0.7049915157855441,2,126,0
20,5,23,0.574091476855733,3,101,0
35,6,15,0.08877959634911149,2,32,0
53,1,12,0.2069951691386693,3,155,0
24,0,14,0.7609680582028323,3,60,0
45,0,8,0.5700954068274402,2,35,0
33,3,23,0.7477704215344316,8,117,0
31,1,6,0.3730120864020848,6,145,0
38,4,3,0.21655920887132601,6,148,0
30,1,16,0.5358060890782907,11,38,0
67,0,5,0.7907690460031772,0,140,0
61,1,15,0.676212401630479,6,154,0
23,4,19,0.7497265433054486,0,132,0
42,6,4,0.06241033075760152,6,74,0
26,0,5,1.0,0,12,0
34,1,14,1.0,7,49,0
36,6,7,0.24029087530312038,14,46,0
12,3,19,0.7204466380054217,7,41,0
15,0,19,0.2203275095985893,11,141,0
47,0,18,1.0,13,149,0
2,6,6,0.22420098923794632,2,53,0
35,2,8,0.8190912397960662,1,54,0
9,6,6,0.7276386984378735,6,34,0
45,6,10,0.8158797457479826,5,104,0
14,1,14,0.5983020126160505,14,76,0
3,5,12,0.5304962367689955,2,62,0
6,2,2,0.38099869971808475,5,96,0
11,3,10,0.11363266316422037,10,83,0
8,1,8,0.511128490938439,6,24,0
8,2,11,0.6996152938865159,7,88,0
23,6,17,0.9666286513044736,4,121,0
9,1,11,0.696343104615889,3,43,0
37,1,7,0.6148477731367514,0,129,0
5,7,15,0.9136197149951326,3,34,0
38,2,11,0.897344722363585,0,59,0
47,0,17,0.8309896451157336,3,116,0
44,2,20,0.9170832698599776,6,34,0
31,7,12,1.0,3,110,0
26,4,14,0.8038059896980033,1,85,0
40,6,5,0.3737560781124961,1,161,0
8,3,10,0.0,5,80,0
37,4,7,0.9210226569231865,3,37,0
27,2,3,0.7269392067793817,10,37,0
5,1,16,0.8297226044049775,5,132,0
14,3,4,0.3410120501913174,4,169,0
56,6,14,0.044420352976558386,14,86,0
14,2,5,0.1308568181297932,10,81,0
27,4,23,0.7245544385952135,10,79,0
35,5,4,1.0,2,48,0
58,1,13,0.5410294510364956,8,126,0
55,5,5,0.23282396314501802,3,165,0
38,0,22,0.9130052729191618,15,180,0
13,3,8,0.2872498482581659,13,74,0
10,7,11,0.7420145005106912,8,53,0
10,0,23,0.018170200944043757,10,11,0
42,0,4,0.7832573787827578,0,145,0
44,0,9,0.6172081299950261,0,144,0
32,0,13,0.1973896502747075,0,154,0
14,4,22,0.754960494307205,14,40,0
13,0,9,0.8553190408254415,10,14,0
26,3,21,0.6742875401317687,13,95,0
37,0,5,0.49292626323672684,13,63,0
32,1,23,0.8685287473768071,1,121,0
9,7,20,0.1022678124742981,6,64,0
13,0,23,0.6297750012237492,10,159,0
30,0,12,0.0,12,110,0
31,7,15,0.60862618280856,10,48,0
11,4,16,0.06769795978063403,5,10,0
13,0,11,0.3885294136035319,0,33,0
48,0,10,0.5859157990239424,5,79,0
38,5,21,0.5706370024879843,3,136,0
34,3,4,0.09291846484142774,12,42,0
3,7,16,0.49116260224652825,0,45,0
10,2,7,0.5671414161591479,10,157,0
43,5,7,1.0,0,166,0
38,4,5,0.5369849090026978,8,47,0
50,4,6,0.0,10,148,0
50,6,6,0.11479585032955211,6,71,0
15,7,10,0.8709718288622259,12,173,0
27,1,18,0.9989614385209885,6,165,0
46,2,9,0.6311943115358527,0,122,0
29,7,23,0.33110155363069893,12,175,0
7,2,19,0.844775439890379,0,77,0
38,3,19,0.6093346368341979,7,133,0
12,3,11,0.5435855329090625,12,81,0
10,1,21,0.6664584139138224,10,150,0
24,3,22,0.08074929308721449,14,86,0
18,7,13,0.6085321129426413,7,179,0
47,4,5,0.8188006100440121,0,68,0
58,3,13,0.913857906392187,1,13,0
44,3,8,0.46687897033269454,6,154,0
31,0,10,0.23653563154921614,0,8,0
14,5,17,0.38663891171247317,0,25,0
56,3,22,0.8618180541007224,15,154,0
24,1,21,0.3207813588391437,9,70,0
17,0,10,0.4450040943775554,0,64,0
9,7,10,0.7451715583475739,9,174,0
47,5,13,0.1167250913980714,13,43,0
70,4,12,0.5896583807335105,8,132,0
27,2,3,0.3777339193811551,4,94,0
36,3,4,0.5885927866528478,11,46,0
14,5,22,0.6930820108427209,3,52,0
10,2,23,0.379828044870934,10,59,0
9,1,15,0.08803648972883492,9,1,0
13,3,17,0.7551217405097576,0,72,0
30,1,18,0.3962472952863543,6,118,0
52,2,4,0.1499354199097079,1,67,0
35,1,22,0.8501193945890078,2,115,0
6,6,16,0.9054076512102966,6,156,0
5,0,21,0.48565176745345623,2,116,0
56,1,12,0.6202220386379673,11,145,0
8,6,21,0.591600548856206,6,140,0
28,3,21,1.0,7,145,0
21,6,15,0.5491006637320303,4,72,0
23,3,8,0.20799685708246435,4,100,0
22,0,3,0.39530691102618865,8,168,0
7,2,17,0.47716009818628297,4,134,0
56,6,23,1.0,8,176,0
27,0,20,0.6365908913076955,6,124,0
34,4,10,0.398440500793682,0,27,0
30,1,5,0.8541238494210117,3,57,0
28,5,5,0.9863866345105244,13,60,0
38,7,3,0.3135408160088802,0,22,0
14,4,9,0.6254613639762288,7,91,0
26,3,18,0.9478768723774225,1,173,0
38,0,19,0.6783447442951169,7,98,0
30,5,5,1.0,7,44,0
25,7,9,0.5864461154392037,7,42,0
29,0,3,0.8559842581230491,4,127,0
30,2,8,0.4085080807091314,2,77,0
36,2,4,0.6946669091575637,10,49,0
19,0,16,0.8857738092784411,15,49,0
45,7,8,0.8579553087100144,7,110,0
14,0,14,0.6503471358652311,11,22,0
21,2,10,0.22154795986757383,0,98,0
8,3,20,0.5323063440125704,7,101,0
16,7,8,0.9435984596393412,7,33,0
53,1,6,0.5281208877204142,5,24,0
51,0,15,0.7411061327559221,15,56,0
39,7,11,0.8260276349664909,1,110,0
41,5,3,1.0,0,165,0
23,1,18,0.945032371172325,11,21,0
65,5,16,0.6870821781870392,4,90,0
43,7,5,0.5784515692355198,7,71,0
43,2,9,0.6060735281497442,15,142,0
28,0,17,0.5971157596563965,13,120,0
9,4,11,0.8585166481907602,6,43,0
23,4,19,0.873413011838996,2,165,0
64,6,14,0.0738646949393989,13,106,0
19,1,10,0.1773717473503053,2,102,0
51,3,10,0.6326818652788365,7,63,0
26,7,1,1.0,6,124,0
30,4,7,0.4907767533889629,6,82,0
64,4,22,0.7198445349646015,17,151,0
20,1,4,0.7636816469170956,0,26,0
29,0,9,0.01331812160888976,0,76,0
60,6,16,0.21037558033292064,12,78,0
35,4,17,0.858037738706747,10,156,0
3,3,8,0.5791592456538099,0,74,0
32,7,22,0.30415739355374477,0,84,0
35,7,6,0.8523909001612988,3,33,0
22,0,23,0.787789232496363,6,78,0
56,0,15,0.141133487601525,12,71,0
41,0,9,0.4738692937547798,7,155,0
58,7,6,0.20432318233605995,2,159,0
39,6,7,0.8849805664219754,4,36,0
40,0,7,0.7352168292659567,8,72,0
57,1,6,0.49894803398951676,6,183,0
2,0,13,0.5950672245616435,0,43,0
56,0,9,0.7861847679496725,5,128,0
34,1,22,0.998615033265893,2,129,0
51,5,6,0.19870424533436615,0,148,0
42,6,20,0.08513087518095502,0,64,0
54,2,6,0.3667909491246504,7,57,0
51,5,5,0.4550689510917238,1,169,0
28,3,15,0.918020373216821,16,40,0
45,0,15,0.4967525584580069,7,156,0
16,0,21,0.845668477070186,0,81,0
21,2,11,0.47245048292368547,4,73,0
17,0,14,0.6282967729046693,16,92,0
64,0,10,0.5452422712381173,4,20,0
62,0,14,0.2369310046045522,11,61,0
39,3,23,0.959872422439281,1,108,0
19,0,21,0.8391275957638682,16,19,0
35,6,15,0.15079972446608825,9,142,0
0,4,7,0.5555797898431274,0,91,0
38,4,23,0.6396912702924211,8,88,0
30,4,7,0.5319110855043767,11,45,0
38,7,14,0.623512444331512,9,30,0
62,2,10,0.4705190502984656,4,179,0
38,3,6,0.12547785128851924,4,154,0
62,1,10,0.8999521221128035,10,129,0
0,0,17,0.8797188768309597,0,69,0
9,1,14,0.8503642930415157,1,17,0
13,2,20,0.8508072361442478,11,153,0
2,4,11,0.5430737358752757,0,94,0
21,1,20,0.9537046960947659,8,179,0
4,3,18,0.9289217569282141,4,152,0
43,1,19,1.0,7,42,0
8,5,21,0.4392140680691724,3,132,0
13,3,14,0.4039122102981125,13,38,0
26,0,14,0.7239484247788796,14,91,0
47,0,17,1.0,9,183,0
26,3,10,0.11028470507027718,0,54,0
13,2,6,1.0,13,116,0
57,1,22,0.538265670365637,7,71,0
45,1,7,0.6793660968981913,9,115,0
44,2,14,0.41321290538531286,6,179,0
47,5,12,1.0,12,122,0
11,7,10,0.8468508056600771,4,154,0
13,1,13,0.905703125158226,4,95,0
17,1,3,0.4643834127238265,5,166,0
9,2,18,0.9420473145374729,2,22,0
46,3,3,0.09291603653633654,2,130,0
51,0,4,0.020180206196696998,0,64,0
0,3,10,0.7632189225377936,0,82,0
22,3,19,0.38684336610879194,12,18,0
49,6,17,0.8009050525936819,10,136,0
9,5,4,0.8415107992855084,5,21,0
13,0,19,0.8693660468512412,9,33,0
6,7,23,0.26542110453523377,6,63,0
13,0,8,0.4234164753349263,13,144,0
54,0,11,0.6201168918588917,4,177,0
23,2,7,0.5168752641122594,13,51,0
38,3,21,0.9564331839631647,0,120,0
35,2,19,0.9391336136475401,5,128,0
49,3,17,0.7491217984486359,3,92,0
27,5,8,0.3659722336381323,0,47,0
0,5,9,0.805327300780623,0,86,0
46,7,13,0.5579902900085356,6,15,0
38,7,8,1.0,3,153,0
45,3,20,0.08932138666240913,0,85,0
20,0,7,0.8219270304314149,1,9,0
30,6,19,0.11033389013464494,0,94,0
15,4,14,0.7814862951611101,4,71,0
7,7,17,0.06918694302491565,7,159,1
12,6,10,0.32882917150903734,6,90,0
27,2,16,0.7658710778475608,10,28,0
12,0,3,0.996531885225191,9,120,0
29,0,6,0.8682827058612645,2,24,0
65,1,20,0.44458534360910223,8,115,0
19,1,22,0.5262283763018326,10,75,0
21,0,22,0.8242058293848549,2,82,0
41,0,11,1.0,3,90,0
17,0,19,0.16065863663273652,12,138,0
5,7,17,0.017245810423692692,5,164,1
61,0,17,0.7265468324611013,6,115,0
14,0,13,0.7512204022054615,3,9,0
61,6,11,0.5245980042385673,16,38,0
11,2,10,0.2343383023263777,1,134,0
56,0,3,0.23447299868593385,0,62,0
5,0,18,1.0,5,1,0
9,5,8,0.6015016123171923,6,47,0
6,6,4,0.008212326063135614,3,78,0
45,2,7,0.35646736542589486,10,136,0
13,0,13,0.16933286112801374,5,23,0
17,1,12,0.41030939671349764,11,67,0
42,0,14,0.5709029416742197,10,123,0
10,2,22,0.8496303218009247,0,15,0
38,2,5,0.9118013358632073,1,58,0
30,0,14,0.10560399957720548,4,144,0
31,4,20,0.3199552819047956,2,144,0
37,6,2,0.14792072960703018,0,96,0
29,7,6,0.24166542841733737,0,33,0
61,1,21,0.8699129363944209,14,167,0
54,0,17,0.703752804577773,4,119,0
25,0,20,0.8762413158534729,12,36,0
14,6,8,0.6154437617523255,14,104,0
34,7,4,0.19445130047284487,13,40,0
13,7,8,0.5195799537010811,7,70,0
13,7,13,0.6851223085027595,4,60,0
15,3,16,0.17872221139964853,5,4,0
8,7,7,0.20072977510126763,8,85,1
34,0,23,0.8587553258212873,0,124,0
22,2,23,1.0,6,142,0
30,1,20,0.4438798894001576,4,54,0
14,4,17,0.41985069956430754,14,122,0
40,5,5,0.9788271881764364,6,162,0
36,3,6,0.6255976590876705,8,45,0
5,1,19,0.2916966611961165,5,130,0
44,7,7,0.41670432365769383,13,43,0
35,3,3,0.9748256775756963,1,3,0
0,4,10,0.5545732773946388,0,70,0
28,1,15,0.7363568828515816,14,110,0
25,3,16,0.9313455915770771,4,149,0
37,6,3,1.0,2,43,0
27,4,10,0.24001860858828047,2,60,0
32,4,20,0.4105516659107868,5,109,0
59,3,6,0.45929252045262503,6,58,0
19,3,8,0.3647490643974934,2,94,0
51,7,11,1.0,8,145,0
16,5,9,0.7214683561759603,13,126,0
37,0,23,0.5096695471252207,6,97,0
62,0,7,0.6099571488305039,7,34,0
58,0,4,0.22690816994292748,6,69,0
21,7,13,0.5931953003279322,11,28,0
42,6,7,0.3483949551250721,8,109,0
44,2,1,0.5239660235868029,7,178,0
32,3,6,0.9889191583895022,5,21,0
57,1,5,0.8028941911409658,16,2,0
25,1,22,0.7645997016570545,6,114,0
61,3,9,0.6000616265419184,12,37,0
47,7,18,1.0,11,134,0
23,5,17,0.5073016764089133,11,17,0
20,4,13,0.8806349750454566,8,56,0
35,0,20,0.20436891637516727,11,98,0
5,3,17,0.8756726011896643,5,143,0
56,7,9,0.8840964646473239,13,109,0
20,0,6,0.9866186983977497,2,3,0
2,7,7,0.7997207163611633,1,26,0
6,2,15,0.7359018460082005,3,126,0
11,5,6,0.5999681283867397,11,74,0
12,7,5,0.7575959967376704,12,46,0
10,0,10,1.0,5,26,0
19,1,22,0.9313146622709844,1,1,0
8,7,4,0.8051790144059502,7,41,0
17,6,19,0.8742698355340432,9,147,0
63,4,14,0.4470864751187954,5,1,0
14,7,12,0.6294578370547512,6,39,0
18,0,21,0.2916896498035983,18,138,0
12,1,16,0.8146974516786912,11,56,0
32,3,8,0.9200751182489114,4,178,0
41,2,0,0.1533492281734112,7,146,0
5,6,21,0.0941538981600967,5,65,0
33,3,13,0.41225605080147326,4,168,0
9,0,4,0.5106642898926743,8,167,0
59,4,23,0.9059648955551337,7,168,0
61,0,6,0.6012174869717942,7,47,0
34,3,20,0.3964528313615079,6,104,0
44,2,21,0.7476115426792636,0,138,0
11,0,9,0.49776987196502764,11,174,0
5,0,5,0.6017976814436901,5,3,0
33,2,15,0.0894734048945952,4,160,0
43,2,10,0.8137500334471756,15,115,0
62,0,15,0.08340858383554026,10,71,0
17,7,12,0.4667732764011011,1,121,0
39,3,20,1.0,9,163,0
61,2,6,0.50910722059893,6,57,0
69,0,16,0.3618244934883133,15,79,0
46,3,5,0.45360000739623973,1,27,0
57,2,4,0.8417731327578803,0,73,0
51,3,12,0.7195346894618396,5,69,0
1,6,20,0.3249690516565158,1,20,0
5,0,12,0.12891320137274725,3,140,0
38,1,11,1.0,7,89,0
5,5,8,0.5454044002169813,5,78,0
50,2,6,0.9230418056265683,2,66,0
53,0,6,0.21938422032812255,4,75,0
31,4,8,0.22491726169782317,6,176,0
19,2,7,0.9974085228238055,11,96,0
16,4,19,0.7200481657098093,11,148,0
1,0,21,0.6181556987781057,0,109,0
12,0,19,0.798168174691112,0,82,0
30,5,17,0.9069143426031355,4,121,0
48,5,3,0.9219797922600911,5,70,0
37,2,7,0.2435857879026782,9,144,0
16,2,14,1.0,16,26,0
40,0,23,0.9185343678438517,10,177,0
54,0,9,0.6117304358239757,4,30,0
63,4,15,0.1852380582317509,5,157,0
55,7,13,0.8945975405249763,0,1,0
20,7,23,0.35408735441322337,12,170,0
18,2,12,0.7733642259406339,8,15,0
26,5,15,0.8437717583853749,6,176,0
33,4,12,0.23936070972929144,6,164,0
9,1,16,0.47908968263614427,5,82,0
52,0,14,0.38172609662792184,4,154,0
36,1,23,0.18634795998289622,10,91,0
28,4,19,0.4778029459202735,11,14,0
8,0,7,0.41147803478619593,8,173,0
24,4,11,0.9238461068244158,8,113,0
49,7,13,1.0,10,127,0
38,6,22,0.399350460162782,1,85,0
47,4,3,0.2611682155865208,8,162,0
13,1,15,1.0,6,194,0
27,0,6,0.9739953723022857,1,24,0
7,0,9,0.5149149662404142,5,12,0
43,3,3,0.2203429177061439,0,99,0
4,2,13,0.5895125643557919,0,96,0
11,2,17,0.7515264371750268,6,144,0
25,4,16,0.41746776255985707,16,21,0
8,3,15,0.7764106544379543,8,186,0
52,0,21,0.314577283453112,13,100,0
15,4,14,0.26437421296604513,10,90,0
45,4,7,0.15942333226026695,10,38,0
53,3,15,0.32115196982748023,14,56,0
23,2,11,0.41065384072435474,0,147,0
12,3,6,0.25411755423535104,9,148,0
35,5,13,0.22056094218862515,2,30,0
43,3,20,0.7911610863282788,4,133,0
27,0,18,0.5885472986217123,14,106,0
33,7,5,1.0,3,133,0
48,6,12,0.7811369080611656,13,148,0
25,5,20,0.572952263398423,6,76,0
41,5,11,0.4903789155301988,10,123,0
26,6,7,0.0,5,171,0
35,5,23,0.9861746971282104,12,187,0
21,4,18,0.688594496389129,0,144,0
53,0,10,1.0,17,40,0
32,3,23,0.5396419247260267,7,77,0
17,5,18,0.611212637791044,13,32,0
12,0,18,0.9221600319776025,3,21,0
33,2,16,0.5312840154391161,9,199,0
21,0,9,0.5211439799701619,6,135,0
28,6,9,0.653497432781805,8,36,0
16,1,12,0.46522569878779774,16,72,0
4,2,20,0.27360474850898653,4,150,0
30,3,6,0.10690979168299752,13,36,0
8,0,19,0.6442232851498334,0,141,0
52,4,8,0.40762110732994616,5,170,0
55,0,7,0.7752213981554477,12,1,0
58,4,4,0.20289855570386683,9,117,0
32,1,6,0.03921622018892537,2,82,0
2,5,13,0.606302226156729,2,35,0
17,0,7,0.24826056883784595,4,94,0
54,2,21,0.2337207085155451,14,75,0
19,0,9,0.9426833001540451,0,11,0
41,5,16,0.8281861829947333,13,132,0
35,0,16,0.2225286281533574,10,100,0
13,4,10,0.5810995856175595,7,154,0
47,4,4,1.0,13,79,0
27,3,7,0.9354543971357682,5,159,0
55,1,10,0.9364882502225784,12,16,0
51,1,20,0.6831898156310323,3,118,0
33,1,7,0.6868118106136055,6,54,0
38,2,22,0.9665032032515924,11,197,0
22,3,20,0.4294237158978631,10,110,0
44,4,2,0.1521977662790102,6,132,0
58,0,17,0.6372074959644384,12,156,0
29,0,18,0.6867562334993655,3,185,0
49,4,15,1.0,5,1,0
6,0,14,0.987605216638334,6,137,0
17,5,23,0.6583943420958478,3,86,0
47,6,4,0.5468094360751293,12,115,0
44,3,4,0.7537481355911656,6,41,0
50,7,6,0.29122402501011646,3,154,0
29,0,5,0.30375171429407455,4,85,0
33,4,6,1.0,8,146,0
21,5,2,0.18325963208012447,7,168,0
11,4,10,1.0,11,37,0
38,4,4,0.8407049102097345,9,12,0
24,0,17,0.7508056784080959,14,102,0
13,5,22,0.5020718349913902,13,113,0
40,4,6,0.8471299320853787,0,55,0
19,1,11,0.45030713785476634,12,79,0
26,0,20,0.28118535633143005,6,125,0
30,7,7,0.5041226024164133,9,91,0
35,6,9,1.0,5,50,0
7,7,11,0.1599263769885388,3,61,0
45,0,9,0.6694838535653945,0,154,0
24,3,13,0.7915957239987538,2,37,0
30,6,6,0.24179651563466792,8,186,0
4,4,19,0.08737150102875033,4,66,0
11,2,9,0.4059912599321036,11,74,0
40,5,15,0.2512569381596099,3,146,0
48,0,18,0.5894525447844143,4,45,0
56,1,7,0.8577872886457056,0,40,0
38,4,17,0.993825591651818,7,47,0
16,6,6,0.5271332775576344,16,132,0
37,1,20,0.4381274007784145,15,89,0
53,7,12,1.0,8,160,0
21,3,21,0.26855135968180277,7,76,0
46,1,9,0.9343355999494307,9,153,0
19,3,21,0.4689743249822957,11,105,0
0,0,14,0.5288214876407454,0,32,0
38,3,9,1.0,3,51,0
32,3,10,0.14354132870103775,1,72,0
54,3,18,0.6715974380981499,2,125,0
19,0,20,0.7824170827392248,2,80,0
3,6,18,0.4828499765676511,0,40,0
45,3,18,0.8695485232210733,10,81,0
39,6,7,0.8582103770684022,2,7,0
54,0,19,1.0,15,162,0
55,3,18,0.7605954949834055,2,143,0
22,0,23,0.02807690813875198,8,21,0
13,6,9,0.038020339474296894,8,106,0
33,0,21,0.23054509803505238,10,85,0
31,0,16,0.18780157084002783,2,134,0
22,4,10,0.7337900072502721,12,107,0
21,1,19,0.41980734957657284,0,183,0
10,1,6,0.18648791114598914,7,72,0
49,3,21,0.49052030127700275,8,89,0
53,1,23,0.3590217456616257,9,67,0
12,0,19,0.7664750371775166,0,70,0
33,7,5,0.09601206150754774,13,44,0
9,0,3,0.6292570687819643,9,16,0
10,5,6,0.7329979565390548,8,60,0
7,7,14,0.5107625945349226,1,37,0
12,1,5,0.567113969764717,7,20,0
15,7,8,0.7717082992037074,13,105,0
20,0,21,0.9768372927821587,0,72,0
43,1,7,0.5582961032888236,11,190,0
50,0,12,0.05013684551305976,16,77,0
2,7,12,0.6902504694083043,2,16,0
27,6,7,0.18666074800933072,0,21,0
52,2,14,0.916299701344651,1,24,0
15,3,21,0.6453577245378954,7,116,0
31,6,20,0.25311483237185695,11,164,0
42,6,4,0.9610262542331103,3,139,0
4,0,13,0.743194262486067,4,82,0
26,3,23,0.9370685446449983,4,139,0
20,6,5,0.999154784302414,13,62,0
28,4,18,0.6170754506153328,2,66,0
36,0,8,0.6988711862999721,0,158,0
44,5,11,0.6574578151733774,2,64,0
42,7,22,0.19477561670308835,0,87,0
26,0,23,0.7915871312677486,14,40,0
27,7,13,0.5329913743191762,4,118,0
33,5,10,0.42688710175783007,10,53,0
6,0,15,0.7561989479011453,5,66,0
4,0,12,1.0,2,135,0
68,0,1,0.6715363145766253,0,154,0
15,5,21,0.4880015120100651,15,79,0
32,6,10,0.2849798050270686,0,36,0
2,0,23,0.5990663627440369,2,109,0
10,2,18,0.9273064524565763,5,162,0
41,5,8,0.08698025002831197,0,156,0
17,0,3,0.5115055184668428,4,112,0
50,2,17,0.8074671435962427,1,156,0
40,5,7,0.43044784586555174,9,42,0
67,0,8,0.3799178153538209,10,54,0
25,7,19,0.3769700944628861,8,156,0
10,7,13,0.6511867398617082,10,35,0
30,2,3,0.7016275709743804,11,51,0
36,7,8,0.9564988785488958,10,156,0
30,2,2,0.6886796740723705,9,39,0
36,6,20,0.4145299492174365,5,98,0
19,2,20,0.644230015722097,0,16,0
48,4,12,0.8853452631210625,9,142,0
17,3,15,0.27475108117212155,8,109,0
31,7,3,1.0,0,163,0
27,0,20,0.4082227447529424,8,76,0
51,5,8,0.5129419329609071,0,146,0
32,7,7,0.9561658356106154,3,96,0
4,5,5,0.3353983461386344,4,69,0
49,0,6,0.39626789621600483,3,52,0
8,6,16,0.6934367740536924,8,71,0
61,0,14,0.0,11,56,0
41,3,5,0.020198223813447436,10,118,0
29,0,18,0.3598865963778453,0,144,0
55,3,13,0.8204196620711207,3,137,0
14,7,20,0.34804468455422977,14,22,1
32,3,5,0.980100639855781,3,14,0
23,2,7,0.7322151649577642,4,131,0
50,1,1,0.17605860631675618,0,88,0
9,5,21,0.8304364741093947,9,60,0
37,3,23,0.7118133931219431,9,109,0
35,7,7,0.6406908746267616,7,90,0
27,6,13,0.8247114991584767,6,177,0
24,0,3,1.0,2,20,0
28,1,6,0.1537848085871886,0,109,0
28,1,6,0.4892953489750642,8,48,0
39,5,3,0.749667144076009,9,73,0
13,3,16,0.9842554835483434,1,170,0
27,4,9,0.197633706222823,1,119,0
8,1,9,0.5426484408104036,7,160,0
23,4,21,1.0,3,179,0
12,7,3,0.3409301509599548,10,80,0
54,3,8,0.35708483077448117,13,49,0
41,6,6,0.7637615948763794,3,49,0
31,2,17,1.0,9,38,0
27,1,5,1.0,0,23,0
29,1,19,0.2764183939024827,13,93,0
17,6,17,0.5389837493224364,2,124,0
43,3,14,0.23771981103623033,2,9,0
24,6,13,0.41314320155129347,1,131,0
27,4,15,0.21239843694164262,7,123,0
30,6,20,0.053777588008806665,0,92,0
13,4,22,0.4470675175662293,13,32,0
34,2,17,1.0,6,108,0
7,0,13,1.0,5,179,0
4,7,11,0.9747878228597989,4,153,0
60,3,6,0.4062043930021644,10,90,0
11,6,17,0.4111470237594016,11,113,0
21,0,22,0.7775915190067306,11,146,0
10,0,14,0.8490102996008627,1,25,0
49,4,9,0.46491678442176154,3,152,0
37,3,23,1.0,13,139,0
34,0,21,0.7206174499950018,3,175,0
34,3,2,0.003130278721234031,8,135,0
28,5,1,0.8517234276857748,11,30,0
23,2,9,0.0,1,75,0
52,0,19,0.5572851322320483,7,92,0
15,3,5,0.333030956339405,8,160,0
33,7,9,0.37753207909348485,7,92,0
42,6,3,0.5860191739854004,3,107,0
37,2,4,0.19233543220358948,2,95,0
4,2,15,0.7798260569710411,4,127,0
61,0,20,0.0,9,101,0
54,0,23,0.29372702447335486,5,86,0
14,4,6,0.5069491796742586,5,81,0
4,1,17,0.6757779622690093,4,80,0
4,0,14,0.6117582661266568,4,65,0
29,0,16,0.47250870533657063,12,42,0
9,5,7,0.6789126238751417,7,75,0
15,1,8,0.5870265888011907,14,12,0
25,7,20,0.7327389379337469,15,59,0
32,5,7,0.8767414173399558,8,68,0
33,1,22,0.6628911148819633,12,30,0
50,0,18,0.9683755235062378,4,129,0
14,7,10,0.5705878880481218,14,120,1
41,2,3,0.03447667302849419,11,140,0
17,6,8,0.8200059859989836,7,32,0
27,0,17,0.5532757430147995,2,153,0
14,4,7,0.1330482945201047,0,86,0
52,7,2,0.32477274534845363,9,70,0
55,5,22,1.0,6,164,0
50,6,23,0.8695386875102544,10,176,0
36,4,11,0.7435937905887098,5,48,0
40,4,3,0.5480824526326918,3,102,0
13,3,23,0.8201944536208614,13,60,0
12,2,3,0.6169620808563141,6,84,0
52,0,9,0.7217563440840479,15,48,0
30,3,8,0.7660583757692805,2,51,0
31,1,22,1.0,15,182,0
57,5,9,0.6290714743893278,0,60,0
18,3,20,0.4309103220645602,0,168,0
58,1,8,0.8048693698206038,12,11,0
9,2,9,0.7226475746458212,4,121,0
39,0,20,0.30751344927000335,5,154,0
23,3,17,0.6997756287836409,2,75,0
33,3,9,0.38601199416048515,5,70,0
36,0,6,1.0,0,31,0
26,2,23,0.13230673833943524,12,170,0
61,0,11,1.0,15,53,0
4,1,15,0.7072764777132572,4,130,0
39,2,7,0.09757290786355362,6,162,0
2,3,23,0.24909158144802462,0,90,0
7,7,6,0.9102502017307571,5,155,0
7,7,5,0.32647915722177645,7,90,0
8,4,4,0.7341913852307149,7,71,0
54,0,12,0.9659805629929104,5,140,0
22,2,19,0.5167400145689595,1,169,0
28,7,6,0.269744212236979,0,30,0
5,4,10,0.5050758525635028,5,82,0
7,4,10,0.6032737119014002,2,57,0
20,1,21,0.31990404366755176,14,71,0
7,1,13,0.8984790355532521,7,138,0
21,0,23,0.04196431945276452,13,162,0
55,0,2,0.12685047197701024,8,63,0
60,0,14,0.883990938215461,11,120,0
32,6,0,0.13973509626423494,13,38,0
38,6,6,0.5052809216021213,5,67,0
61,1,17,0.6178892018770201,2,133,0
7,0,18,0.23162193592390684,7,1,0
63,0,2,0.13560993766683377,6,72,0
53,1,14,0.1726790473718263,11,68,0
11,0,12,0.27024482993874854,6,158,0
36,1,20,0.9139494767089527,13,192,0
45,1,12,0.35375219304671945,7,62,0
20,1,16,0.3061090183767097,1,165,0
50,5,8,0.2815420356377577,7,194,0
15,3,16,0.8642845956814175,0,159,0
58,3,22,0.853782383322327,14,160,0
20,6,9,0.3448150326042958,5,160,0
18,0,23,0.397253193574289,18,148,0
47,7,15,0.6862115216292468,14,140,0
39,7,5,0.5544218950634748,4,94,0
51,5,17,0.6511768031588964,7,91,0
14,0,21,0.21008632074946207,3,103,0
45,6,20,0.3125302679411279,8,111,0
0,4,10,0.6138885697777289,0,81,0
43,5,22,0.3175965692122346,7,105,0
50,0,8,0.03510165787271097,4,68,0
64,6,23,0.8775832713168705,8,174,0
57,1,13,0.8833653375057481,11,129,0
7,1,15,1.0,2,124,0
53,0,21,0.2515093261484009,8,115,0
23,4,12,0.3341822952994379,1,99,0
18,5,22,0.23887241340222118,18,42,1
6,3,14,0.208517079243945,6,5,0
13,7,16,0.39313557008835875,0,133,0
4,0,18,0.47993301820926315,4,111,0
3,6,5,0.09634729410478268,3,65,0
44,3,1,0.1314935324365474,6,146,0
16,1,11,0.877833505568363,0,43,0
20,3,23,0.17062753647107817,10,84,0
13,6,7,0.4626023147239114,5,177,0
46,1,11,0.5567728789071728,6,88,0
20,5,19,0.29741110596527043,12,95,0
40,1,23,1.0,9,146,0
31,2,11,0.6140993674728976,6,128,0
3,0,2,0.7421304994774685,2,4,0
54,0,12,0.800467427051555,2,123,0
15,4,7,0.5694259615032322,11,148,0
51,0,2,0.932306064184287,1,164,0
53,0,16,0.0,13,104,0
50,3,9,0.93077709787412,0,75,0
29,6,7,0.15662922919866898,11,37,0
56,4,10,0.7962614839333264,10,108,0
27,2,10,0.5824919041230757,4,115,0
11,0,12,0.6393626199785511,8,27,0
10,2,2,1.0,9,112,0
43,3,23,1.0,17,156,0
15,2,2,0.8388054203638595,15,10,0
28,3,12,0.16276556649050805,0,32,0
14,3,23,0.48929657814291994,6,89,0
54,1,12,0.8819932311594317,5,110,0
44,2,4,0.7279469475290762,0,121,0
25,3,12,0.5216213466068989,13,113,0
4,1,19,0.4368304215773031,0,128,0
34,1,23,1.0,9,127,0
57,0,12,0.8692762590465895,14,45,0
36,0,18,0.5471343105952275,8,169,0
29,1,23,0.5378963475017159,8,187,0
50,1,7,0.7999931608056203,2,59,0
46,5,16,0.6168287604499182,4,86,0
10,5,16,0.4183417612362813,10,91,0
44,4,14,0.15335667008695902,7,159,0
26,0,3,1.0,0,28,0
47,2,18,0.8992885770476873,15,179,0
28,1,3,0.9167011048435387,4,150,0
42,5,7,0.9965793185394279,1,20,0
55,4,12,0.11906464194496812,13,49,0
18,7,18,0.31516823058320886,11,84,0
22,1,6,0.49372014617887455,6,132,0
29,3,11,0.626661550977786,10,38,0
14,5,16,0.7371112943288564,7,193,0
46,3,19,0.06060272331082739,8,154,0
7,5,21,0.06351239073255531,7,57,0
28,7,12,0.40602061769073067,2,197,0
30,1,16,0.9456752923776689,13,30,0
65,2,11,0.08082719283335199,12,85,0
21,0,19,0.34270247567853174,13,137,0
49,3,4,0.35115544099787155,6,134,0
20,7,7,0.7807230509476106,13,110,0
22,2,19,0.8335764777045918,10,50,0
38,1,23,0.41560726739583165,0,149,0
15,4,20,1.0,3,124,0
15,0,23,0.7765413403320427,11,29,0
39,4,11,0.20786804485413174,3,22,0
37,6,17,0.0,7,163,0
49,4,6,0.22660352583987642,0,132,0
16,0,20,0.7155887665621657,13,158,0
19,1,8,0.35285398869348705,9,88,0
45,6,1,0.34241531620324406,2,19,0
0,7,16,0.3483385100646089,0,36,0
14,5,7,0.14577438923043698,11,98,0
3,2,16,0.8937789565690287,1,125,0
26,4,14,0.39758493623562663,0,27,0
32,4,12,0.1609032066660149,0,26,0
22,1,22,0.44465404210023024,9,111,0
62,1,20,0.4539625845666113,4,86,0
1,0,14,0.9298982555542897,1,125,0
17,2,10,0.1839628052425378,7,84,0
46,0,9,0.3637813121204564,6,29,0
55,2,7,0.5622133235707555,5,150,0
42,0,10,0.6497840860157895,5,82,0
10,3,18,0.29557279454240376,3,132,0
5,4,18,0.4823165449798044,2,42,0
45,4,8,0.29739424167093265,8,164,0
17,1,22,0.5770364954465329,0,81,0
17,2,9,0.27842109851222885,7,154,0
16,7,7,1.0,9,23,0
40,5,3,0.36123169444449016,11,61,0
10,4,11,1.0,10,174,0
26,5,6,0.9680033204507413,2,37,0
37,5,6,0.851894294328024,7,140,0
6,2,15,0.07545773136031285,6,6,0
35,7,5,0.6086058970529564,7,81,0
46,7,5,0.9603145233241377,0,140,0
7,2,16,0.3319159454616872,6,103,0
49,1,22,0.22379699030289074,13,68,0
21,7,18,0.3339069686353389,15,172,0
11,2,20,0.07467745241340147,11,78,0
43,6,19,0.4302328611775719,10,111,0
27,5,7,0.20530788934102118,0,169,0
8,7,9,0.9172464464759493,3,57,0
13,1,7,0.13551340915263504,9,174,0
40,6,6,0.5750318276258508,2,153,0
49,3,6,0.5061279742717824,3,160,0
12,5,16,0.2974085705865245,12,108,0
15,5,7,0.9076919409739246,9,17,0
33,0,23,0.8484080555749098,1,134,0
42,2,18,0.690155638311461,6,91,0
35,0,21,0.6619490975950076,6,182,0
5,0,10,0.863011265809004,2,107,0
11,7,17,0.6643953369258935,4,176,0
35,1,23,0.39367438212503025,4,148,0
11,3,10,0.7914513586828618,11,48,0
21,2,16,0.4500106557992727,14,5,0
61,2,17,0.8114853889445603,12,181,0
4,5,16,1.0,4,165,0
47,4,5,0.1663911579740795,7,159,0
13,5,18,0.4284390054741575,11,30,0
61,0,18,0.7993625735817441,0,132,0
24,5,9,0.08562578073203145,2,72,0
26,1,19,0.9893475657101544,1,111,0
55,3,15,0.6386343338219557,4,148,0
15,4,6,0.8417653893917976,11,101,0
15,2,6,0.8959982914239223,15,11,0
11,0,16,0.9141708414048141,9,30,0
25,7,5,0.8745954496923887,15,39,0
22,4,14,0.9462064154365153,5,168,0
13,0,23,0.012908522322771898,13,66,0
16,0,7,0.8722201779640413,14,109,0
7,6,19,0.18258535225149053,5,154,0
44,7,5,0.9394822428344569,3,158,0
14,2,6,0.297759999546534,9,87,0
51,2,8,0.34492085835524,10,66,0
50,0,21,0.8941618670945775,14,186,0
49,6,19,0.6112526383275,6,84,0
3,5,6,0.16570828827623812,3,56,0
8,0,9,0.6998275529198228,8,9,0
7,1,21,0.8150569399196919,1,64,0
18,0,16,1.0,12,34,0
40,4,10,0.6418217170299965,10,46,0
43,3,21,0.8008162104453662,14,47,0
47,0,12,0.9224779092051361,5,83,0
49,2,10,0.3952097323355581,11,31,0
32,1,16,0.5293504179604989,11,39,0
25,4,17,0.9146452161201957,2,141,0
9,0,12,0.7522565318871058,2,65,0
43,0,19,0.5852673679227312,3,58,0
22,1,17,0.44741412506025824,3,179,0
31,4,7,0.5962479537645317,3,170,0
49,2,14,0.47586637953960653,5,82,0
5,0,11,0.19318687380264352,2,145,0
22,6,22,0.6880101465986419,1,151,0
60,4,15,0.6500577434070043,4,94,0
3,7,20,0.24522397832555404,3,62,0
26,0,15,0.4593157629340173,8,83,0
47,3,7,0.5696014639133571,15,136,0
47,7,9,1.0,7,100,0
25,1,18,0.7474582605320341,12,50,0
0,6,12,0.8082027378066825,0,46,0
51,6,3,0.24733612143918243,0,5,0
13,7,10,0.6006763541982422,13,113,0
42,6,3,0.7888273604700634,4,56,0
40,3,5,0.391727652220943,0,73,0
23,1,18,0.9769426292815897,9,174,0
14,3,10,0.42814133363815876,7,166,0
33,0,18,0.260673181111423,7,105,0
32,1,17,0.4467015407976007,6,94,0
12,0,10,0.5006530089009837,8,131,0
17,6,4,0.8566904050961284,10,59,0
30,1,17,0.7062638721558763,9,120,0
40,5,10,0.20437653889514476,9,46,0
40,4,2,0.3448426538717575,9,168,0
48,2,6,0.34583552204458523,14,110,0
38,3,22,0.8293672935731241,14,147,0
8,0,6,0.7254049924390764,8,15,0
14,5,17,0.4476777288648135,14,34,0
29,4,3,0.13105218440398214,12,25,0
4,7,7,1.0,4,169,0
4,3,23,0.2073890300529798,4,100,0
9,2,16,0.8979274283664327,4,28,0
35,5,6,0.8265167000561338,0,14,0
39,2,23,0.8013074724602639,9,170,0
43,4,9,0.3592183498522742,7,176,0
51,0,8,0.49912130945555877,5,63,0
26,1,10,0.5967224855900792,10,103,0
38,6,18,0.21822710123091138,1,75,0
29,3,21,0.9584323424628141,12,166,0
47,0,12,0.6545953062446248,6,158,0
20,2,16,0.7408837331282598,1,48,0
24,7,13,0.7944035108375246,9,55,0
7,7,23,0.28096091516359445,3,69,0
25,1,20,0.634124650575541,0,89,0
31,4,17,0.12775549447581208,9,123,0
58,1,19,0.16008127078188883,10,112,0
15,0,20,0.23226654664786503,15,142,0
32,3,17,0.4249995269629778,12,33,0
44,7,19,0.2728018586270289,11,103,0
5,0,17,0.5355437077289471,5,105,0
20,2,14,0.9451766903693141,2,46,0
53,2,14,0.8413982445153855,0,2,0
13,5,9,0.8419855442610675,7,163,0
56,7,15,0.257459337000432,13,99,0
18,1,9,0.9098596255846096,0,14,0
22,0,23,0.31414138271497155,11,136,0
11,1,6,0.4121654111117957,11,170,0
38,1,2,0.12677839285143117,5,132,0
13,6,8,0.6031675281410127,12,127,0
42,3,22,0.608151551557999,5,111,0
25,3,20,0.978137115938159,2,153,0
19,7,18,0.5453685472907831,11,23,0
11,4,2,0.9337327901121877,11,22,0
30,6,15,0.9727709952684025,5,113,0
25,2,22,0.13333301268945918,10,72,0
20,0,8,0.9007406178901947,3,4,0
55,0,16,0.6788545525586515,10,40,0
17,1,8,0.6046225095818937,2,77,0
25,3,10,0.3902135535715632,3,158,0
5,0,13,0.8817236316087838,0,20,0
46,2,19,0.7026398603005969,1,159,0
37,7,8,0.26711551852677873,11,53,0
12,1,21,1.0,2,150,0
29,2,14,0.2234805212844566,2,100,0
65,0,21,0.5189216277751414,7,114,0
16,2,9,0.35853132089079376,2,71,0
15,7,21,0.3036659038028462,12,99,0
13,0,15,0.8393742497415518,3,1,0
35,3,8,0.688141717640566,0,144,0
54,6,23,0.12334724961623117,9,19,0
58,3,16,0.16972768144780093,17,70,0
14,3,6,0.2145737593981963,3,91,0
42,0,11,0.6003677567257106,14,144,0
11,5,7,0.21981123435848082,11,98,0
9,5,16,0.32144178466785506,3,45,0
8,4,20,0.9120465692088439,2,138,0
42,5,3,0.20200453877879893,9,150,0
10,1,9,0.48409049955392314,10,132,0
5,1,15,0.984147294354763,4,173,0
53,1,7,0.5793744976773579,7,26,0
53,5,3,0.12920415454847742,3,148,0
25,2,18,0.21765562553423679,9,25,0
37,2,20,0.31861678571424246,0,147,0
40,4,6,0.7267748858818552,4,115,0
41,0,11,0.6236461316198784,13,138,0
35,6,6,0.6252141886184563,7,99,0
46,4,16,0.4018143463285808,14,44,0
63,0,14,0.9602904347367123,7,120,0
18,2,6,0.5049980856361295,5,104,0
18,0,15,0.9498545153714135,12,29,0
19,0,21,0.37193523553542784,5,50,0
56,3,20,0.30966286872542237,5,26,0
47,7,20,0.10254766477459254,0,56,0
16,2,14,1.0,3,35,0
10,3,14,1.0,6,172,0
37,6,8,0.22956755017134006,2,30,0
26,3,19,0.44451487845391613,8,30,0
53,3,5,0.33458726105262615,11,118,0
10,6,6,0.22283690073796913,10,98,0
29,1,17,0.403199790422227,0,177,0
39,2,19,0.4793375137724424,10,107,0
47,3,15,0.1104701845352545,10,49,0
64,1,12,0.6421489489134433,9,137,0
41,0,23,1.0,16,178,0
31,4,7,0.8243573471432476,3,12,0
18,4,22,0.2852849332194634,9,105,0
6,4,11,0.9527295263527511,4,152,0
41,1,18,0.09194483901481054,11,112,0
48,1,8,0.3804523716395928,12,96,0
65,1,15,0.6998562743976023,7,152,0
59,3,19,0.39461533191244597,6,17,0
51,5,6,0.6903397519837273,0,165,0
55,0,17,0.9930521615179799,4,145,0
67,0,7,1.0,2,147,0
37,4,5,0.8643890912329157,8,134,0
31,0,11,0.8866383543246187,5,150,0
8,1,16,0.3885412142380135,6,112,0
60,6,15,0.9511531422828106,11,161,0
69,2,13,0.7394319876555357,8,150,0
41,1,23,0.7186344080181323,8,97,0
58,7,8,0.8639526184610695,9,149,0
20,0,10,0.3845175693262881,0,23,0
11,4,9,0.4468104544102627,10,161,0
49,2,11,0.6868590029700505,4,42,0
20,2,6,0.5066511148499342,4,105,0
24,1,21,0.46327266340019707,12,90,0
48,0,21,1.0,14,180,0
27,7,18,0.18121035559075907,15,177,0
53,0,17,0.5454151495557157,9,159,0
21,4,23,0.18023291066312008,8,64,0
42,6,4,0.3724636026696688,1,22,0
29,2,9,0.15705698626453096,5,133,0
14,2,11,0.7208394221332977,0,42,0
11,6,3,0.26143299333204767,11,79,0
48,0,6,0.24812443294488945,2,62,0
37,6,7,0.9716631338028484,2,168,0
23,4,21,0.7316182360000909,16,62,0
39,5,11,0.09108657736431677,1,47,0
22,4,6,0.35254871706266383,0,73,0
43,4,14,0.30074095164397124,8,180,0
43,0,11,0.4789060645527237,7,155,0
26,4,5,0.5958841529088417,2,81,0
10,0,4,0.5291337523455154,10,160,0
15,1,16,0.4838065153772793,0,173,0
2,4,23,0.2648404393727163,2,47,0
8,0,4,0.5375858369651811,7,2,0
36,4,18,0.6545995295766062,8,145,0
40,0,22,0.6214157602015586,4,85,0
12,1,11,1.0,12,39,0
15,0,23,0.9186236806621875,5,115,0
32,6,4,1.0,2,1,0
15,5,8,0.3602619161819986,15,61,0
13,6,3,0.06626917697349807,13,96,1
20,0,4,0.956031066908355,13,112,0
3,0,12,0.885085926615195,3,1,0
59,1,8,0.2972069707783202,10,107,0
66,2,12,0.7094654248212747,9,134,0
33,3,15,0.4006097108751158,11,73,0
16,5,21,0.5702094605049227,7,116,0
17,0,3,0.9783290340607523,12,108,0
11,2,5,0.14366563539116775,9,79,0
5,0,8,0.6461817279666084,1,18,0
22,0,22,0.12790935544064239,11,1,0
44,3,10,0.7401751082925804,4,40,0
12,0,12,0.44065265280555466,0,14,0
3,4,12,0.9778226078927804,3,154,0
38,6,10,0.539815222318248,4,74,0
8,7,20,0.323866444619672,4,9,0
46,1,18,0.5968188463585292,11,48,0
32,6,20,0.8353715822219787,9,156,0
36,4,23,0.5358215545989498,7,101,0
22,5,10,0.3818816407921114,4,168,0
37,4,11,0.2382820517193303,0,35,0
16,1,6,1.0,8,120,0
23,0,17,0.560259470437657,0,85,0
24,2,7,0.48099855847569123,8,53,0
28,0,10,0.058312979432122505,0,87,0
39,7,5,1.0,0,159,0
23,4,10,0.27704985151740374,1,109,0
37,1,22,0.36215579722364977,17,145,0
16,3,9,0.7612407495360398,11,1,0
13,1,20,0.2386178144775131,3,17,0
14,7,18,0.27303067975975676,13,121,1
58,0,10,0.880384274074591,15,1,0
18,6,10,0.7379666554379002,10,82,0
46,6,4,0.8143901176565423,2,38,0
38,1,22,0.9598104677754287,2,106,0
12,2,19,0.6465657351829924,0,65,0
5,1,23,0.3168573842363054,5,111,0
30,6,5,0.9346939297723948,3,119,0
55,2,15,0.11050501997185766,11,68,0
36,4,23,0.9634630128641578,12,130,0
27,0,23,0.7738090590701665,11,175,0
12,7,7,0.12147040324736721,12,92,1
29,2,3,0.9479964497617684,5,160,0
57,4,17,0.7969907032735158,3,145,0
30,0,16,0.36309264646802175,9,136,0
33,7,10,0.36614449615806177,0,23,0
14,4,8,0.8446788464703464,10,38,0
45,2,4,0.6919221435046492,3,123,0
12,7,20,0.21477594957799515,5,63,0
47,4,8,0.23141622115420926,1,67,0
60,0,9,0.7820615715732809,12,47,0
15,6,5,0.16042535824502452,10,96,0
64,3,10,0.6516551686890497,7,147,0
5,5,5,0.6471381211398239,4,68,0
19,1,16,0.7733534257124907,12,113,0
7,3,10,0.8583786384935198,0,62,0
43,5,4,0.09792666751483656,9,35,0
41,3,18,0.2020647734863955,7,160,0
12,0,15,0.7869419761883112,0,90,0
11,6,8,0.6997415269412853,8,25,0
37,5,3,0.9154109053356518,2,25,0
24,4,20,0.2888271310560767,13,101,0
30,0,22,0.3063226427023919,12,156,0
28,0,12,0.4591668013571219,4,164,0
55,1,7,1.0,0,60,0
36,4,11,0.6302411804231113,7,25,0
41,3,17,0.16111404005765065,6,166,0
40,7,21,0.4524108977823925,9,88,0
15,0,3,1.0,11,113,0
19,0,10,0.7956939144755844,12,103,0
34,0,13,0.6177694775547888,12,132,0
6,2,23,0.19915647512860488,4,91,0
4,4,7,0.0,3,57,0
67,0,11,0.7021003864595943,4,136,0
50,0,14,0.4961946936061518,6,157,0
15,0,22,0.761505998777859,8,103,0
23,0,18,0.12728628386865212,8,19,0
4,2,19,0.6040753121691053,1,144,0
13,2,7,0.4572079445953218,1,62,0
20,7,18,0.8564560654802311,0,171,0
13,7,6,0.9101957152622627,13,64,0
10,2,8,0.35811110673479724,10,121,0
4,2,14,0.6828978748389921,4,84,0
51,2,2,0.062298202911194256,9,129,0
47,4,22,0.21333476296399512,14,81,0
21,4,11,0.5330409516375668,0,155,0
38,1,22,0.3240930080641158,9,74,0
21,0,14,0.5915938826434941,14,114,0
39,6,19,0.06897100284030647,7,177,0
35,1,23,0.21053026247740364,12,139,0
29,7,20,0.526682871848608,1,120,0
20,1,23,0.7949225968380788,12,45,0
3,2,19,0.801438318459224,3,63,0
22,1,20,0.5713788695219195,7,60,0
24,0,14,0.851950914883875,16,22,0
34,5,14,0.027371932618190292,1,31,0
53,7,16,1.0,9,129,0
56,3,15,0.0,10,71,0
61,0,7,0.7858450162564529,5,31,0
31,4,4,0.3072831812657715,7,168,0
35,5,6,0.7911214196614242,3,44,0
1,1,19,0.4012887524787328,1,99,0
25,0,8,0.48890000947921514,6,125,0
10,2,8,0.14334619779494123,7,74,0
53,2,10,0.7211268282518475,13,41,0
22,4,16,0.5649707261794489,3,71,0
27,6,14,0.9058641654410741,3,119,0
31,7,2,1.0,2,135,0
25,1,11,0.17873057104918297,0,88,0
28,3,6,0.14827517369330126,5,171,0
27,1,13,0.23942083296442856,2,91,0
8,0,14,0.31680033146846714,6,131,0
55,7,8,1.0,13,133,0
22,6,7,0.9710766727567799,13,79,0
41,6,9,0.4865677948933963,10,113,0
11,3,10,0.02688364578937119,9,85,0
40,0,22,0.5176333567441904,7,79,0
20,4,20,0.3551129688312029,7,53,0
13,1,21,0.04624748289838526,13,149,0
39,0,9,1.0,7,97,0
19,0,11,0.8854029568997168,14,37,0
26,7,15,0.9380864105366494,3,116,0
52,4,12,0.10115666259172104,11,57,0
21,4,6,0.9514332976444773,9,13,0
10,4,17,0.39614313713262217,10,5,0
6,6,11,0.11832567430887993,6,166,0
39,7,23,0.3298850026526079,3,83,0
16,0,16,0.645716375308715,12,91,0
14,0,18,0.11484139522022233,14,144,0
12,6,19,0.7648012874711352,1,156,0
42,1,20,0.47241774447120527,7,144,0
35,2,9,0.3854419367763774,3,57,0
57,0,2,0.31710883999915884,11,114,0
48,4,11,0.8443515102910009,4,26,0
11,0,22,0.2380514157446796,10,150,0
17,2,6,0.20315737887266377,5,107,0
23,7,21,0.7452550709447494,16,70,0
4,0,23,0.49097182964130337,4,120,0
14,1,16,0.6874869298368557,4,72,0
17,6,18,0.4254795307739937,13,1,0
49,6,13,1.0,10,95,0
43,6,4,0.30952396082669764,11,28,0
10,3,21,0.5894862354574061,6,118,0
35,0,17,0.6566083827228357,13,45,0
49,7,18,0.37054735372254266,9,103,0
44,0,7,0.8501595118582256,1,149,0
27,1,9,0.5647031652769423,2,63,0
12,4,14,0.3438224803712843,12,21,0
9,1,10,0.6366105174853112,9,4,0
28,0,15,0.8455676562546034,14,30,0
22,1,17,0.9779290466870715,3,114,0
4,0,11,0.8561383561445411,4,1,0
29,0,23,0.41358268936674547,10,54,0
12,5,15,0.9642532582079896,8,168,0
50,4,14,0.6392995721857432,4,88,0
1,2,23,0.38388537867264916,0,108,0
13,4,5,1.0,13,104,0
10,2,3,0.5592751364593992,8,168,0
33,2,23,0.8863180213884542,8,130,0
30,7,12,0.5933540136725556,9,76,0
12,0,8,0.9867414737690059,3,12,0
40,5,3,1.0,9,81,0
37,1,21,0.8441374811693696,6,118,0
7,7,13,0.7864808329664877,7,46,0
47,5,10,0.9123058869584301,12,158,0
54,0,19,0.9931786418360489,15,182,0
32,7,16,0.5772670913675217,11,58,0
18,0,17,0.13325064829445948,7,12,0
43,4,22,0.34986106849562437,7,95,0
52,2,5,0.5706197227142246,4,134,0
34,1,7,0.0006661723839524458,0,80,0
22,1,16,0.7928872530575054,15,50,0
53,6,6,1.0,0,170,0
53,2,9,0.5845817794565242,7,184,0
10,7,17,0.9115744473753835,0,139,0
17,3,23,0.05458857967525113,10,81,0
17,2,18,0.9134897371459799,6,74,0
20,1,23,0.6978632904574605,13,159,0
13,1,12,0.6585685812848232,6,27,0
62,2,22,0.4777133137978661,8,88,0
30,5,17,0.5830315954115773,13,42,0
34,6,7,0.3372511181488217,13,61,0
54,3,8,0.49851554010076554,6,134,0
40,4,19,0.3221475158087252,7,82,0
49,4,20,0.7899763789327396,5,32,0
15,4,7,0.6197731057760271,8,84,0
38,0,9,0.733062586623518,0,144,0
4,5,9,0.19333425918190827,0,55,0
5,2,17,0.7804859584280235,4,117,0
22,4,20,0.8367726419753706,14,86,0
12,0,17,0.9620083681255532,12,40,0
13,6,21,0.5990199971575735,4,81,0
15,5,17,0.3209927321557325,15,28,0
50,1,17,0.8326961594943552,6,154,0
57,0,13,0.6387227876032213,15,33,0
35,7,12,0.26613737325412246,0,40,0
4,7,6,0.2939216552201278,4,46,0
5,3,20,0.7440200435637119,2,18,0
20,0,12,0.8793029909781759,2,44,0
51,4,16,0.7188427033965272,4,79,0
23,3,19,0.2256112742390018,12,26,0
40,6,16,0.9397852991223746,6,126,0
28,0,17,0.36193513911117314,0,179,0
36,7,21,0.18564532812555742,0,62,0
13,4,4,0.7554945414466867,13,9,0
29,4,12,0.8969268846566835,6,173,0
42,2,10,0.918486016048782,1,163,0
46,2,15,0.659127553161048,10,126,0
35,0,20,0.3484061070688209,9,151,0
43,5,16,0.8649460884511009,15,153,0
9,0,6,0.5369105977119629,9,140,0
18,5,20,0.6370474557530237,4,90,0
4,1,4,0.5206565360810127,4,23,0
42,4,9,0.4206975072454308,9,112,0
0,5,11,0.7740870791887893,0,73,0
56,0,13,0.3103637507665521,5,74,0
6,0,12,0.3614381984992803,6,105,0
34,4,12,0.8738033981124746,6,100,0
63,5,8,0.860400347455045,11,162,0
27,1,9,0.3971949654436714,1,81,0
18,7,4,0.93878093981614,11,59,0
28,4,4,0.7244458347517383,10,23,0
42,5,14,0.20426209633460407,6,153,0
18,4,21,0.3148584433380462,14,82,0
26,4,10,0.44049394379532647,1,152,0
13,6,7,0.494034670389253,2,76,0
32,3,23,0.7082175418558092,9,105,0
35,0,18,0.7797659204016283,10,34,0
52,7,22,0.17939993423216422,7,15,0
13,1,21,0.6262089396570731,13,150,0
21,0,14,0.6191906228220657,6,31,0
46,7,5,0.8765576947270836,4,14,0
5,4,13,0.08237125711561705,5,165,0
10,0,9,0.8306947656516399,10,100,0
43,4,3,0.4595930606965781,9,53,0
34,6,17,0.7338670245227267,6,136,0
55,3,10,0.7288580106257445,8,135,0
15,0,18,0.9840588736778471,15,34,0
6,0,5,0.5016900474862814,6,99,0
41,2,7,0.8475669649488743,6,112,0
11,1,21,1.0,4,128,0
9,3,9,0.0,9,60,0
38,0,17,0.6657477355978267,6,171,0
29,3,4,0.40914017794320956,8,52,0
21,2,18,0.6935722432972387,13,58,0
44,3,6,0.9470884647846771,12,71,0
58,0,9,0.3205490900632732,13,122,0
15,0,10,0.4615010606784238,10,166,0
46,0,14,0.5180452101117373,8,154,0
40,4,20,0.8087831645340068,9,57,0
60,2,8,0.2571404814350775,12,105,0
1,7,16,0.11028313269820081,1,155,0
27,6,15,0.7681144890059508,10,61,0
24,7,19,0.6738275130495698,8,62,0
22,3,18,0.5574844985733506,10,27,0
15,4,22,0.87802079276322,15,50,0
8,2,23,0.2944692442275827,3,88,0
43,7,21,0.30407047582081215,4,104,0
40,0,16,0.9276339543643215,13,166,0
35,2,10,0.45306642712551076,3,66,0
31,6,0,0.8988278352348398,6,116,0
19,6,8,0.6973831770711237,11,61,0
26,0,11,0.1705965767670457,3,69,0
27,3,5,0.2816874247440781,13,32,0
49,7,10,0.9694310572446709,10,122,0
33,2,19,0.8035034731636219,9,184,0
16,7,15,0.6073543281810064,9,49,0
15,5,10,0.6340966407067716,8,51,0
40,2,20,0.6637209320885977,4,99,0
15,0,12,0.4912296669303313,0,158,0
24,3,11,0.146200016081534,0,40,0
3,1,14,0.9717595559873549,0,172,0
34,0,6,0.6992858958250807,2,143,0
18,1,23,0.29994039768450115,8,153,0
50,1,10,0.9437331768501557,2,73,0
23,2,21,0.9922802133905679,11,46,0
42,4,5,0.2632403880878373,5,60,0
40,5,22,0.6434770856018671,5,91,0
19,7,17,0.49384433720874477,0,118,0
23,4,16,0.20778786891564383,9,122,0
39,2,20,0.3144060867985254,5,162,0
29,5,14,0.4933349929377364,0,75,0
39,3,9,1.0,1,119,0
10,3,4,0.15895028560927688,10,165,0
47,6,5,0.6631332346791329,1,63,0
63,5,13,0.3050396723382405,13,96,0
10,3,23,0.233131933525817,6,62,0
36,7,7,0.882565777698086,2,17,0
5,2,16,0.28548091033247874,5,137,0
27,6,17,0.8922309198908902,10,142,0
37,2,8,0.599019066391817,4,105,0
10,0,18,0.9242375237479532,1,81,0
56,7,8,0.6226309534340411,0,146,0
25,5,8,0.48547918634045817,8,48,0
20,4,7,0.6880457521103966,6,38,0
4,0,21,0.2082648913698186,0,106,0
41,3,3,0.12769624012009217,9,147,0
16,7,6,0.0,3,51,0
10,3,2,1.0,10,111,0
12,7,17,0.4168896522967714,12,16,1
31,5,5,0.966658660232513,7,140,0
25,0,17,0.5514793069836702,4,191,0
63,4,4,0.43368669777195934,11,108,0
59,0,7,0.5424915988745722,10,39,0
55,0,8,0.11997835820653932,3,174,0
36,7,8,0.0,15,40,0
32,7,7,0.30310043795059033,0,22,0
31,7,8,0.6198998364249135,5,88,0
25,2,19,1.0,2,149,0
39,2,21,0.9605981853187693,7,121,0
55,0,12,0.9298824064571113,8,147,0
16,7,4,0.975828445456818,12,48,0
12,1,21,0.7716299256942211,9,76,0
41,5,9,0.49062535839682087,12,120,0
57,0,18,1.0,12,165,0
62,2,5,1.0,11,10,0
62,0,15,0.400050474786108,5,146,0
48,6,7,0.6522752387055173,0,76,0
9,6,22,0.30738493074174456,3,66,0
60,5,13,0.2282123427410686,13,86,0
28,0,21,0.7610927505189884,3,91,0
16,2,23,0.18357242782403826,11,61,0
60,5,10,0.3984832613476371,14,45,0
40,4,3,0.17805926450110987,0,77,0
8,0,20,0.9613608303159137,0,81,0
12,0,14,0.5922616092847953,11,164,0
51,3,23,0.6331595358337431,10,79,0
4,0,16,0.852563302044218,4,105,0
12,0,5,0.5579412552006123,3,15,0
14,2,12,0.5162163390526383,6,67,0
42,0,21,1.0,6,38,0
3,5,9,0.8257994034500761,0,70,0
40,5,11,0.942759745753811,11,102,0
48,6,6,0.7860261510664568,0,73,0
23,4,14,0.6065520545301959,4,80,0
34,7,11,0.8219353840889113,0,100,0
8,3,19,0.09723336125758422,1,1,0
31,3,5,0.5667677263749346,10,63,0
0,5,15,0.48007356102446697,0,52,0
36,2,20,0.753225551465463,15,34,0
2,2,12,0.5822794770351497,0,28,0
28,1,16,0.5001267794743751,7,157,0
24,4,18,0.9278650098814368,4,142,0
65,2,13,0.9585177881519832,14,42,0
17,0,23,0.6250513374079613,12,149,0
35,2,5,0.8798508348232915,6,35,0
54,0,11,0.9311478193487098,12,114,0
55,4,12,0.49322590794100624,2,126,0
2,6,8,0.391625097463038,2,73,0
56,7,20,0.3383154212885744,11,23,0
31,6,7,0.5398742964630823,9,162,0
7,4,6,0.5639070795391553,7,83,0
45,0,22,0.8474887516709975,5,135,0
6,4,7,0.6420735861046679,6,126,0
31,6,8,0.8548504757573461,1,112,0
0,3,15,0.6617824519985879,0,85,0
44,3,7,0.9346744197378501,9,76,0
23,0,11,0.5541609454147495,8,18,0
25,3,4,0.6017879133514884,11,168,0
40,0,16,0.51527566350439,10,140,0
53,7,15,0.3009322525677154,11,53,0
30,3,22,0.4181356065636225,5,74,0
43,0,16,0.9405822747337698,12,42,0
61,7,22,0.17200091995016548,6,1,0
32,5,2,0.7825720689792364,10,55,0
18,1,20,0.8215966637178638,13,38,0
33,1,6,0.6487107788713505,9,34,0
12,0,10,0.5818619083154131,0,43,0
9,1,7,0.37145684143588154,4,86,0
28,6,8,0.11708633699127993,7,172,0
55,4,14,1.0,14,105,0
38,7,18,0.7427658283652467,9,148,0
9,0,11,0.7643129463720748,0,10,0
22,6,6,0.8569537537519025,12,117,0
39,3,21,0.6457871086748629,10,83,0
11,4,21,0.5949169135642033,11,104,0
16,3,13,0.18599343936996918,14,18,0
11,2,23,0.9488653772587283,11,60,0
15,1,10,0.5467075975070441,13,172,0
25,2,16,0.0803969208129322,9,108,0
18,2,16,0.7547177314870833,2,139,0
8,3,10,0.4903861617151086,8,123,0
16,0,15,0.5835940019688142,16,84,0
59,4,16,0.4474372311267098,4,5,0
11,3,18,0.39082642937295353,6,133,0
10,6,6,0.6873755824693317,10,75,0
52,3,9,0.8712983508849159,5,143,0
17,6,13,0.8473090069058532,11,112,0
34,5,2,0.19573525546987283,13,49,0
58,0,15,0.9045568301189792,9,132,0
31,5,10,0.961354553924021,6,138,0
59,5,9,1.0,1,46,0
29,7,13,0.5680357161471916,7,34,0
38,6,18,1.0,11,152,0
22,6,5,0.8146097021607557,11,67,0
29,0,17,0.921045334159293,3,122,0
44,6,22,0.9606676247605594,11,120,0
9,7,10,0.5357806529905513,9,178,0
8,0,15,0.4785813847515322,8,107,0
24,3,3,0.5993813529366474,9,40,0
58,0,20,0.06851424435856104,8,78,0
24,4,17,0.6801184867042299,3,70,0
51,0,12,0.578669835701974,0,163,0
46,5,3,0.2434326228607732,12,154,0
27,2,20,1.0,9,146,0
9,0,10,0.9147765349223473,5,1,0
44,7,13,0.5183960061442853,6,111,0
15,1,6,0.622662139167665,3,19,0
7,0,19,0.14301146306019882,7,31,0
7,6,8,0.6335078783493822,7,61,0
47,7,13,0.8088802582999539,9,138,0
13,1,4,0.699589826119463,13,17,0
47,2,12,0.7329079284016342,3,58,0
13,2,21,0.9493160625408609,6,140,0
41,6,5,0.742536278833549,0,43,0
13,6,23,0.01700526126514565,6,64,0
20,0,10,0.5729010158693517,6,62,0
39,5,22,0.2171693020659779,0,96,0
33,2,21,0.879388340306915,12,38,0
31,5,15,0.25206538622264685,0,44,0
23,0,5,0.9171128000612475,2,23,0
29,3,20,0.38658560375820017,7,65,0
10,2,7,0.5773940058959901,6,67,0
47,4,9,0.8927875130550152,2,49,0
18,0,19,0.8215252488728808,4,109,0
19,4,13,0.14803867839968865,5,126,0
55,0,8,0.26594079204920684,5,47,0
58,1,12,0.05500034464574499,16,60,0
40,5,13,0.7125967562854398,0,29,0
6,4,21,0.591769885289951,6,134,0
56,1,20,0.0,16,84,0
40,0,7,0.9145740099096307,3,137,0
60,7,4,0.25852544709994435,0,151,0
34,0,23,0.14719178741762878,14,138,0
37,4,6,1.0,10,146,0
37,2,9,1.0,5,178,0
20,3,6,0.13236294034502588,4,94,0
9,0,22,0.3027601928551249,3,104,0
7,2,13,0.6562619806777525,7,75,0
31,0,15,0.5142209020238979,14,106,0
23,5,10,0.3910539307933874,3,157,0
3,1,19,0.5794272516709771,1,113,0
63,7,19,0.12855166708568938,4,21,0
0,0,16,0.8474823369621984,0,147,0
54,2,9,0.9081730309913777,2,62,0
29,5,3,0.9859197803843548,5,147,0
43,4,7,0.3140610962679158,7,151,0
42,6,8,0.16253951556540788,6,138,0
32,7,5,0.9010859523101372,0,24,0
24,3,19,0.43872173196562725,12,1,0
5,1,16,0.7723739624474548,4,11,0
32,6,6,0.5824293933883115,8,85,0
13,0,13,0.8924284278239839,6,10,0
52,5,20,0.9339532775880444,11,164,0
45,4,18,0.6823997784154743,7,139,0
51,0,11,0.9760452906068642,17,24,0
61,3,19,0.48099946285664447,8,10,0
27,4,22,0.8527845929658182,3,123,0
11,2,7,0.5796638330961646,11,113,0
39,0,20,0.4869713074821689,7,98,0
4,0,11,0.5828317364507136,0,61,0
56,5,21,0.7207397401749576,16,159,0
47,0,12,0.4754108373747603,7,162,0
12,2,1,0.5786473524863148,5,82,0
13,3,2,0.9746568097732916,10,99,0
15,2,21,0.0650108963075777,13,1,0
28,6,8,0.4009153507462756,1,54,0
15,7,10,0.5338404743745007,9,181,0
9,0,8,0.7120361391430569,9,143,0
15,2,9,0.6294915172073877,11,135,0
11,7,9,0.2672933534258841,7,90,0
25,0,21,0.45699003861807913,0,151,0
22,6,5,0.24649769432614957,12,72,0
56,0,13,0.543196646329912,11,143,0
5,2,17,1.0,5,26,0
31,6,18,0.9809060933295277,12,151,0
39,1,9,0.6336270922868502,0,155,0
52,2,13,0.07243426499892117,11,86,0
10,1,18,0.20914279635835312,1,135,0
39,2,7,0.8006133075757187,10,81,0
3,3,17,0.2623393103022066,3,131,0
0,3,11,0.4207382574664587,0,71,0
15,2,13,0.25334205785765196,15,16,0
22,0,21,0.3555982224624973,12,72,0
19,7,7,0.20180526504437266,10,148,0
9,6,14,0.08315787795099189,9,158,1
46,1,9,0.5858191751405913,5,78,0
41,6,5,0.3499556534643672,1,29,0
60,4,22,0.7218878156653997,2,136,0
13,0,10,0.6201750282905855,8,172,0
56,4,8,0.36562752155791206,12,128,0
56,4,5,0.13581015918975387,9,29,0
30,2,22,0.8517919748462403,2,140,0
31,3,23,0.41725406415541344,12,83,0
39,4,4,0.7999061970818373,6,117,0
27,2,22,0.9649134526391598,11,169,0
27,2,21,0.2350772141670264,13,30,0
5,2,11,0.7448136065107889,0,32,0
16,5,3,0.24213273026621912,10,91,0
31,2,19,0.4622511786086115,8,63,0
7,0,8,0.5035113617329476,0,52,0
52,5,20,0.5831055100673745,2,118,0
13,4,5,0.08122166156013964,13,76,0
28,4,5,1.0,8,166,0
56,4,10,0.6416220352356435,4,138,0
37,0,21,0.8473245262776194,12,138,0
49,6,16,0.19536458291995912,9,109,0
36,6,7,0.29246002617250644,8,43,0
42,7,7,0.2741064381559116,6,74,0
34,5,16,0.0,9,157,0
52,0,20,0.5497930061359466,5,154,0
41,5,4,1.0,9,62,0
17,3,19,0.8615645083754467,1,1,0
56,4,22,0.18921592478095425,15,89,0
17,3,13,0.3077948275529505,6,139,0
27,6,3,0.9726714509592609,5,134,0
48,0,12,0.5964132190999902,6,145,0
33,2,5,0.32289892035503154,11,46,0
37,2,23,0.39851175755184226,11,114,0
38,2,3,0.27666161924167654,0,72,0
9,2,19,0.81642435735467,9,31,0
32,3,7,0.7236434579239853,9,35,0
49,7,18,0.9491263664498412,12,145,0
22,7,17,0.6849652256743735,10,49,0
41,1,18,0.8660097575552526,10,55,0
35,2,23,0.981983955394394,8,129,0
43,0,11,0.5591093724553414,8,88,0
18,7,15,0.5327163312174428,11,27,0
7,4,18,0.08896006013227217,7,20,0
36,3,8,0.8005146355867195,4,45,0
15,0,18,0.1893752200413461,15,5,0
9,4,9,0.5515298478462165,4,69,0
38,1,20,0.917062896153961,6,31,0
18,7,9,0.47775580929240613,4,58,0
20,3,7,0.18199071061780148,1,81,0
26,1,18,0.7448795140827471,13,61,0
3,3,14,0.48851722002254083,3,138,0
40,5,5,0.9203484472869282,10,84,0
33,5,12,0.24953318813759848,6,113,0
25,2,1,0.883433016760475,13,2,0
50,7,11,0.8757171419891421,14,138,0
40,1,16,0.8602656245206173,13,38,0
22,0,7,1.0,0,22,0
32,2,15,0.7634473539470409,8,122,0
58,4,9,0.6248635340386014,6,143,0
9,7,9,0.7414282457776245,7,157,0
13,0,6,0.5168357000756759,2,72,0
35,0,23,1.0,2,125,0
3,0,4,0.5194181895141534,3,33,0
15,1,15,0.3004817271700057,1,129,0
49,5,19,0.6612357754548156,6,141,0
22,1,19,0.8371680663815196,12,55,0
7,5,21,0.9562809739006198,3,117,0
49,0,21,1.0,14,154,0
22,0,21,0.5861323508700133,9,105,0
56,1,18,0.8943151454936149,2,142,0
18,2,19,0.3375450281554022,0,160,0
66,4,7,0.410526391497277,7,166,0
35,3,4,0.26207263792772334,6,130,0
13,4,11,0.4570550746656745,13,79,0
11,0,5,0.13138095991622556,3,93,0
15,2,12,0.7408597162876895,2,46,0
35,6,11,0.7587871441232896,10,28,0
19,4,21,0.8071658028880089,13,73,0
29,2,13,0.8671170663951687,11,65,0
40,5,11,0.3765804508663907,12,125,0
11,4,8,1.0,11,59,0
48,6,19,0.24057122161110553,9,108,0
31,0,14,0.7622725716169474,13,53,0
22,2,20,0.8275321474823444,14,38,0
6,0,16,0.13116498429163959,2,5,0
28,3,4,0.8360812613346512,5,60,0
15,3,5,0.6284519806254865,5,52,0
20,2,20,0.01849506752111385,15,3,0
27,1,14,0.7190899831952773,12,100,0
37,0,20,0.9471819223143196,0,114,0
37,3,5,0.19941884498945586,5,71,0
41,3,3,0.4066242584624232,0,161,0
18,4,22,0.862326966202615,0,79,0
49,3,4,0.0,1,149,0
20,3,9,0.43481079317418264,2,153,0
12,0,21,0.6106496593727564,8,112,0
7,4,5,0.5485160204426073,7,156,0
31,0,7,0.9453113451338977,0,53,0
48,1,23,1.0,6,132,0
59,4,18,0.9356917527051007,3,6,0
41,0,4,0.21567283883639293,1,88,0
16,0,13,0.8667801475239428,1,101,0
44,5,18,0.6195407557225228,11,134,0
33,7,7,0.9328593754747171,3,18,0
20,4,15,0.8053044871706659,0,145,0
53,5,8,0.5505613089246943,0,79,0
57,0,16,0.5709871518462409,6,146,0
42,4,9,0.6009330595615201,7,14,0
21,0,6,1.0,0,9,0
52,7,17,1.0,9,127,0
33,2,15,0.5847741632099487,12,149,0
19,5,9,0.9864308942040719,7,64,0
7,4,8,0.4201686573707215,7,65,0
7,7,21,0.3631825836984,7,53,0
18,0,23,0.6157538775437991,1,80,0
1,0,6,0.6377548923810713,1,20,0
21,0,16,0.7543456815253908,0,45,0
24,5,10,0.6457240663941001,8,56,0
67,1,9,0.6464418486018055,8,161,0
27,2,12,0.10142572845166689,3,78,0
36,3,21,0.4754170444506588,6,143,0
11,2,18,0.27022012065343926,3,135,0
40,4,17,0.5598098651542207,4,127,0
36,1,6,0.7600233558869219,9,55,0
18,4,9,0.4284580541186377,10,165,0
19,6,23,0.35084755266661893,12,153,0
18,4,14,0.4599654186076647,9,31,0
41,0,14,0.1981301599056342,0,139,0
20,0,20,0.862843005316266,3,18,0
44,7,19,0.6749046593470875,7,104,0
19,0,9,0.6165520777248823,7,72,0
33,2,23,0.28375452921753996,9,110,0
31,4,3,0.2145240325653978,4,165,0
10,7,10,0.7642585517279796,9,43,0
40,1,17,0.8611855261316914,12,59,0
49,0,8,0.7131940713626054,6,28,0
29,3,15,0.12983320513717822,0,18,0
55,0,20,0.4924389627320302,5,95,0
56,5,21,0.0,7,19,0
22,7,22,0.3464951261453936,13,173,0
13,0,13,0.9895627859464109,4,184,0
11,0,20,0.8057259100091558,0,67,0
36,7,3,0.7102881167850618,5,39,0
35,2,8,0.7050856207756294,4,132,0
8,5,9,0.5032305436831853,8,79,0
13,1,21,0.5140258598764326,5,146,0
8,0,14,0.26310154839295047,4,135,0
26,0,19,0.8872876402996729,4,112,0
14,5,21,0.37255240130208356,1,22,0
6,0,18,0.9826929940765916,6,24,0
45,2,5,0.6970170658015987,10,59,0
15,2,12,0.2668915217024303,4,164,0
23,5,12,0.6288979137674919,8,59,0
13,0,20,0.18386444388050494,7,14,0
22,1,19,0.5390326715529059,0,166,0
35,1,17,0.6302350102200592,9,167,0
36,4,6,0.5148584757324444,7,181,0
8,6,10,0.8264088900989098,3,32,0
51,4,12,0.030537420491324213,12,42,0
19,2,23,0.9958477189168794,3,138,0
43,4,7,0.9702983236472917,8,70,0
16,4,7,0.7159942479733101,5,93,0
54,0,22,0.460753246592224,8,88,0
22,4,4,0.6945195635112507,10,33,0
66,3,13,0.8863752331471053,5,48,0
47,0,11,0.6310300972580937,9,81,0
28,4,17,0.9791709981906285,6,160,0
11,5,13,0.4637834423463015,3,169,0
29,3,17,0.2927759329080849,6,107,0
21,5,17,0.5602620911040289,9,20,0
17,4,9,0.1125414972492068,7,93,0
4,2,18,0.7538171455459982,0,135,0
10,2,10,0.6468254758770875,10,125,0
55,4,18,0.5898329935531198,5,25,0
32,0,19,0.44872418487417837,8,173,0
8,5,23,0.3230148995120825,5,70,0
34,0,22,0.9806172439725772,2,101,0
15,3,14,0.3714184788010321,12,30,0
54,1,8,0.31350599485665354,12,30,0
19,5,14,1.0,3,171,0
9,7,6,0.5372519106685195,9,72,0
40,3,5,0.090321783782356,0,93,0
35,1,16,0.1763266397396734,0,140,0
22,6,17,0.8060340693850012,2,144,0
44,5,2,0.2721579131705447,6,151,0
49,5,13,0.6290359193579288,0,61,0
27,1,14,0.03966740025177121,6,125,0
29,0,23,0.5301441742299637,16,95,0
28,3,2,0.14396822885598243,8,132,0
22,3,23,0.7032559933739003,14,63,0
20,6,16,0.5979340030788333,5,65,0
14,3,21,0.45229832611182147,5,10,0
35,0,11,0.9532879875159735,6,96,0
39,4,7,0.7387547519885793,0,4,0
16,6,4,0.910185209506564,7,54,0
40,0,19,0.14478407536621835,11,96,0
0,5,20,0.4078717128908742,0,52,0
1,2,19,0.4051509116967166,1,118,0
58,1,6,0.5310960788979894,13,34,0
11,5,23,0.043904778661915334,1,70,0
32,4,19,0.7876016729806641,13,133,0
30,0,5,0.44206146144321223,4,127,0
37,2,7,0.920546796587405,2,170,0
33,1,21,1.0,4,153,0
16,3,2,0.6923907497565768,11,19,0
62,0,17,0.37306678303395047,8,156,0
32,7,17,0.3745416391841596,14,169,0
49,7,11,0.9761266633202397,12,107,0
50,1,18,0.5298012746805829,5,72,0
3,0,22,0.06916204601303358,2,84,0
27,0,12,0.9116527927572392,13,39,0
7,4,23,0.6724215970810219,7,91,0
46,5,22,0.16146618964460868,17,88,0
59,3,5,0.23901857299192752,10,115,0
50,3,5,0.24967833871198467,10,165,0
31,2,5,0.36344064759692424,4,56,0
45,3,20,0.830074621017397,11,117,0
14,0,22,0.18559497683859788,10,17,0
16,5,8,0.6098604932514416,8,71,0
41,4,20,0.3376517358917771,3,72,0
49,4,15,0.36009305118640444,3,106,0
45,3,23,1.0,10,134,0
33,2,2,0.25936855851761953,9,150,0
35,3,13,0.2600526651200161,5,61,0
45,0,10,0.3670077908465401,7,137,0
17,1,23,0.05187822472201714,13,7,0
13,5,21,0.07686632938385307,9,57,0
34,5,21,0.07196115103183534,0,87,0
53,4,9,0.15719608552055098,11,91,0
25,7,16,0.9998381975719889,3,127,0
56,3,8,0.4430045599065561,5,147,0
34,7,4,0.2862814119236096,3,14,0
59,3,20,0.7376664205712061,1,117,0
48,4,7,1.0,12,157,0
32,0,18,0.5990572011138366,5,185,0
51,6,18,0.28957032192077214,12,46,0
32,0,12,0.45927236944444255,9,136,0
34,7,14,0.9263643597935293,8,156,0
33,4,8,0.97462859779269,2,60,0
47,6,13,1.0,3,11,0
5,0,14,0.92667202904159,0,19,0
49,7,8,0.8587650503487689,1,160,0
39,1,15,0.4282625107245228,4,154,0
13,2,22,0.008513632388171377,5,11,0
9,6,9,0.3008687704212812,6,105,0
52,2,23,0.36301272509329413,2,149,0
18,6,5,0.6385036840778457,10,115,0
37,7,7,0.9961793066882213,5,161,0
36,1,22,0.04036399075616885,9,102,0
8,5,10,0.3664887153993343,5,50,0
30,2,21,0.7548873276775969,8,33,0
22,2,8,0.338058283085129,2,44,0
49,1,9,0.6041491242335811,14,36,0
1,5,7,0.6408304733484956,0,71,0
5,6,14,0.6054579059566483,2,30,0
48,0,10,0.774731043520427,13,48,0
15,6,8,0.6687907131401454,9,130,0
32,2,9,0.44315657567184064,11,54,0
57,4,3,0.26709703258888196,12,113,0
30,3,20,0.5425170924155417,7,108,0
43,3,16,0.5127832156499752,3,139,0
47,4,5,0.028579078904162697,5,89,0
57,0,3,0.8680185153351043,1,145,0
46,7,5,0.0772914882950234,12,50,0
13,0,15,0.9414595766263739,1,1,0
26,5,23,0.2775967596019555,8,58,0
13,3,14,0.2793044765528847,13,99,0
10,4,11,0.9220887217884144,7,164,0
40,6,10,0.2806393288982252,1,43,0
34,6,18,0.8522510701488732,13,155,0
49,0,17,0.5356816991567671,9,136,0
7,4,9,0.6914679784876856,7,64,0
24,3,7,0.8452477284552048,11,88,0
3,0,18,0.9026020641446568,0,59,0
25,0,20,0.21292112624889803,6,30,0
38,3,23,1.0,8,151,0
37,5,13,0.6624233427261889,1,31,0
11,6,5,0.4088354131701464,11,64,0
7,0,4,0.8200837352996689,6,1,0
33,2,22,0.2684054684411872,6,99,0
15,0,8,0.4987364093189369,8,147,0
52,3,8,0.18847605599016898,3,144,0
36,0,14,0.20581562669812017,0,152,0
7,0,19,0.7960065877645356,0,73,0
54,0,8,0.6675965062508746,14,51,0
55,0,21,0.14343732642827328,11,99,0
27,2,19,0.6357469808988515,9,27,0
55,1,14,0.20423329571797214,9,79,0
27,0,9,0.8163554272476369,6,143,0
38,1,0,0.6511792606711451,8,59,0
38,6,8,0.7329479428887826,10,150,0
10,7,6,0.6369543242682713,10,66,0
2,1,21,0.07961848454375331,2,103,0
34,7,12,0.6244693753667637,10,59,0
42,3,2,1.0,0,72,0
24,5,3,0.1966581033058407,10,46,0
14,1,13,0.15084587855358117,0,147,0
18,5,9,0.3713468145492814,1,142,0
33,5,6,0.13501694640308876,13,45,0
8,3,7,0.34353650310369865,8,170,0
54,1,16,0.13944269315951024,8,80,0
19,1,11,0.5877667128460109,10,14,0
58,0,9,0.39905214967516667,9,141,0
26,0,15,0.7051309900231898,14,114,0
45,2,20,0.0,15,76,0
16,3,23,0.9661451724728545,2,138,0
27,6,6,1.0,1,148,0
54,0,19,0.4905773311659115,4,63,0
34,4,7,0.622465825765413,4,171,0
14,3,18,0.11826097063968669,10,11,0
22,7,17,0.7784377892312022,4,121,0
15,0,12,0.4310417709937536,0,141,0
12,0,17,0.3887127143807669,7,126,0
7,3,15,0.8928855589365002,6,160,0
43,1,19,0.9621377055669696,11,57,0
13,4,10,0.9560972292328936,8,34,0
35,2,22,0.8630106106883918,4,102,0
17,0,22,0.3055289388961141,4,1,0
15,1,13,0.3144933020520895,4,143,0
30,3,23,0.7579832600066172,12,65,0
10,1,7,0.59424892302871,10,136,0
23,6,23,0.7163212738181964,14,62,0
24,1,18,0.9699221782437794,5,172,0
35,4,11,0.21758124263580955,1,14,0
56,2,16,0.952757124829316,4,150,0
12,0,12,0.3391951836305128,1,163,0
65,3,6,0.9129682355863472,2,49,0
35,4,12,0.8645461049494108,6,111,0
24,0,14,0.8679374151961641,11,34,0
39,5,7,0.21440742058996556,11,18,0
62,0,7,0.9676566679475392,0,157,0
30,1,2,0.7525490259719401,9,56,0
3,1,12,1.0,2,101,0
6,0,18,0.9037185590956391,0,20,0
67,1,7,0.3157529168046017,5,151,0
7,0,20,0.9765144728919771,0,81,0
37,5,5,1.0,10,134,0
40,3,23,0.62156368306681,7,115,0
28,5,19,0.3054782646998595,11,70,0
54,6,17,0.5423360976188868,4,88,0
55,0,18,0.5859449899603182,5,123,0
17,7,9,0.6955891031556422,13,52,0
9,0,15,0.21885392555696384,1,127,0
55,4,15,0.7311832160565334,3,166,0
26,0,14,0.8289991226878035,12,97,0
20,2,12,0.5184762105363523,3,141,0
35,4,20,0.710604486611775,8,143,0
31,7,13,1.0,4,124,0
0,5,15,0.5381221415951771,0,56,0
36,0,16,0.23584709664921336,0,166,0
12,0,19,1.0,2,92,0
12,0,18,0.055531603948667324,4,136,0
40,0,22,0.08071463202232607,13,65,0
41,3,21,0.6654402688343174,8,139,0
57,4,9,0.9204063156220297,4,65,0
38,4,7,0.9995297861615644,7,109,0
35,0,17,0.332964243816122,6,89,0
3,3,23,0.23142183410876285,3,95,0
13,3,9,0.8696678334368797,7,152,0
53,1,11,0.5441009354551235,14,37,0
14,0,8,0.4772377648940694,8,163,0
6,4,14,0.43784186162439787,1,96,0
38,2,10,0.936091186033393,5,65,0
42,3,6,0.6244916016074498,2,130,0
0,4,12,0.5688091440477459,0,81,0
29,7,5,0.42461546105366615,0,169,0
45,5,6,0.22067665381428214,6,77,0
9,7,6,0.14751578679029553,3,63,0
20,1,17,0.8633994346493623,6,108,0
21,5,19,0.41859000536029467,17,15,0
26,0,18,0.23239864506587024,9,70,0
44,0,9,0.31861789873684376,8,141,0
11,7,11,0.7010097517474416,9,165,0
11,6,5,0.5390875122888932,5,67,0
52,7,14,1.0,7,114,0
21,5,3,0.2766127431098521,12,41,0
57,1,9,0.4550241462975427,3,134,0
26,4,7,0.7901706086969773,10,36,0
8,0,12,0.8256579807851311,4,78,0
23,6,2,0.34517011363019234,6,182,0
7,0,15,0.05001927524400401,7,8,0
5,7,14,0.7376062492272766,4,59,0
14,0,20,0.5414718083425635,9,114,0
27,2,20,0.39150603326011424,6,115,0
12,4,12,0.31919302876528327,10,31,0
2,3,11,0.8594701019148862,0,71,0
46,3,17,0.7045872000096816,4,78,0
31,3,17,0.12168486774713647,8,117,0
16,0,12,0.3540057367767229,16,71,0
44,6,22,0.2414247347205554,3,72,0
23,1,8,0.6124276170984555,4,125,0
8,0,21,0.8875237759171035,0,79,0
19,1,18,0.7400281217718179,1,116,0
24,2,14,0.9356562164402117,9,78,0
53,0,13,0.4764927385021995,6,47,0
53,0,21,0.37466005511064576,6,86,0
17,6,5,0.6993811579625411,14,133,0
38,7,4,0.9628421986185405,3,122,0
26,0,23,0.6176014727393737,12,159,0
30,1,3,0.6581429029446865,13,44,0
39,4,18,1.0,7,116,0
58,2,11,0.773170164955764,6,139,0
54,2,11,0.4335557573329464,4,67,0
21,0,19,0.16424174185496182,13,106,0
38,4,5,0.8123987982505394,7,36,0
13,2,9,0.7948354025132462,13,114,0
48,6,6,0.6904387101749467,1,168,0
58,1,12,0.7037919506035468,10,148,0
48,4,17,0.5742274530752479,6,96,0
24,2,21,0.7315372457047843,16,145,0
15,0,5,0.49417865211314593,7,84,0
46,5,20,0.810100044877432,3,99,0
48,1,18,1.0,2,3,0
6,0,20,0.37394046607870823,4,135,0
33,5,6,0.29855517760348416,14,57,0
41,3,10,0.8555762379186069,5,50,0
33,5,5,0.735069715109408,12,51,0
40,1,8,0.4552174605361557,4,167,0
56,3,7,0.9679714878183969,1,37,0
3,7,21,0.34236406778961415,0,71,0
29,3,6,0.7505766396513514,3,120,0
34,1,22,0.34903460945723,7,56,0
42,0,17,0.20163296451742593,2,139,0
26,0,12,0.6821816956701799,11,27,0
33,6,8,0.3077755191404945,13,46,0
41,4,5,0.4255916211053119,13,43,0
12,5,16,0.8481450116299373,4,171,0
57,0,11,0.44496624707585275,6,150,0
6,1,13,0.8225516698597282,6,105,0
14,1,18,1.0,14,40,0
19,2,8,0.19223896916850902,5,155,0
55,0,10,0.558171830154482,5,158,0
54,0,12,0.20847563259307222,12,61,0
29,7,17,0.9070460783817598,4,115,0
63,2,9,0.3138454140177828,8,49,0
18,7,9,0.6873520049270976,11,40,0
1,1,22,0.5371028157437536,1,115,0
30,4,7,0.45533963865329785,3,172,0
14,6,18,0.9003486667828209,1,127,0
29,4,21,0.803483401620138,10,152,0
13,7,6,0.9216860340378714,7,37,0
14,5,12,0.7999048602348211,6,51,0
34,6,14,0.5962648567821984,11,81,0
14,3,4,0.8385564662799375,14,12,0
25,1,12,0.4843002904506999,4,76,0
31,0,18,0.06604474440404168,11,99,0
63,1,4,1.0,11,8,0
12,0,15,0.5016915292036727,9,14,0
32,6,13,0.8837674997154737,8,125,0
0,0,18,0.9032787435355827,0,68,0
41,2,7,0.29865323270419675,4,188,0
48,1,16,0.7637893514233175,10,52,0
29,6,6,1.0,6,53,0
47,2,8,1.0,0,59,0
8,6,9,0.43378565606898645,8,159,0
32,0,12,0.14384153225814267,2,130,0
50,4,16,0.40818977785629407,2,140,0
59,7,9,0.942910624473756,1,80,0
17,2,4,0.47537790065484564,5,94,0
17,0,20,1.0,4,149,0
11,4,8,0.22803268598816195,11,97,0
6,7,14,0.34200174836267905,6,147,0
46,1,15,0.9125123026849244,14,39,0
12,0,7,0.3908115422300158,8,160,0
15,6,14,0.7428209232212921,8,176,0
12,3,12,0.8866302735694133,1,166,0
15,0,11,0.4918145689118631,0,28,0
21,1,21,0.8556737411930344,9,36,0
43,6,20,0.7928122407792536,11,140,0
8,7,14,0.7521583300412319,4,150,0
5,2,13,1.0,5,18,0
26,0,21,0.032760683479525154,9,35,0
16,1,3,0.6901241057825552,10,162,0
17,0,14,0.7762833702976617,14,37,0
19,4,19,0.4343196332800508,12,79,0
21,1,4,0.21158721082407872,3,95,0
55,1,11,0.9618939747051267,0,39,0
49,3,7,0.5652707698380495,1,153,0
47,3,9,0.6859884326254584,13,46,0
35,0,10,0.28589839733446565,4,75,0
7,0,13,0.9476262185712353,7,193,0
31,5,5,0.5443532625014033,0,44,0
62,3,15,0.6739291218185876,5,145,0
4,5,18,0.5130917799445314,2,1,0
13,7,12,0.6362327471884963,10,28,0
3,2,20,0.7105447114152299,1,118,0
46,7,1,0.15878350561530827,1,185,0
35,5,8,0.6283830968549361,0,4,0
42,0,1,0.43249387848673726,10,50,0
27,1,18,0.4071650559541953,0,149,0
14,1,19,0.6640002297996657,10,48,0
41,7,4,0.9998056739230979,3,65,0
41,6,5,1.0,3,44,0
43,5,17,0.5172759913003014,9,137,0
25,1,11,0.0,0,99,0
17,5,17,0.8187051183792092,0,132,0
48,3,23,1.0,6,193,0
7,7,11,0.6300521293510599,0,40,0
42,1,16,0.7046298309198521,10,50,0
27,0,15,0.7231589207240817,12,50,0
18,0,5,0.5325679317732744,8,164,0
7,4,11,0.294957882159504,0,77,0
42,2,2,0.2192895776315272,1,76,0
55,7,12,0.8932831558302943,13,152,0
59,0,7,0.8909354390344919,0,146,0
8,2,10,0.5716911829366974,6,128,0
20,3,17,0.5211056212905224,11,106,0
13,4,21,0.5278731651454922,13,111,0
59,0,9,0.4613888618750205,2,34,0
49,6,16,0.6139936046154123,10,148,0
47,6,13,0.8845945545769469,12,130,0
20,7,11,0.4523588481790971,10,145,0
35,0,10,0.4179909573787082,6,136,0
24,5,18,0.5103155155040892,6,82,0
51,7,2,0.3227965722625221,2,138,0
63,0,7,0.5995049333776084,6,61,0
25,0,22,0.6869598444688891,3,88,0
52,2,8,0.467058552348641,9,196,0
54,2,16,0.09739042764973746,12,69,0
51,4,17,0.6002359869110562,5,97,0
14,0,19,0.10597760682311241,5,18,0
13,6,8,1.0,8,49,0
12,7,5,1.0,8,35,0
13,6,8,0.3148374579816612,8,99,0
48,0,13,0.5560794600572708,8,89,0
18,3,20,0.8981134767335505,4,150,0
27,7,19,0.5451305939501614,3,131,0
11,4,21,0.9054832010011687,3,175,0
33,1,19,0.6291482088653337,5,175,0
30,3,20,0.9944982247575131,5,180,0
18,2,5,0.503069291294301,4,154,0
27,3,16,0.9921583973572837,0,156,0
21,2,23,1.0,4,134,0
58,4,22,0.5835301533623495,5,142,0
42,6,7,0.9332009642226236,6,38,0
21,6,5,0.9817318335378715,11,45,0
47,5,5,0.14885176848877832,4,73,0
11,7,4,0.836303026282121,6,44,0
34,0,23,0.19380630019393533,10,76,0
41,7,3,0.7540931089825426,0,158,0
16,1,9,0.0,6,90,0
14,0,21,0.17951719876115244,12,1,0
34,0,7,0.9577042475608138,3,100,0
23,5,21,0.9041598236581335,0,157,0
5,0,17,0.21767172652194627,3,100,0
39,4,10,0.7665376235977375,0,134,0
36,3,11,0.8572903630988652,4,179,0
50,6,18,0.7870077643929607,13,151,0
54,1,18,0.35412721488018134,4,55,0
16,4,17,1.0,0,122,0
58,3,12,0.06783770765684849,2,144,0
28,6,2,0.8592006602401081,6,139,0
21,6,20,0.7952596183933338,3,140,0
37,4,11,0.7365179726443646,3,105,0
39,2,17,1.0,9,63,0
63,7,22,0.263104056808379,12,103,0
11,2,21,0.6512568721174598,11,169,0
16,4,11,0.43839188246651334,4,160,0
31,0,6,1.0,0,44,0
56,3,19,0.11873912242523932,12,99,0
51,4,15,0.8398591516308689,1,43,0
52,3,7,0.3979059601085294,5,89,0
23,1,18,0.34080422001891125,6,128,0
56,7,6,0.7020000205490475,0,60,0
44,0,8,0.6407408816556317,10,88,0
8,5,23,0.12148728406953761,8,63,0
51,3,6,0.9500384859893639,0,72,0
42,3,4,0.6116220545318543,2,100,0
31,4,5,0.9999796876582202,12,43,0
0,5,18,0.26271805250399627,0,58,0
18,3,18,0.48408449202284853,1,73,0
35,5,12,0.874391548509437,10,31,0
22,7,13,0.8751792480998127,8,115,0
43,0,16,0.38760766808123426,4,51,0
58,1,9,0.8235766442677531,2,134,0
49,1,12,0.7922566445167591,3,162,0
37,2,16,0.1489016077955997,8,111,0
54,7,17,0.21371656882832213,10,98,0
28,3,19,0.4251346016154747,9,30,0
19,5,12,0.8702887482771826,12,131,0
4,4,14,0.9176758876363288,3,175,0
14,7,12,0.5982472375360962,8,158,0
39,4,15,0.6449124172855452,7,138,0
3,2,14,0.9317260137600468,3,185,0
17,2,20,0.868296619937796,0,68,0
48,5,20,0.27247585314273437,15,89,0
12,2,10,0.5433945565706981,1,27,0
58,0,18,0.4484624133221497,8,103,0
32,0,16,0.7208597948117351,3,172,0
20,3,23,1.0,6,124,0
45,2,4,0.342367085577679,2,106,0
19,4,3,0.977954478623108,8,52,0
27,0,4,0.8892322597498434,2,34,0
37,5,7,1.0,5,137,0
55,3,20,0.772520115574744,4,148,0
26,2,20,0.7654440392510081,2,143,0
15,1,20,0.7620346190624969,3,1,0
15,1,9,0.18489265469310695,8,84,0
42,0,13,0.7233602594999267,7,135,0
11,2,23,0.11128683918041962,11,53,0
11,1,8,0.7060735511655363,6,114,0
45,2,22,0.8641995932463945,1,129,0
25,5,20,0.5721975272837008,12,29,0
22,5,18,0.2809515112049778,14,5,0
56,6,16,0.6696527373568777,6,84,0
50,1,14,0.0,14,59,0
11,0,10,0.8330272763847594,0,5,0
19,2,15,0.8982566597367624,3,54,0
55,0,13,0.0,11,60,0
38,1,22,0.4892892288529428,5,136,0
15,5,11,0.35173640596906447,0,44,0
45,5,11,0.7958874641186802,1,145,0
48,4,21,0.3409325937274844,12,79,0
29,2,20,0.3541770478291824,13,34,0
13,3,20,0.18209538518582302,13,77,0
3,3,14,0.5039481914650435,3,78,0
7,6,5,0.450341756632591,4,56,0
29,4,6,0.15032314984908862,6,173,0
38,4,5,0.17712440995466494,12,130,0
47,7,14,0.09524633081683165,12,44,0
28,6,23,0.45537357209585594,11,171,0
38,0,9,1.0,2,118,0
7,2,12,0.8291592817810296,3,122,0
25,5,22,0.7645697127808718,5,148,0
22,7,2,0.8642804744868307,16,56,0
48,0,11,0.4845720348664144,1,170,0
53,5,16,0.8439453156739477,9,118,0
4,7,10,0.039095279535464766,2,47,0
44,5,7,0.513421193045069,6,84,0
37,5,1,0.8131527770135449,10,46,0
54,0,4,0.9403264698302719,0,67,0
19,3,4,0.12281900518033259,9,96,0
58,1,15,0.6441927414263674,11,138,0
12,0,21,0.18135753554172682,12,146,0
26,0,16,0.7550636260929205,13,129,0
35,3,23,0.5506082382562147,10,103,0
17,0,8,0.7402139647943705,2,8,0
4,4,10,0.046357017411610094,2,60,0
31,2,11,0.8367840449317403,0,59,0
24,0,19,0.39807424171219,12,1,0
4,1,15,0.7519432147009035,4,144,0
46,0,12,0.6630872631571447,5,79,0
4,0,17,0.30475162950647194,4,101,0
6,0,21,0.5337240633495526,0,116,0
31,1,4,0.7996485688606678,14,54,0
14,2,14,0.5493532854775387,11,30,0
11,4,8,0.22926292504539716,6,102,0
6,2,18,0.303729938522841,3,127,0
20,4,18,1.0,2,141,0
37,5,6,1.0,5,82,0
38,5,11,0.3099487783689118,2,19,0
36,0,16,0.0063494802960167435,8,109,0
42,1,12,0.7280288946692487,5,78,0
57,0,13,0.8037041963407889,11,43,0
42,4,18,0.1574995639955915,15,83,0
11,0,7,0.381907807195271,11,167,0
39,3,23,0.39377216631022555,2,136,0
4,1,20,0.8058177336024406,3,72,0
46,7,8,0.7377089101778272,2,79,0
13,3,17,0.46107636471333646,1,147,0
5,1,14,0.8905641692018083,5,113,0
48,1,14,0.6082288862575373,8,174,0
32,7,22,0.2371237555452974,2,81,0
37,4,12,0.46319697117688086,7,16,0
5,0,14,0.6600234848638092,5,80,0
55,0,6,0.7051070535058105,6,36,0
51,3,20,0.49648562015839975,4,137,0
25,2,20,0.5174122493049242,10,90,0
43,5,6,0.3421106549666972,14,49,0
30,5,16,0.4904989318605908,1,73,0
37,6,6,0.6320343957747984,9,77,0
55,7,20,0.6326389290738672,4,86,0
35,6,5,0.9055084831733338,3,35,0
40,1,2,1.0,1,117,0
68,3,8,0.9798260106837078,9,3,0
36,4,8,0.7972071674570131,9,166,0
29,5,5,0.7689543730682058,1,44,0
15,4,14,0.8347034839387644,2,150,0
15,6,11,0.8766071600843517,9,46,0
24,0,5,0.9803098373519105,3,17,0
57,4,8,0.547991609854225,5,174,0
34,0,10,0.8591128481267719,8,95,0
22,2,19,0.40890882802823947,0,173,0
23,1,11,0.1516422927104498,6,72,0
35,3,6,0.39003993853752406,12,44,0
11,6,6,0.4002964920044668,9,59,0
40,6,5,0.913527953253621,9,157,0
13,7,9,0.7739707798267403,8,119,0
58,2,7,0.4233127521767395,9,77,0
44,4,1,0.7755295010368782,6,45,0
44,2,6,0.9803030342111484,3,94,0
4,7,12,0.08743124134096175,4,166,1
24,3,6,0.4569864629836572,11,53,0
17,5,10,0.5693852969174306,5,64,0
27,4,10,0.2190306050058744,0,108,0
9,2,9,0.7363430286147559,8,76,0
10,0,17,0.4443653397838776,10,104,0
49,0,21,1.0,16,172,0
25,1,23,0.6953170293382334,10,114,0
42,7,5,0.7338946149016324,9,34,0
38,3,4,0.1851004160778128,12,151,0
41,0,7,0.984187432671133,0,81,0
54,1,3,1.0,12,25,0
17,0,5,0.5837015798045553,17,108,0
12,1,21,0.9957007125372119,2,8,0
16,7,16,0.4597154966161851,16,35,1
54,3,8,0.8249982438862278,0,69,0
42,5,4,0.90221990177253,7,72,0
39,3,9,0.0795984904636523,4,80,0
15,1,13,0.4572407510357335,6,24,0
27,3,23,0.1833717437956917,14,132,0
23,0,6,0.8948644385623525,0,28,0
46,5,6,0.15408892093205734,0,115,0
25,1,6,0.19162773934529387,4,86,0
41,7,6,0.1910043275870697,0,3,0
10,0,22,0.799494961767665,1,93,0
64,1,15,0.12527838748673248,12,53,0
27,2,19,0.8529658882798334,13,48,0
9,7,20,0.4228462114823293,4,13,0
32,1,11,0.33974941959801863,3,140,0
36,3,15,0.25051584375379976,0,14,0
13,6,8,0.6342890831234462,13,113,0
13,1,22,0.003933028749740469,13,8,0
45,4,3,0.9080507271972225,7,100,0
60,7,3,0.5663057827219858,2,158,0
23,2,18,0.42920488417926883,11,75,0
34,5,16,0.6783325906460194,11,39,0
41,5,12,0.09445611063275011,3,39,0
10,5,19,0.32052960621386767,1,1,0
31,2,8,0.8628558858616543,6,87,0
17,0,15,0.18292351376644414,5,33,0
38,0,22,0.9007436367013567,13,195,0
45,7,4,0.5589539901970888,2,17,0
40,5,1,0.08117532947394208,20,39,0
36,3,5,0.6772813803128716,0,135,0
58,4,10,0.9008040004052851,9,156,0
68,0,14,1.0,13,44,0
25,0,10,0.32839924914421803,10,128,0
18,5,16,1.0,6,45,0
26,7,17,0.8957971290886837,1,143,0
3,7,16,0.7473182070527932,3,47,0
35,6,7,1.0,3,140,0
9,7,8,0.39460763564821183,9,172,0
8,0,19,0.0,7,9,0
4,1,22,0.19768726347656088,3,94,0
17,5,21,0.9706850365988676,1,148,0
23,1,9,0.24149069189245512,0,110,0
25,0,23,0.6799792253357232,9,138,0
39,6,20,0.4426544050054263,8,96,0
18,2,12,0.4220586094634617,3,71,0
52,0,9,0.5669768905539453,16,34,0
4,0,18,0.4071497737298037,4,148,0
29,7,5,0.5779840168901232,5,85,0
39,3,19,1.0,14,50,0
11,7,8,0.5174125498142457,6,62,0
3,0,13,0.7697289228754567,2,71,0
43,2,6,0.07599153284212667,10,152,0
23,5,4,0.8284695029618149,14,32,0
12,0,5,0.3856523950980457,2,86,0
1,1,15,0.5066962938206363,1,144,0
67,0,14,0.8454267509507749,7,137,0
46,0,18,0.5510954635726247,4,87,0
23,2,23,0.6544336905804702,11,100,0
24,0,23,0.610935572065082,12,41,0
26,0,11,0.6441191115085766,13,103,0
8,5,4,0.4760785882970804,8,24,0
42,1,23,0.8264928026947921,12,116,0
9,7,7,0.8094245357664078,7,32,0
42,2,3,0.24691472047971225,10,119,0
55,2,11,0.6408778362746493,0,42,0
14,1,20,0.2173895759627817,14,1,0
14,3,20,0.44437836080438686,14,97,0
14,3,13,0.531102409239359,2,161,0
31,2,6,0.802098963123852,6,158,0
56,0,4,0.14154381993669554,3,83,0
16,0,13,0.2505391094714911,0,161,0
42,6,10,0.7443630630641319,1,97,0
29,3,21,0.3176855211978368,6,106,0
58,4,5,0.9519371221812785,0,52,0
35,3,5,0.19486034324166088,3,175,0
18,5,5,0.738207001827288,15,95,0
56,0,16,0.7731648093776947,2,137,0
57,0,6,0.7955237096603566,0,149,0
48,7,21,0.21069389568563907,0,94,0
45,3,22,0.9902221650516608,8,43,0
43,2,1,0.3506074670791405,12,135,0
53,2,10,0.5184685245104842,10,54,0
45,3,5,0.19301639230260145,10,16,0
20,5,10,0.6816247552914196,12,60,0
17,4,5,0.06494703633993976,8,79,0
31,1,10,0.13908457250343906,5,77,0
59,0,15,0.1737299067708786,14,86,0
8,2,18,0.5122605974840683,8,119,0
19,7,18,0.4581132166339426,13,23,0
57,5,10,0.39464858044225304,15,110,0
20,4,10,0.4709632854498571,5,157,0
9,4,7,0.5192277092989245,7,68,0
6,0,14,0.2953701739743926,3,130,0
18,0,13,0.6783801316341481,7,1,0
6,4,15,0.8963266775963277,4,195,0
51,2,7,0.9237724758244625,0,69,0
5,0,15,0.9496011457127128,2,71,0
28,6,5,0.3094705201785625,3,171,0
27,7,12,0.6566890877096155,8,46,0
51,0,22,0.5796451655174784,1,129,0
15,0,13,0.3292742000890509,2,134,0
52,6,8,0.7559256683003882,2,62,0
11,4,5,0.947960976100326,7,17,0
43,7,13,0.8444855279387518,11,127,0
30,5,21,0.3757139590269779,5,96,0
4,7,7,0.051140919828166126,4,44,1
33,2,23,0.8182370862665014,7,124,0
50,0,11,0.5503126188946688,7,93,0
3,6,16,0.4028924265822814,3,157,0
7,0,21,0.006166155697910181,3,96,0
38,5,4,0.785308923767464,6,41,0
13,0,23,0.16554793026105613,9,16,0
15,5,23,0.6317700971079737,8,96,0
17,4,11,0.4072113174050686,2,165,0
8,0,17,0.5995852210073537,3,110,0
58,3,8,0.49314573633511494,6,139,0
5,1,17,0.24493291662557906,5,123,0
33,6,1,0.7085718354890741,7,85,0
37,3,17,0.8751094831906541,15,152,0
47,0,17,0.8011669830593389,10,53,0
3,3,16,0.5039877492191696,0,81,0
39,6,5,0.785011908118815,10,36,0
7,4,15,0.4179951241594328,7,111,0
43,0,23,0.5498307374801829,6,150,0
51,6,6,0.1997797152683602,3,77,0
61,1,2,0.37766082571656584,11,127,0
13,3,12,0.5263031092564073,13,6,0
21,3,19,0.07909495291681354,10,1,0
10,5,12,0.9404868556875353,6,51,0
32,1,20,0.5967567378991133,5,166,0
11,5,20,0.46326755030118044,11,90,0
42,0,11,0.7245852357721356,3,85,0
16,0,19,0.7306440622211088,5,109,0
57,0,4,0.2712268005083423,1,53,0
29,0,13,0.866149988773642,9,35,0
5,0,5,0.6995994955798631,0,5,0
61,3,6,0.37864630075601324,2,152,0
27,5,4,0.45730675431284534,8,180,0
39,1,16,0.0,12,105,0
32,7,5,0.06893261809310847,8,175,0
16,4,6,1.0,16,30,0
4,6,15,0.3128051957543826,4,49,0
62,1,6,0.5369820593031915,4,179,0
21,7,8,0.48677210704450835,6,66,0
20,0,10,1.0,0,12,0
23,0,15,0.7546990546690864,15,99,0
37,3,17,0.8544407626330767,10,169,0
26,7,9,0.23805703975845596,0,71,0
28,0,5,0.7366926065229984,2,76,0
57,2,13,0.7445630719184042,8,136,0
28,1,9,0.42040314013170094,7,43,0
36,2,4,0.15497788172599822,8,131,0
10,7,16,0.6922871290945517,5,58,0
1,6,14,0.5863721951452757,1,44,0
28,1,18,0.7386076727132198,5,114,0
39,5,5,1.0,11,137,0
17,0,22,0.46401643573498896,8,55,0
6,2,17,0.061421501404475866,6,9,0
11,2,8,0.44804695320354654,3,95,0
7,3,8,0.5845111712720277,5,122,0
13,4,18,0.8693699921840169,13,40,0
25,7,17,0.8229319671046251,0,161,0
30,2,13,0.1110971820769618,2,77,0
65,1,13,0.7488864143789686,7,139,0
44,4,17,0.7523699954818092,16,152,0
14,2,21,0.813860601703322,14,54,0
7,6,8,0.37543926650689263,2,62,0
35,0,23,0.37424368224390586,11,78,0
26,1,18,0.8828129465240069,7,165,0
26,0,17,0.6588772611058465,12,40,0
28,2,18,0.40840923601628665,13,21,0
57,2,19,0.8474834914109897,12,169,0
14,5,19,0.8243180492296216,12,58,0
29,3,18,0.2517460652218352,1,162,0
9,0,15,1.0,3,28,0
48,4,22,0.31123106983537874,16,72,0
50,5,12,0.12922429811477623,12,46,0
48,5,23,0.40708346781750365,5,100,0
19,0,18,0.3203164780001141,14,139,0
54,6,12,0.8162011135855903,11,113,0
30,5,5,0.3834961606207433,5,187,0
6,0,13,0.8625080732909859,1,26,0
36,6,6,0.7690732788761068,4,15,0
14,3,13,0.37284849152971855,14,14,0
44,7,2,0.39006037904040863,6,90,0
43,4,17,0.3709167191444465,8,96,0
36,3,3,0.6455169372580274,5,114,0
25,0,16,0.8347104993254472,9,42,0
13,7,3,0.3585855983606035,9,108,0
63,2,11,0.849591410419928,3,1,0
36,4,5,0.2232902903549225,8,178,0
33,0,23,0.39645361131445794,4,156,0
16,5,16,0.960746193118463,6,110,0
5,0,13,0.9113598863488982,5,16,0
45,0,19,0.887121609639907,12,153,0
52,3,9,0.4439063563242881,10,50,0
60,3,21,0.6264773601454545,1,138,0
21,0,17,0.28614856259450266,10,23,0
41,3,20,0.45552269881995644,0,150,0
24,4,9,0.7131446777484817,10,59,0
45,2,20,0.07851110480004334,13,97,0
34,5,19,0.5731531192235422,8,128,0
6,5,9,0.9860825143945331,2,158,0
40,5,5,0.19855929211562087,9,32,0
16,0,6,0.35286163395549935,6,177,0
27,1,22,0.8638635039940888,6,102,0
23,1,15,0.8412590960128983,14,26,0
29,6,7,0.8709246572213043,2,53,0
59,3,8,0.44551716232339683,6,162,0
37,7,6,0.8134757141973752,0,80,0
32,2,6,0.6457128143138574,10,24,0
27,6,6,0.6455095637829521,9,16,0
16,2,17,0.1860226670979489,6,117,0
11,4,10,0.349111777624997,4,164,0
15,2,7,0.20206545562887623,8,140,0
42,0,15,0.5472459319705605,4,74,0
20,2,10,0.9417325276864685,2,51,0
46,7,17,0.21689480236749872,12,112,0
44,0,11,1.0,5,88,0
24,7,14,0.6430835262384721,9,35,0
16,4,23,0.8059657953950112,6,95,0
23,1,11,0.1938585487167345,0,140,0
25,5,2,0.9938312563800892,15,42,0
20,1,21,0.4781104803406283,11,16,0
41,1,7,0.8924685607796552,0,26,0
33,0,20,0.8409302743572634,3,106,0
56,2,13,0.6147647777380998,7,146,0
53,6,15,0.4199762794901737,3,158,0
25,0,21,0.5980943435857791,13,18,0
60,0,19,0.1206272950366044,10,102,0
48,0,13,0.3716611913082055,7,166,0
62,0,11,0.9563545696425445,8,146,0
46,7,15,0.6500829986143742,16,142,0
18,5,20,0.8942767258631132,18,50,0
47,0,14,0.4504786134421841,9,154,0
3,5,12,0.5639401800306398,3,64,0
40,2,20,0.8440959438222765,12,50,0
17,2,12,1.0,14,34,0
56,0,17,0.42596385136583154,10,154,0
56,7,12,0.9262037461998911,14,105,0
46,5,7,0.9396765451561577,12,63,0
40,0,15,0.9048433679646938,7,24,0
5,6,18,0.9724676651707573,5,57,0
23,4,6,0.3652589135353205,3,180,0
36,5,11,0.2357767998761842,0,72,0
52,2,8,0.45845985849079374,2,124,0
45,7,16,0.34201991784709634,8,97,0
8,6,8,0.5687485906105088,8,59,0
12,7,14,0.6502355824741131,7,155,0
16,2,7,0.3085315034201384,4,144,0
42,7,4,0.9667254340830856,0,167,0
47,0,10,0.45160656016357714,12,78,0
30,4,12,0.4208012431554288,2,180,0
20,3,18,0.7409348960155849,12,41,0
36,2,20,0.5039259015315557,8,120,0
60,7,15,0.3701815703521222,7,16,0
56,1,23,0.0,14,93,0
9,4,11,0.267603003043847,9,155,0
51,1,15,0.41545616384230544,8,137,0
50,0,18,0.7478710666326246,18,43,0
4,2,14,0.39332257139943,4,64,0
64,7,23,1.0,7,153,0
52,5,5,0.7698870243542428,1,161,0
40,2,3,0.6968341938677292,2,38,0
48,4,23,0.08741778273017317,15,74,0
44,6,13,0.5552962021312013,10,144,0
26,3,15,0.11183335203863938,9,129,0
38,4,7,0.003149792451139527,7,124,0
22,0,21,0.20640177173501117,14,134,0
27,7,6,0.975053203178329,0,16,0
59,1,17,0.8418722221773862,2,121,0
24,1,18,0.39866730046816234,9,67,0
44,4,16,0.4758565695771273,4,141,0
56,3,20,0.831168726269239,1,141,0
27,3,19,0.4764368284606632,9,90,0
22,4,19,0.9158682268376908,4,158,0
21,1,23,0.7888871651067391,3,130,0
11,0,16,0.2693752285004887,5,143,0
15,3,4,0.20509292676215973,5,159,0
12,3,20,0.8731890526257103,5,53,0
26,6,7,0.893295495607725,3,42,0
31,3,2,0.8370594840412391,6,117,0
31,6,8,0.48320944551717937,9,71,0
23,6,21,0.31466581937987126,12,166,0
6,6,15,0.397685993567468,1,50,0
40,0,5,0.9993968357795834,5,146,0
10,1,4,0.6112798478292123,8,18,0
34,7,10,0.7427528416159425,4,120,0
43,3,6,0.8484613406442573,6,102,0
51,7,10,0.6344262653575307,12,170,0
57,4,13,1.0,3,17,0
8,7,5,0.0649278797586638,7,48,1
39,4,21,0.4996605466710362,6,94,0
21,0,23,0.6693491039695731,8,118,0
66,1,10,0.6827212493728866,5,144,0
4,1,15,0.3058967358757754,0,75,0
19,1,6,0.4119122657134491,12,166,0
56,3,14,0.2746766795344188,10,93,0
57,0,12,0.78318298549326,6,159,0
52,6,5,0.9730762677944697,0,159,0
2,3,10,0.7809239429039164,2,64,0
17,7,16,0.4294893597991578,11,34,0
42,5,11,0.7399137457471339,12,155,0
20,1,8,0.5765340823377882,2,60,0
56,4,17,0.5992905312853914,4,89,0
34,2,10,0.5535408812570607,11,61,0
11,6,10,0.981769594764276,11,45,0
44,5,17,0.7860474718345268,2,146,0
26,3,9,0.4688789032686761,0,59,0
42,3,23,0.8218926899308446,9,116,0
15,3,9,0.31861910985604186,15,16,0
16,7,13,0.32490954220377677,16,8,1
47,0,12,0.4424438831779708,6,161,0
34,4,7,0.9334490528666595,6,136,0
44,2,16,0.673571682533295,6,147,0
45,3,3,0.9389985536577374,8,126,0
14,2,5,0.47190672285571783,2,87,0
31,6,6,0.8513839077858684,0,94,0
17,3,15,0.27498907779357795,10,115,0
36,6,8,0.16682260367637639,0,47,0
28,7,12,0.5745216651972873,9,9,0
5,7,17,0.7845291364892684,5,44,0
31,7,12,0.7235414084925924,4,106,0
17,5,11,1.0,9,36,0
33,1,4,0.16730839762734845,9,153,0
53,4,6,0.5450998099238842,5,158,0
21,2,20,0.95601898728068,4,140,0
38,2,18,0.9285970731111048,8,17,0
19,2,19,0.8672841712908658,0,152,0
46,0,14,0.44580991607811393,7,58,0
24,6,21,0.8893063065892237,0,161,0
45,4,5,0.6802405602241293,1,112,0
15,3,10,0.45131440275767704,13,87,0
39,0,17,0.4362633263983758,9,131,0
35,7,6,0.8828486585745612,0,37,0
3,3,17,1.0,3,189,0
30,1,22,0.7792013730800867,13,137,0
26,0,9,0.21404156610729438,3,96,0
29,0,22,0.1838804449979638,13,141,0
24,7,17,0.6437088920403777,12,36,0
4,0,16,0.3406672452959768,4,111,0
15,0,20,0.7735520402963384,1,107,0
23,0,4,0.5209528438553264,3,117,0
5,0,15,0.8639165998134122,3,85,0
30,4,17,0.38441991344849663,9,117,0
44,4,7,0.07391701721563304,11,35,0
11,7,5,0.31634331728779264,3,52,0
12,2,20,0.14360802522525584,12,14,0
35,4,17,0.8752921564679416,10,46,0
37,2,23,0.14826661029930738,9,137,0
56,4,11,0.9465337258849951,5,17,0
53,7,16,1.0,8,115,0
42,5,23,0.375578282645805,7,118,0
10,4,22,0.38655544882802884,7,133,0
36,0,17,0.22093511999476545,5,140,0
5,0,7,0.7617360600312796,5,18,0
33,4,21,0.9333996149799495,9,51,0
50,0,7,0.7847657217980377,12,1,0
36,4,4,0.010386114232770138,11,145,0
7,4,16,0.4009363757379916,3,65,0
11,3,23,0.5912869494996309,7,113,0
37,3,1,0.4876163554325279,2,119,0
48,4,11,0.6148550566018056,3,57,0
35,7,17,0.8741571979783441,7,96,0
24,0,19,0.3924435637291895,11,52,0
31,1,14,0.6832069747982108,15,55,0
19,1,10,0.5959940385750656,14,64,0
11,4,8,0.8031322374573644,11,15,0
23,3,18,0.172282602644602,8,111,0
55,1,12,0.9557958090848758,6,134,0
8,1,18,0.7735123180190581,4,166,0
24,6,8,0.6640640365091991,10,101,0
10,5,19,0.33322312750794447,2,9,0
17,2,23,0.549622792519865,7,114,0
35,1,14,0.16670203654632082,0,144,0
35,1,8,0.5987962745673785,10,47,0
3,2,21,0.19486843693778255,3,93,0
49,5,23,0.4185396998323011,5,11,0
19,0,4,0.5681618873892749,8,164,0
42,4,6,0.7975763898413033,1,52,0
5,0,19,0.8894084104022422,0,93,0
25,5,9,0.17445229074738933,2,57,0
5,0,21,0.21738409366421402,5,82,0
31,7,11,0.8833813929115131,1,112,0
28,2,10,0.06360155677863213,0,66,0
20,0,21,0.45471384868550613,5,73,0
11,0,6,0.6925929119786202,9,110,0
5,0,19,1.0,0,85,0
65,3,7,0.5966555534046296,5,161,0
50,3,7,0.5724609053457379,4,125,0
36,5,5,0.08182396384145824,4,133,0
50,1,19,0.6888115313922141,16,157,0
59,2,10,0.35785696914681153,14,117,0
21,6,17,0.4436860764249732,10,34,0
33,5,15,0.5991605379664167,0,148,0
6,2,19,0.49304964053959194,4,144,0
37,3,10,0.15065005340943405,0,29,0
36,7,18,0.7282680560857734,10,160,0
15,2,9,0.056936765822598726,0,103,0
55,3,10,0.07279948366203637,2,138,0
51,4,20,1.0,11,140,0
21,3,9,0.5656850426121542,6,123,0
29,5,5,0.3078201228572856,4,199,0
14,5,9,0.6118111938949427,7,40,0
31,4,5,0.07717373954194502,11,35,0
31,1,21,0.33027706549535474,11,24,0
17,0,21,0.6458554999025423,13,139,0
22,2,0,0.3117657475107545,4,91,0
46,0,7,0.39547794231147476,15,127,0
33,7,6,1.0,6,33,0
24,2,9,0.5342407397678107,5,111,0
4,4,11,0.6373111265908318,4,92,0
28,2,9,0.44116697790522935,11,57,0
15,1,8,0.5434810964642391,11,99,0
35,7,17,0.44255731748892696,7,108,0
23,4,10,0.5119099539909395,0,59,0
16,5,23,1.0,15,68,0
37,3,10,0.45359396256830575,11,51,0
38,0,0,0.9122120192129779,5,138,0
53,1,4,0.9098653564483697,1,59,0
51,0,10,0.8631131054658694,5,60,0
45,4,20,0.6206673190104245,5,88,0
60,4,4,0.15104814020550544,1,142,0
46,4,21,0.19899499980196045,7,162,0
23,1,7,0.7048424141480639,2,150,0
46,7,15,0.4213069765746119,10,120,0
10,7,10,0.6780348547018438,6,65,0
15,0,10,0.8495239214943769,7,70,0
10,0,18,0.04284282355569877,10,35,0
52,5,7,0.2324284852715951,1,163,0
18,3,23,0.47224840030539245,12,74,0
18,1,23,0.9127344010281049,15,30,0
51,5,6,0.309889342030858,13,38,0
25,0,20,0.4965066158241524,8,90,0
21,0,23,0.9318502925678374,14,151,0
47,1,5,0.5863899922437941,3,98,0
60,0,13,0.7345227239472459,7,113,0
33,0,22,0.9544083283697177,1,106,0
37,5,16,0.13860307340525427,9,163,0
16,0,17,1.0,15,23,0
41,3,1,0.10861971777793743,14,52,0
29,2,6,0.2999631747304229,0,93,0
7,0,19,0.3642891729047334,3,134,0
37,0,15,0.5090345912672672,10,155,0
33,1,17,0.6446593859063625,14,43,0
33,7,9,0.32640687799661766,3,33,0
37,6,6,0.5792649465589244,5,79,0
63,4,18,0.548708878538777,3,1,0
41,7,16,0.2805959852510782,1,94,0
35,1,6,0.844996572435811,13,149,0
53,7,12,0.1754251767049242,8,41,0
21,4,21,0.21897237744832704,15,6,0
23,0,23,0.18478469786522597,14,146,0
44,5,15,0.019256047358886752,7,169,0
46,2,14,0.3081556751079766,5,159,0
46,2,4,1.0,8,161,0
5,3,15,1.0,2,26,0
21,6,19,0.8442713772021537,2,136,0
56,4,21,0.639698004775339,17,163,0
11,2,22,0.2244167885692065,5,68,0
50,0,2,0.20964660624055897,2,54,0
27,3,11,0.38991545602956307,2,195,0
42,3,6,0.45496101414641565,10,176,0
5,2,14,0.10676522241834203,4,25,0
1,1,12,1.0,1,121,0
13,7,6,0.6404537495627354,9,110,0
9,1,23,0.6269260213663739,9,31,0
54,0,14,0.45730597913430293,8,139,0
59,5,21,0.9805279598189702,12,172,0
66,1,11,0.8108012444558235,15,52,0
28,5,18,0.504119113877167,14,17,0
7,0,19,0.35492612068454543,7,119,0
43,3,6,0.42750962903701767,5,186,0
28,5,23,0.7854488597623096,10,129,0
46,0,3,0.20011679982266153,3,71,0
53,0,19,0.39385727703336515,6,148,0
13,2,14,0.7032100594174922,0,59,0
47,0,11,0.9366124068185314,8,93,0
41,5,10,0.2168918545052414,0,16,0
43,3,9,0.0691497894693828,7,131,0
56,0,10,0.3353044899665435,14,53,0
54,5,6,0.0663454830923412,3,80,0
15,4,8,0.1348075169844741,12,81,0
37,0,6,0.7930590968523697,14,145,0
25,3,9,0.6500993607201382,6,45,0
27,5,23,0.5913729406761723,5,101,0
14,3,10,0.34234193350850145,14,17,0
38,7,8,0.05537408736606596,12,44,0
54,0,14,0.22064888404615754,11,70,0
41,1,9,0.7980693634531346,0,177,0
47,5,17,0.6308095462137121,6,135,0
2,1,23,0.5759983091953789,2,108,0
39,1,9,0.4980604171500581,10,150,0
54,1,22,0.49489512544095016,4,80,0
52,7,15,0.848317937783534,9,127,0
40,5,23,0.6714074882713914,8,71,0
51,1,8,0.566381179629176,4,48,0
49,5,19,0.7600062585091818,7,134,0
15,1,4,0.6512226250199556,11,15,0
13,0,16,0.539398439162334,4,101,0
24,3,9,0.09220715984716102,0,104,0
3,2,19,0.9640604358001148,0,24,0
48,5,7,0.31530374360005686,9,43,0
54,3,13,1.0,1,4,0
3,1,15,0.79378972898381,3,135,0
5,7,18,0.24507938883014851,5,168,0
54,1,14,0.11670890797201133,11,74,0
51,4,6,0.4049167065487422,2,144,0
49,5,15,0.8212426618216929,9,144,0
30,3,20,0.48337692978811,9,73,0
6,7,14,0.8214953513608538,6,41,0
54,4,16,0.7598392013934896,1,141,0
21,0,17,0.4893857920829974,13,104,0
8,6,5,0.4445187512826122,8,70,0
30,2,6,0.37541469545540673,1,87,0
12,2,6,0.5754917409176943,5,81,0
20,3,8,0.7047692676475259,11,45,0
47,1,6,0.5791966348497971,4,20,0
13,3,20,1.0,3,168,0
21,3,5,0.38115819720150773,11,47,0
57,0,13,0.7146522137528083,11,152,0
59,2,12,0.9250905361365197,4,57,0
14,3,5,0.532279094775099,7,158,0
15,6,6,0.965516357046186,10,40,0
21,0,21,0.7849695502769064,14,48,0
12,0,8,0.9093423766487824,1,50,0
23,0,16,0.6276487748424202,3,157,0
36,0,14,0.5956497439844164,8,152,0
55,0,16,0.4281470612543085,6,161,0
26,1,7,0.44704704571598436,1,141,0
65,0,11,0.8233129057575485,15,33,0
36,7,6,0.8713520880728274,5,69,0
43,2,6,0.7186652145129463,6,161,0
19,0,23,0.8058243083314842,8,106,0
29,1,22,1.0,14,191,0
7,0,12,0.9290045424711197,1,119,0
63,5,14,1.0,3,11,0
53,2,16,0.5370660314475677,4,160,0
41,1,7,0.31506344893308885,8,146,0
47,0,20,0.5394903289793451,5,89,0
14,0,17,0.3535386528308415,5,101,0
15,2,17,0.9340280004515038,0,159,0
13,0,8,0.48254503025186607,10,176,0
30,0,23,0.3298475911630119,10,72,0
24,3,11,0.2794306945329129,0,84,0
46,6,2,0.2579450841520383,3,31,0
40,2,10,0.7764906383815227,2,61,0
33,7,5,0.9832376241054697,2,30,0
14,0,22,0.7797781867703618,0,93,0
60,1,22,0.7378154950111923,12,160,0
61,7,15,1.0,6,11,0
13,2,9,0.5453024725738739,8,115,0
17,3,18,0.8479352251011648,1,136,0
18,7,15,0.14549542039032382,9,119,0
14,6,15,0.8147851908674456,3,162,0
13,6,23,0.42997110434049246,7,30,0
11,1,7,0.821220443475892,11,8,0
17,1,7,0.2609563237466034,7,159,0
27,6,6,0.9082122208380223,14,55,0
45,4,1,0.12140819745400777,10,162,0
57,1,23,0.5020860938684772,2,108,0
18,1,20,0.8407477323589738,14,141,0
3,0,17,0.6401340617471414,3,114,0
46,1,5,0.6223284306637282,9,180,0
43,2,10,0.37999269557596654,12,123,0
16,6,9,0.8338241780582325,12,100,0
23,4,15,0.3952793745182928,12,42,0
14,0,6,0.3174659502323299,8,156,0
47,0,9,0.9843441913115173,6,90,0
9,3,7,0.999834832099529,8,42,0
7,1,11,1.0,1,1,0
39,5,7,0.42571488820212516,9,116,0
31,0,16,0.6197391774252847,4,51,0
5,0,18,0.402345086557976,5,135,0
33,6,13,0.7772864327540709,12,18,0
40,1,6,0.46436984720002433,10,174,0
52,6,8,0.8801653969741356,11,151,0
52,0,4,0.2576988923767722,2,58,0
58,3,8,0.0,1,160,0
51,1,17,0.8360551618513803,14,45,0
39,2,5,0.9824254090108667,6,134,0
30,0,22,1.0,0,106,0
21,2,20,0.1835570092059644,12,18,0
54,1,19,0.8510446492467608,3,145,0
5,2,20,0.23814417866096113,5,128,0
53,2,21,0.15090001567104144,13,80,0
43,3,23,0.42283755853830285,3,144,0
8,7,6,0.5948790850341389,8,56,0
59,7,11,0.996831578144298,13,170,0
10,5,9,0.6219626915479807,10,77,0
15,5,17,0.3126452414032808,2,1,0
38,7,17,0.34794708277965064,8,129,0
43,0,18,0.4229994532074837,4,72,0
51,6,19,0.4685125241377214,6,6,0
6,4,8,0.49961778957429037,4,62,0
20,0,13,0.6078888236771482,6,17,0
20,0,8,0.48924452055500217,6,129,0
38,0,9,0.9353967881996017,11,153,0
17,2,4,0.19392689692143256,5,162,0
22,7,6,0.9677460703961304,15,63,0
46,5,14,0.48808817779037283,1,147,0
15,0,20,0.8032616796089376,6,118,0
15,4,6,0.8673001705943126,13,20,0
22,6,3,0.8647469157486369,15,62,0
47,3,10,0.29898630097374745,10,120,0
42,2,15,0.5746359211184728,2,148,0
45,7,7,0.5237750615420987,3,29,0
18,1,7,0.22132587345330487,7,162,0
58,0,19,0.21259219427459952,13,91,0
12,6,9,0.6666607436518679,12,187,0
34,2,10,0.11871867791019274,4,59,0
27,0,17,0.8858632193547555,8,32,0
30,6,5,1.0,6,148,0
38,0,9,0.8685044603265636,4,76,0
52,0,20,0.8517783122756617,14,52,0
61,0,11,0.9191242975904047,13,36,0
46,3,4,0.5267684200690782,3,105,0
36,1,21,0.4614749412324079,3,96,0
7,0,17,0.26295192919663196,5,149,0
11,6,10,1.0,8,164,0
22,0,15,0.599669907310959,13,112,0
48,7,17,0.26249013752213346,9,103,0
55,3,18,0.7732307572393192,4,161,0
24,2,21,1.0,3,176,0
1,2,11,0.43520930896705323,1,62,0
32,4,15,0.27273034122329476,10,128,0
35,0,20,1.0,0,97,0
39,0,1,0.1636643552875879,6,147,0
33,0,8,0.17172993906032513,0,90,0
35,3,3,1.0,11,141,0
15,4,22,1.0,5,144,0
50,0,7,1.0,0,60,0
6,0,11,0.8800602599787924,6,23,0
46,4,11,0.642343817058202,2,61,0
3,6,6,0.0014416617981928004,3,50,0
15,7,16,0.5769545218949238,3,115,0
38,5,7,0.9276183550059841,1,12,0
52,1,10,0.8947383372746994,12,1,0
2,0,16,0.3227754593830346,1,111,0
31,2,18,0.43253713443344893,6,61,0
39,5,14,0.0950601099603705,0,50,0
52,4,20,0.6023212709529207,3,84,0
24,1,3,0.7608034750321666,10,59,0
52,6,23,0.9510761835639432,7,162,0
23,3,10,0.5221045032187651,1,195,0
24,6,20,0.9192069949096872,0,157,0
66,2,7,0.6365816957076154,7,54,0
7,5,17,0.15674653902900296,7,170,0
60,6,11,0.16961736991687282,13,90,0
15,0,16,0.1852327886479902,0,109,0
58,2,6,0.8534579106245237,0,66,0
18,7,7,0.7113048973579906,12,26,0
24,0,9,0.19799779417271335,6,154,0
8,0,14,0.2583448268963918,6,160,0
31,3,21,0.5041481935023382,8,79,0
2,0,21,0.12420244985597079,2,103,0
28,0,6,0.8775496430538692,4,137,0
4,3,20,0.4099687319397421,3,19,0
43,2,3,0.5291799481840247,8,47,0
16,4,13,0.8889970996645049,6,180,0
22,3,6,0.3959272165796106,6,98,0
10,2,21,0.2328060351886911,1,15,0
50,2,21,0.8440887266251873,0,173,0
9,3,17,1.0,4,30,0
14,4,6,0.6139196440003671,9,49,0
50,0,6,0.08833524770124948,6,67,0
19,6,19,0.6874109499750687,13,65,0
11,3,12,0.46519389139605094,11,64,0
7,4,23,0.3945526571194292,4,152,0
57,3,19,0.7079096412440582,0,140,0
62,7,23,0.2575696432352631,10,13,0
61,0,11,0.8352771597816799,7,132,0
36,4,6,1.0,9,75,0
60,5,15,0.7439393410846393,1,140,0
56,0,15,1.0,9,118,0
52,0,20,0.5121763234240614,6,94,0
32,2,23,0.8422336152293416,13,181,0
49,4,10,0.21036282908569073,12,56,0
11,1,17,0.2726364777347714,11,23,0
22,1,20,0.09500497798649762,15,87,0
40,3,4,0.21085892951219642,0,82,0
55,0,11,0.7727324646747442,10,154,0
35,2,17,1.0,9,57,0
45,7,2,0.9965719710179369,0,167,0
27,7,8,0.3214540659775216,0,34,0
28,7,7,0.17516781803886203,8,163,0
20,0,5,0.9629065366547243,2,18,0
49,2,23,0.8420962982912246,1,139,0
9,4,20,0.37404700472118924,2,20,0
37,7,18,0.22292119776188735,0,86,0
58,0,17,0.8518386414587609,9,126,0
17,0,6,0.22416510045242521,9,161,0
3,7,8,0.16759379300411992,3,55,0
49,1,12,0.5370654420896098,4,101,0
55,1,5,1.0,3,60,0
45,1,4,0.37540966966461836,5,205,0
6,0,17,0.360847836630386,6,114,0
27,1,16,0.4232051776441822,5,55,0
39,0,17,0.8568069435307147,10,42,0
47,3,15,0.30636033121798045,7,163,0
19,4,23,0.8749480611174093,12,56,0
19,0,23,0.7919348941534474,14,68,0
3,0,14,0.28811309016245645,2,64,0
14,4,9,0.5408502075473025,11,64,0
31,2,22,0.383736750185405,3,56,0
11,5,6,1.0,11,37,0
29,1,16,0.61477627761146,14,127,0
21,0,9,0.28070961333399486,5,111,0
54,6,7,0.23412395079042103,1,166,0
32,3,21,0.8900593646584771,14,182,0
5,7,14,0.8339297411875498,5,53,0
55,0,11,0.7880629706464486,6,170,0
28,0,12,0.4877818961464161,6,71,0
13,7,11,0.7236097276716816,13,34,0
63,1,13,0.6228819102456126,11,156,0
62,4,7,0.42036262128834057,4,25,0
32,0,14,0.1486483933020747,0,132,0
48,0,13,0.41723775910617666,6,145,0
26,1,23,0.222429199483891,8,78,0
16,0,21,0.6579575540057876,9,91,0
51,4,17,0.7146275366570916,6,89,0
19,2,15,0.4345628918779224,7,79,0
5,4,14,0.7080891983857514,2,39,0
64,4,11,0.2661018035769388,11,61,0
13,4,7,0.755526229701701,8,38,0
34,3,18,0.7030466180556947,11,94,0
11,0,17,0.3302844379782554,9,83,0
36,5,17,0.15426309519562578,8,156,0
15,7,16,0.7601541328288633,3,162,0
32,6,7,0.11810715828839506,12,55,0
12,6,8,0.5907169282158387,2,92,0
4,4,14,0.4195717201205013,1,84,0
61,4,12,0.2713097100424635,10,76,0
28,2,12,0.2783217522117975,5,104,0
15,1,14,0.2631580061788303,15,14,0
15,4,10,0.6212161707854894,15,68,0
7,3,22,0.5685291667837823,7,87,0
22,7,7,0.9112918023710558,4,28,0
36,1,9,0.4938406707411471,14,140,0
17,3,23,0.015830926642945914,12,56,0
16,0,14,0.9146219694223826,5,11,0
30,3,2,0.5413241326480729,9,44,0
25,0,17,0.800444927470649,15,50,0
22,2,23,0.7375775938171615,3,126,0
41,5,10,0.9105406038645896,2,104,0
44,7,8,0.24863606803683136,0,50,0
13,2,4,0.7451236195108277,13,27,0
17,3,22,0.7534845266113133,14,75,0
14,4,14,0.8779084298365422,6,172,0
7,0,15,0.4164871455990723,7,129,0
47,2,9,0.7972768889041676,14,1,0
27,0,23,0.6311021210117078,13,92,0
47,3,7,1.0,0,49,0
31,4,7,0.2633556082352063,7,185,0
16,2,23,1.0,7,160,0
23,2,22,0.5999976950511511,4,171,0
56,1,5,0.2376756079819857,2,62,0
35,4,4,0.7918856883701814,11,22,0
34,1,23,0.968475552174241,2,108,0
16,5,23,0.33972125479117576,9,93,0
52,3,9,0.5276662944160134,4,143,0
19,6,11,0.7738533825830017,12,38,0
14,1,21,0.26955117874134243,14,139,0
36,2,23,0.5113569013574135,6,109,0
42,0,4,0.21267781439894892,9,132,0
59,3,10,0.1128506121090209,13,63,0
6,0,16,0.24789163596870356,6,118,0
12,1,21,0.0,8,76,0
58,0,19,0.8276405056614446,3,166,0
4,6,13,0.7613633580610722,3,47,0
7,5,14,0.6054233013008959,2,52,0
13,6,7,1.0,13,46,0
25,5,18,0.7067398205124028,3,148,0
33,3,7,0.9921540916504249,5,164,0
55,7,15,0.19652764512874205,8,76,0
36,3,2,0.32917857332995004,6,112,0
43,4,3,0.7584432714199685,1,50,0
14,5,10,0.4247848814124356,7,68,0
53,0,21,0.12427862608343654,15,102,0
37,2,7,0.648883661512254,6,47,0
26,0,22,0.0,13,152,0
1,7,8,0.6791869873000614,1,81,0
19,0,22,0.7863061137283318,8,92,0
28,0,15,0.47845887269063064,6,63,0
2,1,18,0.8154698386410625,2,70,0
29,1,18,0.8478975568145208,0,139,0
38,3,20,0.7773958573669212,7,96,0
18,1,10,0.5681051784298865,2,160,0
59,0,11,0.958726952918611,9,138,0
36,0,21,0.9898220104555733,11,173,0
20,3,8,0.32533642480417746,1,81,0
28,2,16,0.5334015795794375,13,46,0
3,1,12,0.9716671893119293,0,114,0
17,4,21,0.6464680776492431,12,94,0
61,3,13,0.19367275149725946,11,74,0
7,1,15,0.39918189771169715,0,49,0
6,1,16,0.784459743030093,6,136,0
67,1,9,0.5081534249924631,4,29,0
53,0,11,0.8727438966784912,11,131,0
47,0,19,0.3622488514029645,9,43,0
63,4,14,0.8050927923168725,13,161,0
34,4,22,0.8775833642616895,11,47,0
0,3,15,0.5673640894789119,0,80,0
21,6,6,1.0,15,62,0
36,1,5,0.3942540349499074,11,45,0
65,0,1,0.8118994566983351,0,163,0
63,7,21,0.6728501894615385,11,175,0
12,2,5,0.2912649594871675,9,76,0
26,1,8,0.9352796052120785,1,42,0
41,0,22,0.9335701178950148,11,161,0
9,2,18,0.3253056934741106,6,128,0
14,5,7,0.622442609091266,12,48,0
7,3,14,0.12219914516827708,7,2,0
3,5,7,0.10174278400116815,3,46,0
60,5,12,1.0,7,120,0
14,0,17,0.8506156950682113,14,21,0
49,4,10,0.8508295288839114,8,152,0
23,0,20,0.8794026716855726,6,178,0
38,7,7,0.47805140068636015,6,76,0
6,0,17,0.701006325643534,4,71,0
29,7,14,0.45622965044362973,7,61,0
14,7,9,0.7505527386773296,6,170,0
35,1,17,0.4283391141111366,6,102,0
6,0,8,0.12405452466763528,6,151,0
7,3,16,0.5601749949008514,1,128,0
56,0,17,0.6126667581016387,7,124,0
51,4,8,0.9122264230827,6,129,0
11,2,20,0.08294303641079542,8,71,0
17,0,9,0.40472183287084296,15,60,0
26,5,4,0.8263555969728564,14,56,0
19,3,15,0.2799950957052274,13,22,0
39,2,7,0.824012883787486,5,62,0
39,3,20,0.32158623835511985,6,99,0
41,1,10,0.7002016443887258,10,149,0
28,4,4,1.0,7,123,0
62,0,13,1.0,13,47,0
41,3,14,0.27320044464079424,7,172,0
5,5,10,0.8096039933443279,2,27,0
24,2,23,0.1945600268951669,9,53,0
27,0,18,0.6675479682049235,15,38,0
52,0,6,0.0985832154802383,1,44,0
37,5,23,0.4814635310240459,5,95,0
58,1,18,0.05570801102106106,11,119,0
26,2,8,0.5354581972961441,13,65,0
15,1,9,0.7285319914972304,15,119,0
21,6,6,0.8169131236808795,14,101,0
6,0,16,0.44544993207708716,6,119,0
47,0,19,0.9402171369020524,11,179,0
5,6,6,0.5053308927551532,5,62,0
33,0,19,0.044963195743020296,12,86,0
37,7,7,0.4014502763432247,0,24,0
23,5,19,0.954871982882665,1,153,0
60,5,20,1.0,8,163,0
24,1,9,0.09781199530828419,2,58,0
41,2,1,0.36467781171626423,9,149,0
71,0,10,0.9582975318944297,15,41,0
28,0,18,0.2929778993501407,7,99,0
42,7,6,0.6069299815446151,7,77,0
50,1,12,0.5407785343308669,7,156,0
20,5,22,1.0,0,133,0
16,4,11,0.37861221571823506,16,80,0
3,1,17,0.913917943163237,1,107,0
5,2,11,0.18399301113801342,5,147,0
34,2,9,0.17343663359276656,0,97,0
53,4,15,0.03466392481137531,12,56,0
53,0,10,0.7272772822749232,8,146,0
10,4,7,0.6055449202573651,9,67,0
8,7,4,0.5727773914556695,6,73,0
24,2,23,0.573113215982979,10,92,0
9,0,13,0.9326318681951558,5,72,0
38,1,19,0.8920884235227946,10,148,0
11,0,11,0.6390583867114096,9,121,0
40,7,3,0.6923410546373172,4,13,0
20,7,15,0.9265205547599796,6,138,0
49,3,4,1.0,0,57,0
36,6,14,0.7020570085409337,5,32,0
42,0,21,0.3946748536518643,3,149,0
31,6,3,1.0,10,43,0
16,2,22,0.0,13,69,0
8,4,16,1.0,5,182,0
27,0,19,0.6100192011531084,0,168,0
42,7,4,0.2833698046917702,0,15,0
25,0,23,0.36509059362804863,10,76,0
23,5,13,0.6942393780333526,12,44,0
33,7,15,0.728472242206986,11,61,0
29,1,15,0.7897752040991758,13,105,0
12,2,11,0.0503092453026506,2,101,0
43,0,17,0.29175119570578945,13,73,0
25,0,14,0.1907610351714248,0,136,0
47,7,9,0.895834740275386,12,138,0
23,0,4,0.45490083690148886,6,129,0
7,3,21,0.4543090199764317,5,144,0
8,7,13,0.8559804075693132,1,53,0
46,2,16,0.3380251103778502,3,158,0
11,7,16,0.8178450887427308,5,52,0
38,6,9,0.9895421780633603,1,34,0
36,7,7,1.0,3,40,0
33,1,11,0.4224519977627783,2,77,0
37,1,11,0.6282747149903701,0,140,0
42,0,14,0.6005367116279874,10,134,0
40,2,3,0.3066064431779923,9,142,0
7,3,17,0.7648741983559822,7,36,0
38,7,5,0.6413444003145389,10,61,0
38,0,16,0.15078519733550444,0,133,0
55,0,11,1.0,10,129,0
34,1,23,1.0,10,123,0
31,3,2,0.6137613830729476,11,35,0
13,0,23,0.25686000585012053,7,20,0
53,1,13,0.11287661355657808,13,71,0
2,2,13,0.9124708906142287,2,173,0
31,0,23,0.39777913963008044,11,104,0
5,3,23,0.0,5,8,0
11,7,14,0.6474134436411979,2,31,0
65,0,12,1.0,7,131,0
14,5,16,0.3615621878228415,11,26,0
14,1,23,0.1748166633319616,11,13,0
38,6,9,0.16380153460768915,14,32,0
23,1,23,0.9256601299783203,12,28,0
10,7,6,0.96335368220112,9,52,0
37,6,9,0.9828988312971328,0,29,0
44,7,13,0.9269012896764417,6,124,0
17,5,1,0.24502477196282055,8,87,0
49,7,8,0.8591277652571088,1,44,0
45,0,13,0.9577310278644373,6,134,0
44,4,19,0.4097134616852972,9,101,0
15,1,14,1.0,12,35,0
10,3,19,0.5478415763914305,0,153,0
41,7,2,0.26283041155511055,1,26,0
30,5,15,0.3467775739825104,7,122,0
19,3,18,0.8119788490215945,2,147,0
11,6,10,0.5135682676175435,4,175,0
6,0,8,0.7014071201377686,2,5,0
9,0,22,0.8398920770347947,9,39,0
36,7,5,0.9384321683642548,9,127,0
13,5,5,0.8095932694854722,13,24,0
21,6,4,0.23161696358674885,9,75,0
49,1,8,0.618117835052877,15,45,0
7,2,15,0.8659380981292112,7,168,0
24,0,6,0.2880386870170287,8,114,0
20,0,19,0.5187030516655762,11,110,0
10,2,23,0.445928119198285,10,135,0
6,0,17,0.34467746399581123,2,104,0
6,0,5,0.5841214372695962,6,5,0
47,1,8,0.3901363155978782,6,184,0
12,5,21,0.6445433152841324,8,45,0
40,4,8,0.5014653734115571,9,182,0
57,3,6,0.5950285223179702,6,148,0
8,7,8,0.7604817700415264,0,63,0
38,2,14,0.2846212366518879,2,122,0
53,7,14,0.7886441920998332,14,157,0
30,2,23,0.944759173496996,4,127,0
32,7,8,0.3967668969205305,5,92,0
49,7,4,0.9892454432081151,9,60,0
17,0,4,0.3343282527024959,8,170,0
25,7,5,0.872007670670394,15,57,0
58,4,5,1.0,0,43,0
47,1,8,0.3055893247748554,0,96,0
46,7,16,0.04049246919421032,8,167,0
12,4,10,0.11914097180930222,7,91,0
27,4,6,0.08970702738125218,17,44,0
53,5,12,0.6523124697960232,1,75,0
28,0,20,0.5969533499852008,14,50,0
32,6,9,0.9141314081999103,0,16,0
38,1,17,0.6943921355515456,3,184,0
41,6,16,0.021335201709587664,0,159,0
60,5,18,0.7427371801638037,10,147,0
16,5,10,0.3936609795301951,16,76,0
53,1,18,0.8126387887924159,7,142,0
57,0,10,0.7989886139205186,10,148,0
4,5,18,0.2448094693398826,2,56,0
3,4,9,0.2636157260745686,3,53,0
48,1,19,0.6512886895071123,0,137,0
19,0,22,0.42837846663034773,10,70,0
7,7,11,0.37907371376968724,3,85,0
19,6,6,0.2488759301393378,10,87,0
43,0,9,0.4507824995778269,4,79,0
40,1,3,0.5407915464108238,13,48,0
41,3,9,0.3594324021103959,12,129,0
49,6,4,0.7987683233471535,1,58,0
57,2,11,0.5893009016840922,8,141,0
11,4,8,0.05250499916871523,3,106,0
47,6,10,1.0,9,114,0
36,5,3,0.2508018729353643,2,32,0
27,1,16,0.7248330022201588,12,65,0
39,2,22,0.30140657406624005,0,150,0
23,7,15,0.674638474924645,6,176,0
50,0,18,0.736394539955933,6,58,0
56,3,18,0.9305167951010088,1,147,0
57,0,18,0.5098575055833496,9,150,0
12,3,14,0.35924283934291423,12,70,0
56,0,17,0.7903332950144237,2,109,0
32,1,18,0.8334330570408347,7,107,0
5,5,12,0.8870066239584096,4,169,0
27,0,20,0.4678459929996764,8,92,0
5,2,19,0.054727194682518,2,1,0
37,0,8,0.7010505402818802,12,150,0
18,6,3,0.8878705253555442,16,60,0
37,6,6,1.0,9,39,0
9,0,15,0.8879900393819766,2,98,0
33,6,20,0.4750934753787815,8,56,0
26,2,14,0.8873686123010364,13,59,0
7,2,12,0.6969709954635909,5,77,0
51,2,11,1.0,7,1,0
30,2,3,0.26263188320541025,5,131,0
27,7,15,0.7052672378230572,9,42,0
33,0,10,0.5430618064189631,16,148,0
36,3,9,0.7392070666514776,6,126,0
53,3,11,0.9939230061622777,1,35,0
6,3,6,0.6089993252701666,4,96,0
12,3,22,0.8805900901968978,5,45,0
6,4,21,0.7330783263409582,3,113,0
21,2,13,0.6890947730346362,3,101,0
34,2,5,0.7674787258164566,5,165,0
22,4,9,0.1775945161126801,5,177,0
58,2,6,0.8418018683704502,10,5,0
5,6,12,0.856757833159159,5,74,0
18,0,17,1.0,13,11,0
6,2,21,0.4414225576374277,6,133,0
39,4,6,0.10614951006690226,14,45,0
35,0,15,0.16505890835399617,2,132,0
2,0,19,0.8732004846985557,2,66,0
31,0,20,1.0,0,117,0
41,2,5,0.4023476950325854,5,119,0
36,5,4,1.0,11,140,0
18,3,21,0.17145948438892267,12,63,0
7,0,9,0.5393098660423887,7,116,0
38,4,11,0.9158966836368843,0,93,0
19,4,20,0.8648583634068656,17,60,0
19,2,16,0.456672911300311,12,5,0
6,1,6,0.6228107100516164,3,7,0
6,0,3,0.5466103575974756,3,9,0
66,5,13,0.19869188766114798,12,76,0
27,0,20,0.05005220572087001,10,99,0
27,7,6,1.0,4,139,0
42,4,14,0.06434369212971523,0,26,0
38,0,18,0.0,8,108,0
44,1,7,0.2403212863631138,13,130,0
53,4,14,0.13739296191761985,12,100,0
15,7,19,0.4008549770293435,15,124,1
39,1,12,0.3898629264025485,9,131,0
31,0,6,0.8208340777860241,2,11,0
6,5,12,0.9170122028366683,5,53,0
36,3,4,1.0,3,128,0
5,3,23,0.2805654381874584,0,108,0
50,0,10,0.3788036416214067,5,173,0
17,2,19,0.8934715728746232,1,128,0
23,4,3,0.8522861990814277,14,45,0
50,0,13,0.45445658724708493,4,144,0
37,2,21,0.5285531471378494,6,78,0
11,2,16,0.9030540138381633,6,164,0
15,7,20,0.4038006385298159,14,100,1
55,0,11,0.7749140608938592,11,44,0
10,7,11,0.7249164788006054,3,41,0
18,0,23,0.8511714819528879,14,169,0
62,0,10,0.6757862573137073,6,12,0
13,3,3,0.9598248418871247,13,1,0
59,2,7,0.5233650594937058,4,157,0
26,2,12,0.40771932349060414,1,157,0
4,0,20,0.5471101769693121,1,119,0
42,0,12,0.7374033095440725,4,148,0
65,0,9,0.8289368263584698,0,147,0
25,0,22,0.15874671049026642,11,146,0
21,7,21,0.49151357668093376,11,157,0
32,7,23,0.22151998980779375,2,74,0
64,0,15,0.5164960086546666,8,166,0
47,0,13,0.5055437968011873,7,164,0
13,1,19,0.7012678230143642,2,130,0
21,7,18,0.6176688022029277,12,42,0
26,2,22,0.5444200409954234,12,143,0
7,1,18,0.4889123918876905,7,115,0
0,2,16,0.44048955834000475,0,81,0
12,5,16,0.42313048080586346,12,41,0
4,2,16,1.0,1,161,0
18,0,18,0.8532973412355183,0,136,0
9,0,4,0.6043688078162724,9,144,0
15,1,15,0.9747346373212381,15,30,0
22,2,23,0.04370111768303049,10,70,0
3,2,23,0.13242782784800194,3,96,0
9,4,20,0.39130152024001513,3,21,0
63,0,21,0.2961905657262328,11,104,0
10,2,9,0.04793863018642154,9,68,0
55,7,6,0.08116696514187671,1,165,0
10,1,4,1.0,10,20,0
48,7,15,0.424317844587709,11,102,0
6,1,19,1.0,1,83,0
18,3,21,0.37959559496827616,6,76,0
55,3,21,0.5718111692103551,5,132,0
38,3,12,0.5796320509468068,11,62,0
15,0,20,0.3337244079374626,7,27,0
58,1,6,0.5092931348181784,8,39,0
2,0,11,0.34703771332503053,0,40,0
59,0,14,0.8517055313282296,10,24,0
52,0,19,0.5048460987506852,6,160,0
26,3,11,0.46251030526639003,11,63,0
37,3,23,0.9615199611791374,1,133,0
4,2,19,0.21097154735044493,3,120,0
12,0,21,0.39473518872691726,0,138,0
14,7,17,0.3127179066804805,1,27,0
13,4,19,0.23608583308578407,5,122,0
64,1,11,0.8029640793627536,12,46,0
58,0,15,0.6158137141619062,3,135,0
59,0,14,1.0,3,13,0
38,0,21,0.6374219966926765,6,180,0
23,3,18,0.4741759816042018,13,78,0
1,0,5,0.7066778922097797,1,5,0
57,6,8,0.13396953522482746,1,146,0
23,1,13,1.0,15,31,0
15,5,6,0.5886381662094337,15,115,0
28,0,10,0.5272124158895622,3,65,0
32,6,20,0.31358986803258815,0,78,0
50,0,17,0.8304151623867102,15,58,0
33,5,17,0.7326245728740187,14,47,0
50,4,13,0.22529858115502588,13,137,0
15,0,14,0.2080766937930403,0,171,0
58,6,21,0.7897116783507321,8,173,0
29,4,5,1.0,8,140,0
17,0,23,0.16414029940635802,4,3,0
41,6,18,0.8071776220725657,6,122,0
23,1,23,0.5875605162231955,0,77,0
41,7,2,0.42367753569694383,1,14,0
48,1,5,1.0,0,60,0
7,6,11,0.8326159689357315,7,34,0
51,2,9,0.6372565104696142,13,41,0
19,4,10,0.5640907067824199,14,107,0
55,7,20,0.9700094798186987,7,100,0
45,4,7,0.8684570426664134,14,65,0
41,4,6,0.0644474250462654,9,132,0
47,7,6,0.30477537205793426,2,160,0
13,7,7,0.7043332239548585,7,54,0
25,3,10,0.26559777651725813,0,70,0
17,3,16,1.0,0,154,0
35,5,7,0.3371890814543423,1,194,0
59,2,10,0.6457232480884159,5,156,0
0,5,7,0.43966228220310893,0,71,0
3,0,16,0.6054448695576405,1,136,0
63,1,5,0.5148864180729403,5,162,0
12,4,20,0.7618798114221565,12,34,0
11,1,16,0.19470519464484087,7,133,0
23,6,6,0.8811335739555134,13,102,0
60,6,16,0.47877882384483683,10,15,0
63,4,20,0.14826659961941352,9,1,0
38,1,4,0.8863556865710543,3,38,0
33,1,6,0.25007093021217264,12,42,0
16,2,2,0.7443509103653206,11,27,0
24,7,12,0.5154574440602132,11,78,0
52,2,5,0.5747309777424879,1,97,0
23,0,19,0.7966386841626054,10,41,0
32,0,21,0.04487327435900887,11,117,0
28,3,19,0.706454763665509,9,63,0
14,0,19,0.008070136779472825,11,12,0
19,4,13,0.7732884107448271,3,179,0
8,1,23,0.31586058217840673,8,141,0
14,1,20,0.03045083849852004,14,1,0
19,6,8,0.6069781394231294,10,113,0
41,5,6,0.42751925712411565,9,33,0
12,1,8,0.286506331471824,7,164,0
45,0,2,0.6464813969970319,6,116,0
28,7,22,0.35105134473875643,1,71,0
48,7,21,0.31171638807301505,10,110,0
52,6,10,0.8872044419433704,11,85,0
39,4,7,0.4749643854930062,4,61,0
10,7,23,0.20803869869449235,6,68,0
29,0,2,0.6642195023996729,10,45,0
38,7,8,0.8396947027771109,0,17,0
64,3,19,0.44923286287649233,8,1,0
7,7,15,0.14256921281517823,7,160,1
11,5,5,0.24200520043294016,11,69,0
42,5,6,0.9156214694688002,6,108,0
27,1,18,0.4125560194787516,13,39,0
15,1,13,0.7705161519061382,6,17,0
11,3,8,0.7033338660034875,11,25,0
17,5,13,0.9936244852936679,8,150,0
29,3,19,0.422253463251306,3,138,0
20,5,14,0.7027550355856015,3,69,0
14,0,16,0.9452391199831655,14,36,0
13,0,13,0.1690495438578696,2,146,0
10,1,23,0.48385130899349027,3,98,0
29,7,7,1.0,5,54,0
19,7,12,0.5256676746894327,0,123,0
12,2,16,0.19576598855847044,12,9,0
34,2,9,0.07565699150027261,0,90,0
6,7,4,1.0,6,50,0
27,5,4,0.8991912457478999,17,48,0
7,0,18,0.6510473302174709,0,7,0
38,0,15,0.09343924201888576,6,109,0
34,4,3,0.5503730105513678,10,38,0
45,5,14,0.14716510221205362,10,114,0
10,1,16,0.14258827762241533,6,12,0
64,5,12,0.25605534595241053,10,58,0
40,3,3,0.21577385246943387,6,141,0
59,0,4,1.0,0,63,0
56,0,7,0.8902409371387671,11,13,0
32,2,18,0.13498170420039424,0,140,0
43,0,23,0.8347864118055365,10,49,0
45,0,8,0.5927858145137727,4,35,0
58,0,17,0.2390058193803793,9,96,0
44,0,18,1.0,13,159,0
48,1,23,0.4925399169156672,9,100,0
55,5,21,0.7291767266159455,0,154,0
56,6,15,0.914566837223125,10,116,0
63,4,3,1.0,1,49,0
25,2,1,0.7742646144475718,8,49,0
56,7,7,0.900208449675931,11,166,0
17,0,21,0.5502551338442605,9,102,0
24,2,17,1.0,2,160,0
53,7,10,0.8131270266534572,9,107,0
14,0,14,0.14591514150322646,0,154,0
21,2,19,0.8328485682623998,0,150,0
55,4,9,0.20689306754444542,10,41,0
34,5,23,0.20486256803536892,0,83,0
27,1,23,0.24648484762059117,14,133,0
16,7,8,0.711089585205004,10,62,0
67,0,17,0.2481340791340524,12,76,0
41,5,23,0.9159376179079018,12,52,0
26,7,10,0.9863400815214762,3,99,0
58,1,8,0.411601524088837,12,115,0
13,6,10,1.0,13,34,0
41,7,4,0.2218291370498057,1,21,0
16,3,21,0.9041567134117909,6,65,0
6,1,7,0.6825866389857205,6,1,0
37,5,4,0.7801247824500801,8,52,0
21,0,8,0.34558643558155083,10,22,0
4,2,16,0.8687302412721886,2,185,0
46,0,17,0.4249950115028879,5,56,0
64,1,22,0.3519833443441616,5,104,0
37,0,8,0.7310372749351693,1,52,0
44,0,14,0.32095414460444505,0,147,0
62,6,15,0.6711539291478791,1,97,0
47,1,9,0.6114294349524568,11,45,0
12,7,11,0.46519771030520735,8,72,0
39,3,6,0.7131367412878798,0,72,0
34,6,5,0.8822198090911548,6,166,0
41,6,6,0.46232542795802967,8,88,0
15,6,19,0.9631036179026091,0,167,0
62,3,14,0.19098892546367102,15,68,0
59,0,10,0.9375200234245555,5,104,0
56,1,23,0.7489129237826541,3,143,0
25,0,11,0.0,0,60,0
56,4,16,0.135570383511412,10,86,0
56,4,7,0.7457445923931068,6,26,0
11,0,21,0.8572135166270088,0,86,0
13,4,23,0.6272670924218797,7,115,0
35,6,5,0.9461170372473091,6,39,0
42,5,7,0.7157217597822815,0,37,0
34,7,5,0.0871976777938277,16,34,0
41,7,3,0.9363228590944743,0,160,0
44,4,3,0.10200112443130224,12,136,0
49,6,8,1.0,9,155,0
42,1,16,0.21280967934353612,0,139,0
49,6,13,0.024108545601277453,12,74,0
65,0,14,0.9126092893600399,10,115,0
54,1,17,0.2801242332459735,0,148,0
57,7,22,0.06638314787850333,5,29,0
43,3,20,1.0,9,45,0
18,7,23,0.29967285438846264,12,158,0
19,7,22,1.0,6,152,0
8,1,22,0.17394595913962035,0,102,0
7,0,23,0.7830592866005266,1,116,0
16,4,19,0.6246080990183899,12,49,0
41,7,17,0.3929712112310784,4,106,0
38,4,20,0.5926864249627093,5,132,0
55,3,6,0.6880520963455836,0,57,0
45,0,6,0.5444641181521591,0,110,0
29,3,23,0.9648552135467087,9,141,0
13,0,14,0.13009846094834793,1,133,0
28,0,10,0.15179185369120254,1,101,0
5,0,19,0.5995817483119266,5,87,0
15,1,19,0.973568330518247,4,9,0
24,5,17,0.5940946810069084,3,127,0
61,5,6,0.26820336250993343,0,130,0
43,4,2,0.23654875220336535,6,76,0
14,3,14,0.7719631682204053,0,37,0
16,2,18,0.8888490171592607,0,72,0
46,7,12,0.8117518624733506,4,106,0
22,6,22,0.6592049790416696,12,69,0
16,6,17,0.43761669663557456,16,28,1
15,4,8,0.7674646536956838,11,91,0
18,7,13,0.8966130137290377,6,165,0
38,7,6,0.07601071525527577,14,36,0
26,4,21,1.0,3,161,0
43,3,8,0.6978024697381167,9,60,0
29,7,21,0.20368111980311285,9,167,0
64,0,5,0.8417416363256266,0,173,0
8,2,15,0.2422522191821146,3,128,0
33,6,6,0.6453031648715778,12,43,0
23,6,19,0.8865149809539494,0,185,0
53,0,9,1.0,0,67,0
40,7,11,1.0,4,104,0
22,2,23,0.8171837576378645,10,72,0
16,0,18,0.6958418825787481,6,77,0
9,1,14,1.0,4,158,0
19,3,22,1.0,6,136,0
46,0,16,0.7443232244542443,5,69,0
35,5,8,0.8846825400762737,4,28,0
58,7,4,0.15505496472146568,3,169,0
15,2,15,0.09559981524674252,3,1,0
51,2,8,0.7740232239962392,14,121,0
6,0,18,0.4678551992609865,1,126,0
10,7,13,0.907793397216841,3,161,0
4,7,16,0.9708900116918138,3,51,0
10,7,7,0.8172273503391342,10,35,0
37,4,23,1.0,10,120,0
35,5,4,1.0,4,135,0
29,3,15,0.2369446011923736,6,152,0
44,2,23,0.5702743738666881,4,100,0
6,7,14,0.794131535862781,6,42,0
50,0,12,0.600209147544639,10,106,0
60,6,23,0.0894800678455118,9,13,0
19,0,4,1.0,3,32,0
27,5,21,0.49468448148660504,9,86,0
8,0,14,0.9331164926254647,3,129,0
9,0,16,0.26623970865153235,3,14,0
23,1,17,0.7037273811711411,2,121,0
57,7,18,0.20368689980536944,5,21,0
41,0,23,0.3529089659213717,0,141,0
7,7,13,0.7869110081591646,7,63,0
43,3,17,0.6129852703325676,9,149,0
27,5,9,0.30397822236131045,4,159,0
30,6,17,0.9286761502657157,9,115,0
4,2,15,0.4736445487229236,4,113,0
38,1,11,0.607057441359978,14,171,0
47,6,4,0.8036269166580412,9,105,0
13,0,5,0.2766003974145977,8,172,0
22,0,17,0.9146046769653005,16,35,0
53,0,6,0.3358262576650827,3,74,0
27,0,18,0.4608127192322685,5,72,0
20,3,18,0.3897642492790779,6,1,0
12,2,6,0.7932520324170437,12,6,0
46,4,7,0.03229211798539508,9,37,0
31,1,4,0.12303835550717333,12,49,0
4,2,15,0.005679573567064597,2,26,0
1,6,13,0.8166991725346573,1,50,0
4,2,14,0.6805824459710559,0,78,0
43,0,11,0.5772281894856037,16,132,0
10,0,12,0.24340523208988565,4,145,0
50,0,3,0.13795517159098908,6,56,0
13,2,21,0.29936895687834575,13,101,0
11,0,14,0.16362533833253978,0,152,0
2,7,17,0.680174368968252,2,21,0
14,7,12,0.4629649113965014,14,116,1
14,4,17,0.3658122700163061,7,114,0
28,6,9,0.30496452034537735,6,183,0
36,3,17,0.9775749834698887,8,39,0
50,3,18,0.6603158992936023,2,141,0
16,5,14,1.0,5,121,0
9,5,5,0.3221558276113786,9,104,0
13,7,12,0.7820814337121553,6,177,0
13,2,16,0.46338154801822196,13,79,0
34,3,6,0.4938908020139131,6,30,0
26,6,14,0.5556651786926707,11,73,0
6,3,17,0.4316649043907334,1,110,0
8,5,6,0.6508271831311689,8,68,0
10,5,8,0.48783815473909214,10,60,0
49,2,10,0.7923232420709219,3,42,0
11,7,15,0.5283496984933362,4,36,0
10,5,15,0.7877910764044872,10,45,0
47,1,16,0.5744490190956346,11,64,0
57,6,13,1.0,10,120,0
45,6,13,0.770162278608092,6,43,0
57,4,12,0.5241150214700596,6,144,0
16,5,13,0.3041310400347044,14,69,0
7,1,20,0.5186658923657809,0,148,0
2,0,13,0.44941056239472343,2,79,0
34,0,21,0.8186158770520163,5,111,0
13,3,19,0.2640686153823563,12,2,0
2,3,17,0.8540338163423343,2,165,0
54,7,11,0.39115855645427255,3,8,0
11,2,17,0.37897026504870923,11,154,0
42,2,21,0.8494752484975825,9,41,0
17,6,15,0.40444489925943894,16,93,0
50,3,6,0.7247099010741387,1,82,0
4,1,19,0.5306343533250759,1,134,0
22,5,20,0.46750172639666965,14,177,0
50,3,8,0.25340040468559555,0,146,0
33,0,7,0.8339499325396337,3,131,0
37,3,4,0.3135138237407994,1,81,0
14,3,23,0.699119668279902,2,77,0
40,2,5,0.2446869803176529,10,135,0
27,0,10,0.08265053879864308,0,85,0
53,1,21,0.5663309670184464,0,136,0
12,4,7,0.46172154519814096,8,170,0
61,0,8,0.4273988249081717,3,159,0
57,0,10,0.6240384739537114,12,53,0
12,5,6,0.08035948218486705,10,79,0
46,7,4,0.2950015450290334,13,44,0
2,6,11,0.9851661685563902,1,52,0
16,3,17,0.8458750026477796,3,142,0
11,0,14,0.5546509948858627,0,58,0
64,0,23,0.24118731887643471,6,70,0
61,0,4,0.6853462825400879,2,33,0
28,3,23,0.39004943023212685,9,83,0
52,2,7,1.0,15,1,0
63,2,10,0.8818568721681126,13,132,0
36,7,22,0.4640986083389344,9,93,0
20,7,21,0.5760099257970525,12,47,0
62,2,22,0.6436243988503632,3,133,0
4,4,19,0.588555720975494,4,127,0
16,1,20,0.7385020952257547,1,11,0
12,6,10,0.9068111491013559,11,47,0
24,0,21,0.779862469858607,2,104,0
21,2,22,0.8453110420822242,4,1,0
37,3,19,0.7320237777494703,5,152,0
41,3,8,0.8382073867920059,6,148,0
5,0,17,0.32329270713595193,5,124,0
50,7,16,0.7865232440357307,4,111,0
16,2,8,0.9505091494749378,11,14,0
36,4,6,0.5801929432344041,2,81,0
43,4,23,0.9856244955952251,10,131,0
0,3,10,0.6316411034905263,0,85,0
32,1,19,0.3970135910574544,5,83,0
4,0,16,0.8037580410907509,4,69,0
56,7,14,0.990940778531504,8,133,0
18,5,18,0.9232120229218784,2,124,0
5,5,10,0.2012230358555803,5,49,0
51,5,19,0.3572478459063767,11,101,0
53,5,5,1.0,3,44,0
8,3,9,0.7431550009891323,7,19,0
2,4,13,0.0,2,6,0
52,5,6,0.7257247571283908,0,79,0
61,3,12,0.1365319008352041,11,65,0
28,2,16,0.2406191024120599,10,127,0
26,1,8,0.16776383486691274,1,85,0
44,4,6,0.5381151271733214,1,172,0
31,7,6,0.6694104574626834,2,2,0
29,3,9,0.28868696539002847,0,60,0
29,0,6,0.0995461717849555,1,80,0
56,6,8,0.9885925682905936,12,115,0
15,5,11,0.9138934349538866,6,51,0
1,7,7,0.20736253703784452,1,50,0
35,0,14,0.6092077050828847,12,142,0
8,3,6,0.5368464645079312,8,154,0
61,1,12,0.950810780831188,8,131,0
54,3,18,0.9002999440538375,2,95,0
14,7,14,0.5731970285008137,0,119,0
57,4,21,1.0,1,111,0
46,5,16,0.5754258647016104,7,98,0
37,1,15,0.6397174258442043,10,143,0
48,1,13,0.40802967150572433,2,162,0
1,4,12,0.6605423763766202,1,41,0
44,5,20,0.010462436021720894,11,139,0
14,3,14,0.9686626698738982,1,20,0
33,2,21,0.812067297146661,9,178,0
8,0,7,0.3832113202280326,8,158,0
48,0,16,0.8633259543496247,14,55,0
14,1,18,0.17302378416333467,8,10,0
17,2,14,0.19441143297084382,17,9,0
41,4,7,0.40487951643513087,11,133,0
12,5,22,0.2884132856665918,11,107,0
41,4,10,0.46458201631346463,0,176,0
32,3,18,0.8584594351716647,14,170,0
12,1,7,0.34890632058443627,4,166,0
15,4,18,0.4669541664379625,15,92,0
58,2,13,0.4494750727240516,7,136,0
37,2,6,0.9419536513720399,8,166,0
55,4,7,0.4609250140995841,4,163,0
41,2,4,0.2883456554058098,3,87,0
63,5,10,1.0,2,51,0
27,4,8,0.07369731284090844,5,173,0
45,6,15,0.6695818437360359,2,43,0
9,7,3,0.9758218489255015,9,50,0
38,1,6,0.16797061305426061,10,139,0
49,0,20,0.14380466164640096,15,56,0
16,7,7,0.4871579786764216,13,157,0
59,5,17,0.5270943487080034,5,4,0
8,7,7,0.5067910148977949,8,59,0
36,6,8,0.830431214351566,6,117,0
50,0,7,0.5903414005965598,4,16,0
26,2,23,0.5152548894967552,7,85,0
6,7,15,0.6581673671290521,6,39,0
13,3,8,1.0,13,113,0
52,0,12,0.6054741035132238,5,37,0
12,6,9,0.7067936210544083,8,47,0
36,1,18,0.007449213042844419,10,90,0
32,7,5,0.6520680751365457,6,90,0
3,7,14,0.5993146202856695,3,39,0
23,0,22,0.16092940750553925,11,80,0
36,3,12,0.2606191083264511,0,15,0
5,1,19,0.8745794486984858,0,1,0
41,1,5,0.5534524588368247,13,50,0
8,7,9,0.6398490545889821,1,73,0
51,1,13,0.42843421588749486,1,145,0
31,4,10,0.16278700413906302,2,75,0
18,2,10,0.5594108829921307,13,68,0
51,0,19,0.6737284830592022,3,124,0
37,0,5,0.903829096130996,6,132,0
30,3,4,0.3176255259607209,0,93,0
30,0,13,0.021330190437731142,0,66,0
46,4,15,0.7563136478374575,14,134,0
45,5,5,0.08959404626988442,9,72,0
4,7,20,0.029433937779576536,4,80,1
34,1,17,0.5841120792028038,12,47,0
4,1,16,0.8715955436196967,2,134,0
25,1,23,0.44260017077846214,6,175,0
29,7,3,0.8770298623829417,0,130,0
21,1,23,0.06292067184478364,4,6,0
30,1,23,0.5438368760656965,6,96,0
58,0,22,0.29675266864605443,6,143,0
9,2,20,0.8259707793136323,9,50,0
40,6,18,0.18797117140119313,0,79,0
64,0,13,0.6076010134196301,4,150,0
54,0,20,0.7837402043636252,5,124,0
37,7,8,0.8240861955183187,3,27,0
33,5,4,1.0,5,174,0
58,4,6,0.6951239342322634,0,163,0
18,0,18,0.49094008709710923,9,101,0
43,6,10,0.9014518468990096,2,102,0
17,2,19,0.7068120736193905,17,34,0
23,2,5,0.2601174351734606,3,53,0
58,5,13,0.11064262320320865,11,80,0
14,4,22,0.5749364657792033,9,122,0
13,0,4,1.0,12,114,0
42,2,22,0.31769028903445096,3,136,0
9,0,13,0.9946514021095194,2,9,0
1,2,17,0.2608759639091133,1,100,0
56,0,15,0.4026750560188703,6,56,0
4,0,4,0.7450591471539919,0,9,0
24,4,10,0.39001105042192524,0,55,0
11,7,5,0.5832537104515165,8,56,0
23,4,23,0.9522474374262916,4,145,0
15,5,16,0.1833168208063872,15,122,1
53,6,16,0.1550373520270072,12,58,0
21,4,21,0.8254826804281467,12,62,0
29,6,15,0.12771153662207171,0,22,0
5,0,18,0.9255298643736773,3,80,0
39,6,2,0.6545290459920675,0,155,0
39,2,21,1.0,7,145,0
24,0,3,1.0,0,10,0
57,7,10,0.965064200420383,13,149,0
16,4,15,0.3863467148825962,16,27,0
37,5,1,0.9496006019197496,9,160,0
20,4,6,0.7991798738021169,12,1,0
1,1,17,0.9933699935420506,1,148,0
56,5,23,0.23666855661686695,6,13,0
18,0,23,0.6764307171634061,15,42,0
48,4,6,0.712506308725532,0,75,0
46,4,14,0.34970537193336193,9,106,0
52,0,20,0.8634584287421161,15,175,0
42,3,22,1.0,9,133,0
17,2,3,0.5293440479222192,3,159,0
42,5,5,0.4820510978567993,5,128,0
31,3,8,0.2792138160297476,3,61,0
28,4,23,1.0,2,147,0
18,7,16,0.9959996792381387,0,160,0
54,7,18,0.8619016518855054,0,10,0
60,0,8,0.6778735082106792,4,37,0
44,0,22,0.9203868417139147,8,183,0
9,7,6,0.6575048376766102,5,82,0
32,2,7,0.2771785411722693,2,96,0
39,1,13,0.6594600296561497,12,166,0
6,2,21,0.6227946575187224,6,130,0
4,0,18,1.0,4,29,0
11,7,15,0.22730070542631814,2,146,0
35,1,17,0.6343120185172665,6,193,0
9,5,14,0.8331941709074289,5,175,0
45,3,18,0.8847810086009426,11,54,0
29,1,20,0.8114479735156855,2,143,0
51,2,16,0.16546291884386355,10,64,0
44,7,15,0.2805910480067345,9,122,0
39,6,4,0.12321528251344263,11,62,0
21,7,16,0.14754829936351901,18,118,1
57,0,22,0.36150011680562866,14,105,0
39,3,22,0.8418383243102223,3,112,0
65,1,6,0.607248942705886,7,37,0
11,0,11,0.5860606224757674,11,164,0
47,0,13,0.5305642957822964,5,158,0
43,0,14,0.6851326607195249,5,50,0
12,6,21,0.6219978350346873,12,102,0
26,0,6,0.6010747133750814,10,157,0
14,2,6,0.7962462685680275,14,9,0
16,3,10,0.4286160938995723,13,72,0
27,0,16,0.848243353099125,14,43,0
9,1,5,0.578750052033122,9,162,0
11,2,20,0.8870783340267304,0,1,0
23,0,8,0.12558423770878113,1,96,0
13,0,19,0.013881182518172941,13,24,0
58,5,20,0.049994320956163726,7,18,0
0,5,10,0.7055571448550952,0,69,0
7,0,14,0.37344124584410454,6,111,0
32,2,19,0.9964464947209989,1,90,0
47,1,19,0.5475424651956501,8,150,0
53,5,17,0.30549297345530657,11,93,0
15,1,6,0.7579657059286298,13,102,0
13,0,16,0.9160637090148194,12,41,0
51,2,22,0.6621663328443991,1,144,0
56,5,10,0.6793757408386176,11,38,0
26,4,20,0.46136010572189323,13,8,0
52,0,20,0.4187233992505001,7,55,0
0,4,10,0.6214533049738236,0,69,0
9,2,22,0.5461811178184771,8,138,0
3,3,16,0.5128146196381728,3,64,0
22,0,8,0.5222703308754212,8,174,0
47,2,4,0.11069601281122782,7,172,0
18,7,19,0.33445743084950785,13,87,0
52,7,16,0.9603672234662068,7,116,0
24,4,21,0.961163237521825,5,155,0
34,5,22,0.3979693634838231,12,161,0
47,1,10,0.8459055829522983,4,98,0
5,0,23,0.41889088754134485,1,108,0
38,3,5,0.5868694956598469,9,37,0
16,0,5,0.6844095155544155,10,125,0
25,1,9,0.5490366116420938,5,57,0
17,7,5,0.8863452261106245,7,65,0
9,5,3,0.9850745207978026,9,42,0
13,1,8,0.5647921258334317,9,171,0
24,2,17,0.5456300902744429,11,18,0
21,1,8,0.4128806265360428,4,108,0
21,3,4,0.596091297882159,13,40,0
7,0,8,0.7693682852638292,7,132,0
11,6,6,0.08236467019040741,10,78,1
4,3,16,1.0,0,186,0
28,4,4,0.7385932954529196,15,34,0
34,0,18,0.6896204419271782,10,41,0
26,3,20,1.0,6,160,0
55,1,16,0.23441184124336853,12,70,0
6,2,15,0.8941146945069048,0,1,0
52,6,17,0.3554024493323483,8,101,0
46,4,12,0.46292857127769005,1,157,0
48,4,13,0.10339773310029168,8,163,0
25,2,23,0.6272675669284737,12,92,0
48,4,7,0.9502150259577998,0,75,0
23,4,11,0.5163008105737774,5,68,0
5,6,16,0.8518731045936244,2,41,0
30,5,23,0.22593249848027655,6,103,0
19,6,17,0.022232619339246973,13,117,0
34,6,22,0.8597017145034581,9,135,0
48,6,12,0.2854160924060342,3,27,0
27,2,12,0.04947141897220954,2,97,0
49,1,11,0.6048052495655899,8,77,0
34,6,8,0.2905016122792484,9,58,0
18,6,10,0.89595733029785,10,33,0
5,2,14,0.5522723337735673,0,56,0
22,0,3,0.5486518956393874,7,160,0
54,3,8,0.8674511273050077,0,60,0
24,1,17,0.3726283519295853,1,158,0
26,0,20,0.9743848238880596,2,76,0
18,1,11,0.46681207665895424,4,166,0
13,0,18,0.9119605032742968,9,41,0
11,0,18,0.2810870582521011,11,140,0
30,0,16,0.4533312253945458,10,65,0
34,6,12,0.3053053264776813,0,28,0
4,0,22,0.44764783554420473,4,115,0
19,6,16,0.3931385534940039,3,52,0
68,3,8,0.5592765968137561,3,151,0
39,7,20,0.12013246811354358,0,82,0
46,0,9,0.691198038006734,1,148,0
27,0,23,0.46571398192699803,8,104,0
36,4,23,0.5947083802522242,6,91,0
42,4,20,0.8024180943561792,2,156,0
73,2,6,0.5631369773148981,2,174,0
21,7,5,0.21109821342461801,7,171,0
15,5,7,0.6972215989683679,10,107,0
60,0,19,0.11018274085437543,11,51,0
12,5,22,0.3220058900698306,0,13,0
12,3,18,0.6120701992572888,7,60,0
2,3,19,0.9661430059092425,2,27,0
18,6,14,0.7516728929915045,7,163,0
15,7,9,0.4810466174580348,15,129,1
52,0,18,0.4547426253954745,5,59,0
21,5,7,0.8109421462686415,6,65,0
14,6,6,0.6285851206678635,6,53,0
2,0,4,0.6233139072353712,2,21,0
43,3,11,0.571768239223405,6,23,0
2,7,10,0.8204520220436133,0,35,0
36,6,6,0.9620815220865748,3,54,0
46,2,1,0.3234053426528498,4,15,0
13,0,12,0.8594517017977732,3,1,0
4,6,16,0.7621548657996288,4,43,0
56,5,6,0.7178799014824009,2,60,0
13,4,18,0.440781684352615,13,32,0
33,5,5,0.803201363896625,4,154,0
23,7,18,0.5666264373577778,15,116,0
10,3,7,0.30497309562071945,10,155,0
10,0,22,0.0,9,74,0
44,2,22,0.7613957647635157,1,102,0
16,7,4,0.9764189476170992,12,50,0
17,2,8,0.10159512652566488,6,77,0
41,1,5,0.14725477275771415,1,85,0
41,4,9,0.7322056188610017,17,140,0
9,0,18,0.8780104206076388,0,82,0
23,4,17,0.41582562807715356,12,97,0
37,3,6,0.462089088260887,2,151,0
23,5,19,0.39288151953621425,7,66,0
17,6,17,0.8907554829790436,6,130,0
3,0,23,0.6027440067525488,3,100,0
53,2,23,0.18821267915056977,7,3,0
46,6,6,0.316600678671457,3,4,0
36,4,2,0.8859394285356579,6,141,0
11,7,23,0.6778882405038351,7,84,0
31,3,6,1.0,2,131,0
46,1,6,0.6944028010478623,11,159,0
14,7,6,0.6671763781926383,14,114,0
45,0,12,0.5522837391478473,10,147,0
42,2,12,0.343456309922519,3,156,0
5,0,21,0.6003245985028854,2,120,0
61,1,5,0.7770620774368612,4,14,0
66,1,2,0.6367560964675141,0,158,0
49,6,8,0.6372888148059871,2,149,0
9,7,13,0.706733225199788,2,60,0
13,2,2,0.5026227537384784,10,162,0
30,0,21,0.01823249191801471,15,144,0
54,3,21,0.6558573260932139,15,177,0
23,5,17,0.45175344352249047,2,54,0
46,4,18,0.5672449317359533,11,51,0
42,0,5,0.07469389769431915,8,176,0
19,0,10,0.35372658816563507,2,78,0
60,7,23,0.15143350193916288,7,8,0
34,7,10,0.9599398192199619,10,60,0
20,1,22,0.17881142939764788,14,154,0
7,2,6,0.4593290766206397,3,103,0
47,0,17,0.1984685049467298,12,114,0
3,6,21,0.22338909360876533,3,67,0
3,7,16,0.0855503237543124,3,145,0
47,7,18,0.41016757083067534,6,101,0
19,0,15,0.910733745592403,11,29,0
45,7,4,0.7350000872350414,2,153,0
19,0,10,0.46192350712995006,1,89,0
49,0,7,0.584232827726773,5,28,0
23,2,16,0.44975891100757287,11,20,0
14,1,18,0.8591783991215365,0,59,0
57,2,5,0.15521282409894233,7,77,0
32,7,5,0.8034159369204185,13,53,0
33,1,17,0.7046095159721342,12,52,0
11,1,9,0.24467338577486825,10,56,0
21,4,5,0.44153681072002254,6,115,0
0,4,8,0.560936664513403,0,49,0
41,7,4,0.37054111968457004,1,155,0
9,3,17,0.6811000330879491,3,17,0
7,7,15,0.72710752905126,2,40,0
54,5,18,0.6454367152202989,2,98,0
12,4,6,0.15001669406504384,11,81,0
41,7,5,0.10418363109091089,1,65,0
20,5,10,0.4176092622251229,10,163,0
48,0,21,0.8304862502236662,8,25,0
46,1,8,0.6936645815526586,1,66,0
22,0,23,0.8867382272424542,14,50,0
4,2,22,0.1818906150180966,4,97,0
33,1,23,0.9099907705548873,4,136,0
65,7,23,0.8748168132388253,8,180,0
28,6,6,0.5234789242027612,8,89,0
12,5,20,0.3943274817645049,4,18,0
28,1,18,0.8044532661432506,6,106,0
40,4,22,0.24901845644885173,0,148,0
42,3,20,0.9966595458438533,7,35,0
22,5,17,0.1281203915004637,6,18,0
48,3,9,0.42598445023873277,4,156,0
60,1,12,0.9564751751467521,6,138,0
26,1,21,0.7757904471910124,5,177,0
55,0,16,0.7423964844491054,2,136,0
23,0,8,0.08694232912699135,5,110,0
30,0,20,0.6293797481352574,10,33,0
58,1,9,0.601006950482589,6,39,0
22,3,18,0.9070659272863606,4,126,0
57,2,12,0.8030315800493242,12,112,0
2,0,19,0.532804685572913,0,114,0
12,6,9,0.7376589530674829,9,45,0
30,4,10,0.20699039098183208,2,68,0
0,3,9,0.7831024631880292,0,67,0
67,6,6,0.6088820419422695,12,50,0
20,6,11,0.16691202584935652,6,80,0
30,0,17,0.25447356020944006,9,101,0
43,5,19,0.6139730598817309,8,123,0
10,0,14,0.2312608174906662,2,150,0
18,2,6,0.5949610641592346,7,90,0
20,2,20,0.3484443767819547,11,19,0
31,0,2,0.9899802587671768,1,27,0
19,2,14,0.7286761219122591,5,26,0
35,4,10,0.512990264885387,11,59,0
58,1,17,0.7503053283206895,4,113,0
0,1,15,0.8982900370325105,0,142,0
34,7,6,0.9889882973025753,1,119,0
41,5,6,0.5055807651398173,6,184,0
28,7,20,0.5405955749733857,11,33,0
38,6,14,0.013820347204796884,1,35,0
29,3,10,0.4322961054709331,5,68,0
7,0,18,0.5510942409134021,7,107,0
56,7,15,0.9052388044046741,6,113,0
29,0,23,0.13168119062483474,14,157,0
19,6,22,0.3177583704076954,11,181,0
7,0,19,0.6357825706507199,2,111,0
53,2,22,0.8343204883187899,12,159,0
20,4,4,0.23204885145999724,9,96,0
6,1,16,0.9814770081932773,5,158,0
3,1,18,0.4593817643488667,0,107,0
58,4,8,1.0,1,24,0
53,0,8,0.9059269666997968,12,5,0
51,0,18,0.8172405342744397,3,140,0
20,0,18,0.9374849731181525,8,111,0
9,1,19,1.0,0,89,0
54,4,14,0.26256040716172335,11,54,0
5,7,16,0.5690390623235098,5,75,0
54,3,12,0.608625415268132,11,129,0
59,0,11,0.6035024839113514,5,41,0
56,2,21,0.8573183447689966,10,164,0
1,6,18,0.10347310791044945,0,46,0
57,3,6,0.1752197995129643,0,147,0
29,0,8,0.37706922968332024,6,121,0
49,5,16,0.14940543831461273,8,159,0
30,4,15,0.2066597448200157,7,115,0
7,4,15,0.8705366981840374,7,175,0
51,5,20,0.15616694536414796,7,6,0
48,0,22,0.949119979369785,13,171,0
29,2,9,0.5709797019714389,3,139,0
35,7,5,1.0,1,3,0
9,3,12,0.64392725755509,0,84,0
60,0,15,1.0,6,118,0
55,5,7,0.605319008681552,6,151,0
61,7,21,0.8628343055330794,5,175,0
24,1,15,0.5931956325525314,9,59,0
16,0,20,0.1883620802660259,16,139,0
21,7,15,0.9176581731056023,9,129,0
62,0,12,0.7519565264104562,5,147,0
31,0,5,0.16259666734079042,1,79,0
34,6,5,0.9274099067875151,3,124,0
48,0,18,0.4254421597213877,3,158,0
55,3,22,0.6283557250855244,3,140,0
28,3,1,0.20519341101227154,7,168,0
32,5,6,0.5222957718694489,6,67,0
47,4,11,0.46594069641684954,6,59,0
8,4,7,1.0,6,53,0
29,0,14,0.5940693946226444,15,98,0
9,0,13,0.8386672364399,6,8,0
11,2,7,0.6836906649270573,7,93,0
52,6,19,0.7432574254194395,4,131,0
20,5,18,0.4726859119668983,12,46,0
27,6,13,0.09813145917098356,0,35,0
5,1,23,0.17742127852144246,5,91,0
11,1,22,0.7268111959851732,0,5,0
43,4,7,0.5376801206428028,2,142,0
34,0,18,0.6772474796968804,12,102,0
10,1,7,0.4328440519996589,6,78,0
30,4,7,0.24385714118091006,0,37,0
18,0,20,0.7231928909695832,9,101,0
53,0,10,0.34292840022389726,9,61,0
18,7,16,0.9487291152901931,7,162,0
36,0,17,0.6037179412825031,4,175,0
11,5,7,0.6058500304167012,11,80,0
23,1,21,0.9062456990221539,7,165,0
47,7,15,0.33197733517078754,9,132,0
17,1,19,0.38519640673140804,2,176,0
26,0,21,0.5239265510487202,9,107,0
65,2,19,0.5762529672990339,14,171,0
4,0,20,0.141807816141763,4,143,0
4,1,16,0.8351596711130774,4,128,0
19,0,6,0.9509891046470511,13,99,0
30,5,12,0.6274973264245615,11,60,0
8,4,21,0.7919287621151905,8,58,0
49,3,5,0.5405655647907274,7,186,0
58,0,12,0.811136774475343,15,41,0
43,6,13,0.7603268659453241,9,15,0
13,6,6,0.8547972529193472,5,44,0
16,1,21,0.7025763853363158,1,95,0
41,1,11,0.6623825766868301,0,143,0
35,2,18,0.2074308175766182,2,145,0
23,2,19,0.8118814687559699,9,56,0
15,2,14,0.18569177279202545,12,6,0
35,2,23,0.5990744324079145,13,113,0
31,3,8,0.45579288159899406,14,59,0
22,7,16,0.6065745516562953,11,21,0
32,6,7,0.35330944787014695,1,49,0
58,6,19,0.8886940730002328,6,169,0
59,1,7,0.30018641237781124,14,111,0
42,1,9,0.7857808685742396,1,143,0
31,5,11,0.1738915241717384,0,82,0
17,0,12,0.7249838087269886,3,64,0
19,2,8,0.12947360164891303,8,165,0
15,4,17,0.881962554851315,0,150,0
14,0,4,1.0,13,101,0
1,1,15,1.0,1,115,0
18,1,13,0.861828898322731,0,39,0
4,3,12,0.7398552353050141,4,128,0
9,0,12,0.45705953263797305,0,41,0
20,5,10,0.13106625678420314,8,163,0
57,2,5,0.2629709175112149,11,124,0
7,4,14,0.6197997632467276,7,49,0
13,4,10,0.0,11,86,0
19,7,19,0.47835254030443486,0,110,0
24,0,23,0.27202784625221044,11,146,0
32,6,4,0.7090769085443975,8,32,0
16,0,14,0.909669817365461,16,30,0
15,2,10,0.24655080031793844,7,168,0
45,2,23,0.8995645488717395,9,135,0
31,6,11,0.9434317396431979,2,102,0
30,5,10,0.37977766973640903,5,83,0
21,7,12,0.6498892643224292,9,74,0
56,5,19,0.65451177295711,13,182,0
4,0,19,0.5944722021619966,4,131,0
19,2,21,0.472505685738282,12,111,0
35,7,21,0.592731631956491,9,103,0
36,3,4,0.051759723360609716,9,148,0
30,2,17,0.32814472247546944,10,10,0
11,3,8,0.4524926866289577,11,127,0
18,1,13,0.3284247833933514,4,148,0
35,3,6,0.7118840852051356,5,116,0
13,0,11,0.5957961489717272,7,83,0
44,1,18,0.2613736359397981,2,139,0
40,6,19,0.14185870226840328,0,90,0
9,0,8,0.5209916560243076,9,172,0
40,4,23,0.39871505773343163,7,80,0
34,7,19,0.1427670011156479,1,82,0
49,7,18,0.32462778772509965,10,91,0
42,1,6,0.16507040105052212,10,150,0
68,1,13,0.7996898400391459,4,164,0
66,2,18,0.7676268108080957,14,157,0
62,0,1,0.8860685735115099,0,144,0
28,6,14,0.17572864718929185,8,132,0
16,2,6,1.0,13,22,0
44,2,16,0.9094485402657424,14,145,0
41,7,17,0.6643829179166874,16,164,0
38,2,14,0.3179999829445052,0,141,0
45,6,8,0.19369309877619834,6,82,0
34,7,11,0.1968791361651907,0,40,0
36,1,18,0.5118952105013583,7,104,0
0,1,13,0.28046027858926537,0,74,0
39,2,4,0.06632119606947331,6,142,0
57,6,11,1.0,10,103,0
18,1,4,0.21853054517933493,2,98,0
22,0,12,0.5395513443581768,8,109,0
45,4,5,0.08816611185646939,1,97,0
29,3,15,0.8445991904827252,10,36,0
8,5,18,0.41366147913673335,3,6,0
44,0,9,0.7249198588853327,7,71,0
37,3,7,0.3197175678559524,9,148,0
26,1,14,0.3586638085443146,0,171,0
49,5,17,0.7301217324573769,14,159,0
10,4,6,0.23617787309370572,10,93,0
19,0,9,0.5435323277740635,3,76,0
52,0,17,0.875052379836653,14,179,0
54,2,10,0.4562423004157009,7,157,0
27,0,15,0.5680194002965211,14,115,0
59,1,11,0.7552522945002075,11,137,0
29,7,14,0.7789310439337142,7,129,0
49,2,9,0.7285955897385524,1,46,0
66,1,12,0.6426728489226409,9,160,0
4,4,19,1.0,4,2,0
22,4,22,0.6362157921547054,4,78,0
33,2,18,0.07680611247059813,11,95,0
14,6,8,1.0,13,42,0
28,1,20,0.4774016595988355,12,32,0
43,1,9,0.5913771147850863,14,28,0
36,0,20,0.596791569655833,3,174,0
38,0,9,0.9333818484529871,6,80,0
35,0,18,0.4390040502340261,7,109,0
5,1,17,0.0,5,1,0
20,1,19,1.0,7,159,0
44,5,5,0.5244579368846873,5,108,0
41,3,4,0.048701726813044396,9,138,0
6,3,20,0.42640368411769547,6,129,0
58,7,18,0.878645391052082,6,161,0
4,2,11,0.8271630288960059,2,28,0
24,4,21,0.3375343469782894,13,173,0
46,6,15,0.20664528869688725,12,105,0
13,3,12,0.15227639477460325,12,1,0
45,2,18,0.6970138573675286,2,141,0
12,2,5,0.12103901285150397,11,73,0
6,0,16,0.5172048080181793,5,103,0
42,3,23,1.0,2,112,0
8,7,8,0.6035816983953808,2,75,0
43,0,6,0.7749271181456985,2,138,0
36,4,7,0.42579415075101634,10,67,0
35,5,18,0.16428882712449006,0,74,0
63,3,17,0.5258204450422664,7,22,0
37,0,15,0.541431897104824,8,137,0
12,1,4,0.965340521535369,12,128,0
10,0,2,0.96359524857798,8,111,0
27,2,4,0.3514973526418207,5,136,0
24,2,14,0.8645075698230017,9,45,0
50,5,12,0.9501320666318838,12,148,0
20,1,21,0.4538831937111388,12,142,0
44,3,3,0.38771790380305426,7,189,0
0,0,19,0.9687390979657117,0,72,0
55,6,23,0.11002601728295647,6,11,0
30,6,9,0.2875724606661878,2,159,0
28,1,7,0.9341842238135154,5,129,0
16,2,22,0.6618498480005631,14,161,0
58,1,8,0.8825956241955907,7,132,0
6,2,15,1.0,6,188,0
26,2,17,0.36635561831451413,1,165,0
35,3,8,0.4945282432616391,1,79,0
38,7,6,0.20231545346776122,13,40,0
19,5,10,0.512970654590959,4,119,0
32,0,18,0.31170603257863405,12,71,0
8,3,9,0.6996649409793709,4,78,0
21,0,23,0.13642636761079782,11,74,0
47,5,10,0.3802092023186989,4,129,0
41,2,15,0.5360821700046814,10,138,0
42,0,12,0.5463229977701556,8,151,0
66,0,20,0.20252309913494237,12,103,0
15,2,7,0.21442211410028342,12,176,0
30,6,20,0.3285792521093903,12,144,0
39,1,4,0.0,5,140,0
26,5,18,0.5133253005004985,14,111,0
26,3,8,1.0,5,49,0
61,0,12,0.6480625783798571,7,124,0
44,5,14,0.07067910563996187,8,163,0
7,3,13,0.3979191758115115,0,84,0
42,6,7,1.0,0,155,0
36,0,20,0.9611780780256973,8,182,0
26,6,17,0.745573464196396,0,150,0
12,3,17,0.9309598245228264,0,154,0
13,5,21,0.12581987726748778,13,68,1
22,5,20,0.8531102696916509,0,132,0
52,0,21,0.6527167998702411,4,156,0
0,0,16,0.5702667674017513,0,43,0
18,0,7,0.6133060574873753,7,134,0
41,6,4,0.3136013771119036,9,150,0
51,7,18,0.32093928779215164,8,123,0
51,0,13,0.44115301978118787,9,154,0
51,5,14,0.9209787761541933,12,109,0
13,4,19,0.5248854153176992,13,81,0
12,3,21,0.1919555760852578,12,1,0
40,0,6,1.0,8,102,0
52,7,5,0.3171285932568282,4,165,0
36,6,15,0.19411874912946353,1,41,0
4,6,15,0.20403945130912546,4,157,0
50,6,14,0.6835159872049044,15,152,0
27,0,20,0.6895749023713305,13,91,0
56,7,8,0.12691732851463552,0,140,0
41,3,23,0.28167141058253103,8,98,0
59,1,5,0.8787517941069157,10,14,0
13,5,18,0.22770163127049714,13,106,0
27,3,15,0.8027029871588172,4,98,0
8,2,18,0.7850380822934845,1,4,0
54,2,19,0.22448194447153635,12,102,0
3,5,22,0.46759716739022067,3,19,0
6,7,10,0.9595249973651278,6,23,0
56,0,16,0.8742883984840667,7,123,0
21,7,17,0.41483620308965385,14,26,0
30,0,18,0.6508128875158938,8,176,0
52,5,14,0.406161116775347,7,1,0
15,4,21,0.9250810009398422,2,18,0
41,3,23,0.29216888743067915,7,81,0
16,3,15,0.89293338873582,7,125,0
24,3,20,0.530637340474696,16,101,0
13,4,22,0.7652417956372021,13,57,0
46,1,22,0.9491225357742817,14,176,0
1,5,10,0.7841305489019558,1,36,0
24,3,11,0.13413304506691417,0,98,0
14,5,3,0.4524780103013018,14,112,0
16,2,23,0.4829381190504439,9,100,0
20,7,17,0.26123620304022294,15,26,0
38,2,22,0.5408654414976125,11,92,0
57,0,7,0.8369404354869443,8,1,0
35,5,17,0.04426555605513552,4,154,0
22,6,19,0.4216131024655774,14,21,0
56,5,20,0.585413291667995,4,99,0
31,5,12,0.7792124472375794,3,106,0
4,1,23,0.005767197314402561,4,102,0
47,4,7,0.15838952268266931,3,163,0
38,0,20,0.9706061321373383,13,163,0
51,7,13,1.0,15,153,0
32,4,8,0.26964775613717773,2,72,0
50,4,7,0.7509117666229368,0,139,0
31,7,22,0.1857560914374536,0,75,0
9,0,10,0.41423554811045615,0,48,0
7,6,6,0.11343032907633577,7,44,0
11,0,13,0.19194818461294444,1,135,0
59,0,15,0.28328484206460774,14,74,0
44,0,18,0.8628360116967224,14,56,0
60,6,18,0.6607187546549026,2,93,0
61,1,10,0.6448589729368107,10,134,0
62,1,3,0.9668390589968954,1,159,0
8,0,11,0.9893832957843189,4,15,0
30,4,10,0.3092294834908899,0,27,0
39,3,16,0.27029661407665145,5,133,0
40,2,23,0.8213890858259258,4,110,0
5,5,13,0.711908125508443,0,17,0
35,0,21,0.695760873768396,5,183,0
13,7,12,0.9080217757184009,2,38,0
34,6,19,0.22705071821685574,2,60,0
11,2,21,0.6268484238612381,5,140,0
43,2,5,0.778858485952613,0,140,0
36,7,6,0.11289938918069646,12,63,0
12,1,23,0.09459441481772313,9,53,0
18,6,19,0.2654333948713385,11,98,0
25,4,2,0.1548254923854963,11,32,0
5,2,20,0.5983851409144088,3,148,0
27,0,23,0.5852404441364962,3,68,0
53,6,12,1.0,8,114,0
44,6,7,0.9753770789048547,11,83,0
15,2,17,0.3298893156259608,9,14,0
23,0,10,0.35815727833594274,4,64,0
38,0,5,0.8759203150996338,6,127,0
41,0,7,0.7128855784584004,2,93,0
45,5,20,0.14258413631986044,0,85,0
10,3,7,0.9352255474946345,8,9,0
36,1,21,0.09486783868414678,7,110,0
37,2,12,0.6816327614431867,13,145,0
45,2,18,0.9013335696137573,2,149,0
21,0,8,1.0,13,108,0
7,3,5,0.6376878624728057,7,54,0
16,0,23,0.7557794480577291,0,93,0
45,4,16,0.6290788063637761,19,139,0
23,3,21,1.0,5,156,0
37,1,4,0.3993430374329816,9,132,0
12,2,18,1.0,3,25,0
12,0,15,0.22193887956995692,2,137,0
2,7,15,0.30864215891805513,2,151,0
11,0,7,0.2741865135299305,5,72,0
7,0,18,0.15415728763110972,6,149,0
33,0,18,0.7620389776596896,14,66,0
28,3,21,0.3296951044481169,12,1,0
14,4,12,0.578329203343047,14,69,0
58,1,12,0.5066248367250148,0,69,0
14,7,7,0.44956400359603144,11,181,0
40,6,7,0.8593978442544655,7,134,0
15,2,16,0.8707570940016952,3,174,0
14,2,23,0.565663293972392,8,108,0
50,3,4,0.8694457970371376,0,111,0
32,7,9,0.18796262147885814,6,175,0
35,4,6,0.21429802022606265,6,68,0
61,4,1,0.27828439359737533,3,171,0
28,7,8,0.49735082422001237,11,151,0
24,2,10,0.20706165426921508,3,73,0
38,6,5,0.8735311131947378,0,9,0
19,0,20,0.3615697982576672,12,148,0
65,7,10,1.0,10,105,0
25,1,21,0.8167356663448142,13,189,0
24,3,22,0.8953795639541441,2,154,0
18,1,15,1.0,13,41,0
6,6,15,0.4774536632722389,4,37,0
29,0,3,1.0,4,149,0
56,1,5,0.043128550509256236,1,71,0
32,5,11,0.40122187854588687,3,163,0
5,0,17,0.44603447788135264,5,117,0
29,5,10,0.0,3,75,0
60,5,8,0.530751423145345,8,172,0
29,1,13,0.5380439817090367,14,103,0
17,2,14,0.3610737679365391,14,7,0
10,0,13,0.9026038711751003,5,1,0
8,0,21,0.8968791629227452,0,66,0
21,6,21,0.5393451949515407,5,112,0
0,4,15,0.48705400723622955,0,76,0
21,1,23,0.6137554754394421,10,104,0
18,6,18,0.6555824288013825,5,78,0
34,7,4,0.20156694414525597,15,56,0
15,6,11,0.5478633386221435,7,169,0
24,0,7,0.7845996297070261,0,36,0
46,7,2,0.5231422536723797,3,1,0
59,1,20,0.32932839170775735,15,103,0
43,3,12,0.5122480729865123,10,148,0
35,6,6,0.7779422232168769,3,18,0
6,0,17,0.36297627421195544,6,104,0
10,1,7,0.25240043697613007,10,174,0
56,1,12,0.9008889734611071,16,38,0
64,0,17,0.15545745086834623,11,61,0
55,1,14,0.46751658029984083,5,174,0
4,0,16,0.32428060609888365,4,113,0
6,6,11,0.7392180800711821,2,44,0
6,0,2,0.5979987452528237,1,23,0
55,1,5,1.0,0,78,0
41,4,5,1.0,9,150,0
15,7,13,0.31854485817086564,15,112,1
62,5,11,0.12188564490186388,11,99,0
24,4,23,0.2094406060354536,10,75,0
60,0,18,0.6199411743375752,3,120,0
67,0,19,0.7941680945277338,3,136,0
21,2,4,0.22879779949165052,3,100,0
45,2,23,0.8891003603237669,8,126,0
21,0,16,0.8956410809847837,15,46,0
29,3,5,0.028198995833248947,11,21,0
16,0,7,1.0,8,88,0
41,7,20,0.3739600429032246,8,101,0
24,0,9,0.04913867594759791,5,74,0
48,3,7,0.5967109190888018,2,122,0
34,6,22,0.7303183831890337,12,163,0
4,0,12,0.8724479892396674,1,23,0
7,3,19,0.7131043634829487,1,12,0
29,5,22,0.8952056049482969,13,166,0
62,0,7,0.6243090283774616,8,40,0
23,1,18,0.9147928138599916,1,65,0
25,5,2,0.13913464612536353,15,54,0
26,2,13,0.17186155457642852,2,105,0
48,5,16,0.8645000216074484,6,25,0
15,5,6,1.0,8,32,0
48,7,16,0.47756255082047766,7,121,0
50,1,12,0.5886333802592476,12,39,0
66,2,5,1.0,2,24,0
20,1,7,0.6296258856637129,13,53,0
43,7,17,0.9549540965598301,8,117,0
46,0,17,0.8903527231453842,9,24,0
60,3,7,0.0,0,155,0
38,1,7,0.2147540417022577,9,129,0
60,1,19,0.7982122031762,2,113,0
20,0,23,0.4816781236748313,9,108,0
19,0,13,1.0,10,33,0
0,0,22,0.8214964990265594,0,68,0
47,0,17,0.3958694289823851,3,57,0
13,0,13,1.0,1,13,0
54,4,20,0.578082010691313,8,7,0
20,6,18,0.9298931082224873,3,176,0
20,0,18,1.0,13,17,0
17,2,19,0.8939165142621849,1,142,0
41,2,10,0.11974769838859115,0,95,0
56,1,21,0.43289840826391696,8,87,0
22,3,22,0.7831482995270158,0,139,0
2,5,10,0.9493110463298606,0,74,0
50,5,10,0.6291641796783863,1,38,0
49,7,6,0.7441257637976207,0,63,0
37,1,23,1.0,8,121,0
15,3,22,0.5722088114828803,3,35,0
7,6,11,0.5857629226404834,1,38,0
8,0,21,0.5633656913756654,3,127,0
11,4,6,1.0,8,34,0
27,3,3,0.18955789240632873,9,178,0
16,0,21,0.7428471298807234,12,163,0
52,6,9,0.262127045361045,4,170,0
29,4,10,0.17804790681358,2,178,0
27,7,23,0.36220389165219746,13,176,0
16,2,5,0.6075856835483484,9,55,0
66,0,11,0.6840850474425171,4,48,0
31,7,8,0.6858023120898467,2,1,0
60,0,14,1.0,6,112,0
47,7,1,0.24274287058497612,6,71,0
37,1,7,0.9957787651291974,7,167,0
7,0,17,0.3536484748197509,3,128,0
38,1,18,0.9179651451287705,8,20,0
18,3,20,0.6713473588336435,3,10,0
43,3,6,0.14282264356063396,7,141,0
42,5,13,0.1393940151704193,6,159,0
4,0,11,0.7815421626053816,4,87,0
24,0,21,0.70354782889472,1,89,0
14,1,20,0.12324361973371283,12,144,0
39,3,19,0.8495460873688514,11,49,0
63,2,18,0.7018955384519912,15,153,0
13,6,6,0.3029447306862967,13,88,1
21,0,7,0.36584632105807613,4,125,0
15,7,14,0.675193546400388,5,174,0
53,0,19,0.6265118990050941,9,83,0
3,2,16,0.7802391299702353,3,147,0
51,7,5,0.37977461790696326,0,31,0
56,7,6,0.37559548900741613,3,158,0
37,5,21,0.7470032642945964,10,140,0
49,6,19,0.6736581143462178,12,147,0
12,7,3,0.7268913665112205,10,62,0
22,1,16,0.5212657783929171,0,177,0
27,2,23,0.4995572439443519,9,75,0
7,7,7,0.48469202353358615,7,83,0
43,4,20,0.35015623857988665,7,79,0
24,5,19,1.0,10,136,0
41,6,6,0.8982498340490428,8,75,0
12,5,8,1.0,12,46,0
37,6,8,0.0566892941423868,13,44,0
54,6,8,0.18771011637369905,0,144,0
5,7,14,0.4818642900905599,2,41,0
44,7,16,0.4088899316222151,7,115,0
16,2,20,0.6991429719340208,2,1,0
35,3,12,0.13461354155795144,3,94,0
38,3,17,0.614140001398359,11,47,0
9,4,8,0.5876153305586151,9,124,0
59,6,15,1.0,0,1,0
39,0,8,0.8428561631664763,0,133,0
54,3,7,0.892706139352515,3,45,0
13,2,13,0.5502751650834536,2,69,0
29,2,1,0.6931822735882724,12,51,0
37,7,12,0.2593526040680907,1,30,0
18,0,5,0.6025684248535653,10,166,0
42,7,9,0.4216872617492005,1,40,0
5,0,13,0.5510070799790837,5,56,0
9,2,7,0.5864145965613393,9,124,0
45,0,22,0.37390250476028697,5,113,0
8,1,18,0.14488575786304997,4,1,0
47,3,2,0.260050708081845,6,137,0
10,6,19,0.6186157024291629,2,71,0
32,0,18,0.04812507415770567,10,87,0
45,5,6,0.7484708289499664,0,72,0
45,2,8,0.4737514312256315,4,132,0
45,0,15,0.46293436941224375,11,158,0
34,7,4,0.26560753480884264,15,54,0
31,5,5,0.1850864639768748,8,183,0
9,0,7,0.6170630663723002,3,1,0
49,7,7,0.5707503102630355,0,161,0
39,6,4,0.34015318475616624,0,8,0
7,3,16,0.09649946199827729,5,9,0
10,7,23,0.3719192957225481,4,66,0
40,3,4,0.6839495597804331,2,35,0
34,0,21,0.8780629595154855,1,125,0
44,3,8,0.07944782562211933,0,90,0
60,3,18,0.789973316706797,7,126,0
39,2,8,0.43643484615173417,9,180,0
21,4,6,0.6526249550279526,4,108,0
17,3,11,0.6124312098161896,3,56,0
13,0,9,0.7160796576604312,1,19,0
58,0,17,0.8744886986796059,9,130,0
44,7,8,0.9587062228480296,0,145,0
11,7,17,0.5186954882464037,2,132,0
51,4,20,0.26234179888768,16,67,0
